date,product,contextFirstDate,contextLastDate,calendarSlots,observedSlots,nanSlots,contextSha256
2023-05-06,11,2021-12-10,2023-05-05,512,372,140,0fdca450b9e6af14062536e855834c50cfcd74bcb1c01a315ae5cb842bd779a3
2023-05-06,12,2021-12-10,2023-05-05,512,364,148,44474d11e02f85b201dacc1f8a7e5327914df71e2f10b027d26b9803062b0c6d
2023-05-06,13,2021-12-10,2023-05-05,512,370,142,7fb6f09c4af959172247a3f5f024c6ecfbfb1ffe8a6f3553c179499665d63b7e
2023-05-06,21,2021-12-10,2023-05-05,512,371,141,8bbc1a30e93693ab7c50a0892db44029fbd340e30692a94c80109639cf896274
2023-05-06,35,2021-12-10,2023-05-05,512,367,145,904c9381d45c01ad45e72f7bbaaae5a9ccefc3a72a974f0116b0298f1ffe30d4
2023-05-06,82,2021-12-10,2023-05-05,512,364,148,7c91159028a892b3bc35e44df98d9d9b92eba55c69be81567f8372c3af969c06
2023-05-07,11,2021-12-11,2023-05-06,512,373,139,fa451ca68625eff46272f631e5d01d79ef1f45a745c858c6035366c0fef5b655
2023-05-07,12,2021-12-11,2023-05-06,512,365,147,d04466bd275f1e024651be8a44c23a71f0dd16de96cc5920e3a44db532b9bccb
2023-05-07,13,2021-12-11,2023-05-06,512,371,141,be3f7874a628554da4528e39e9c972093574e11e89c65e24c527d81e69adf90a
2023-05-07,21,2021-12-11,2023-05-06,512,372,140,4f36a95917676bfcf388b763ffa90eaef6becebf3067a992e59979c9f24a4eb4
2023-05-07,35,2021-12-11,2023-05-06,512,368,144,e50ab9663a121c04d81850729c499fd800bea814cc9bb6734986aa5e3c26a122
2023-05-07,82,2021-12-11,2023-05-06,512,365,147,2cdcef5ec876dffafbc2d7999fcb3d5e99e3e68c50efcc4b46a695646d2b2643
2023-05-08,11,2021-12-12,2023-05-07,512,374,138,402a802031af8f6698f7776b1515ecabc9062c81cd2a3df610ebb95e75d6145a
2023-05-08,12,2021-12-12,2023-05-07,512,366,146,1e503e422b12fbfd065ce73a260c0f4e77959d0db53364a3f410222e27b53561
2023-05-08,13,2021-12-12,2023-05-07,512,372,140,5934be7345e741a7a4d7d05f73cf429b8f49d7ac5290b9c7df0754a585b0beda
2023-05-08,21,2021-12-12,2023-05-07,512,373,139,2d31e9db14c75cd3d4b22aae7cff52add828de7206676797c5cb2117645c9e50
2023-05-08,35,2021-12-12,2023-05-07,512,369,143,74c1c881a41f63dca12e399ee1c600030e90f432152d3023507690af7b360184
2023-05-08,82,2021-12-12,2023-05-07,512,366,146,59a99face7095402bde6e25ef479f7644ec062b40c68035ecf06bb5c6f179ab6
2023-05-09,11,2021-12-13,2023-05-08,512,375,137,86e71c49336cfd44a7798e77ac4ecba57c87ac3c55ca9c8c82cbfac52aab674c
2023-05-09,12,2021-12-13,2023-05-08,512,367,145,4155d8272f723a6c828d99c9dbb0cda1d90198b708b94733c423c1de899d5c16
2023-05-09,13,2021-12-13,2023-05-08,512,373,139,99a35795dc664298db7e47654f68ebb277d0bdd0c1e7f0b0d9943c719295963d
2023-05-09,21,2021-12-13,2023-05-08,512,374,138,46a7502024bcb459fec42fa8686b1ec35ce330a779caae935f787199f6d5e06e
2023-05-09,35,2021-12-13,2023-05-08,512,370,142,47c861759c21b4f15099361bfeaa275d8e0467dbe4a904e9a7021644ef8cd2df
2023-05-09,82,2021-12-13,2023-05-08,512,367,145,35555c0bcae2144d4d1b25893432441a4062ffa9f3d9ed3fac992abedbbb0cba
2023-05-10,11,2021-12-14,2023-05-09,512,376,136,cabf45e277de5f244b7407dd46792cd4609a0085838c54b7d9dead2c4157bc27
2023-05-10,12,2021-12-14,2023-05-09,512,368,144,f31209e74f772aebb945beb6822fdf40594d5d34d20eab072c481861ee42d308
2023-05-10,13,2021-12-14,2023-05-09,512,374,138,a2f6851a111b22cb68d248468b8639691a54f59a12a0e7b4bacae32a79272fde
2023-05-10,21,2021-12-14,2023-05-09,512,375,137,b10289701cbab1a79112ec2cf9c51e2f6c9250533b64b031dde865b8b089d549
2023-05-10,35,2021-12-14,2023-05-09,512,371,141,724033d76239b572a8f4f09071c959196e9bbb313af03f70f663371848b08fab
2023-05-10,82,2021-12-14,2023-05-09,512,368,144,2e6b4f7f18b6bdbb0dd0a0c1336ae20e7cdf862ff4f9a96a51327d5152348111
2023-05-11,11,2021-12-15,2023-05-10,512,377,135,2f2d83edb90232de03d05174efcc586455decb89ba410489799a15fd2fe56d3e
2023-05-11,12,2021-12-15,2023-05-10,512,369,143,a80f6ef1faa92d2cfa209346677ba1584058cb9de9aee7fc6ffae7ffebca3c8a
2023-05-11,13,2021-12-15,2023-05-10,512,375,137,4e6afdfc7ec77c05d2891f64fda784efb862181c5d6269c53bad21ab8c1ef407
2023-05-11,21,2021-12-15,2023-05-10,512,376,136,9bc807b4efc2363a56dff324858e598c6b6b643baa51d8703be32672666034dd
2023-05-11,35,2021-12-15,2023-05-10,512,372,140,92f8974e804a3aab62c79c1609c0338936f6dda536a27adeb4d3d185d44d18c6
2023-05-11,82,2021-12-15,2023-05-10,512,369,143,4f4f567c4d6d1772704daf1f86959043f64db22dd267b1c2553b47057e587b5b
2023-05-12,11,2021-12-16,2023-05-11,512,378,134,e1a945df30e4f5a0acfeaeebb5a5b3c15e9dacda16bd3bf59ee9d508a9ba1a47
2023-05-12,12,2021-12-16,2023-05-11,512,370,142,6b5d1be24e9606209cfd293c362c0561b93e5b5b3cc780553925a60c947f41bb
2023-05-12,13,2021-12-16,2023-05-11,512,376,136,b70271f36dea15bdf7d64c5e2506fe2cf5df8c4203751a0ce2c38cd663291a85
2023-05-12,21,2021-12-16,2023-05-11,512,377,135,4fca3384672995722a9f3ef6c8f01740e16bda98caeb840e27b8bcfb3dedc744
2023-05-12,35,2021-12-16,2023-05-11,512,373,139,075402963109b8c0463dfc3cc14ffa33ed749b2e8cbbbad9aef6b350879c7f9f
2023-05-12,82,2021-12-16,2023-05-11,512,370,142,1f4d5eefaf13d74b654c6aa340ba1b5894f605977bc8dafa38732131aa848a1f
2023-05-13,11,2021-12-17,2023-05-12,512,379,133,01512f1584756c3c83098fd8ef5c49a67c9e082e07c710dcc7ad9941cddd3018
2023-05-13,12,2021-12-17,2023-05-12,512,371,141,73c02ad36730ef8b84191b32fcdba47c94e81bddfcf70f348b2ec353d58f4c9a
2023-05-13,13,2021-12-17,2023-05-12,512,377,135,05d6fcc78a327a4e838f3a751bace3e72cb4c887995b0ff7486c4ae6f2bfb3f8
2023-05-13,21,2021-12-17,2023-05-12,512,378,134,ebbb92f841da788f93b3eb136f8583f1f6d777ca69c923a5613aa0c336e31557
2023-05-13,35,2021-12-17,2023-05-12,512,374,138,dc5f3a64563d4a195227e30069e09b2311a2109c6f919644ced2a461aff10cc3
2023-05-13,82,2021-12-17,2023-05-12,512,371,141,e5c78107df5cd25c5ff896ded2d07f364ab3161168172cde75cf3c188f41a501
2023-05-14,11,2021-12-18,2023-05-13,512,380,132,49adc15e8ce05d95acffe0192fdcab1736a39eb3f36ea6b2c2bd1bfda968bcd7
2023-05-14,12,2021-12-18,2023-05-13,512,372,140,c4fbcd6d38bf1873def2aebc321033d0832a7820f290f5b8a873d99137d857bb
2023-05-14,13,2021-12-18,2023-05-13,512,378,134,e7b3410160df2ab03af1407bf51d88800ffefe2341fd01d5b97f23152dcc1701
2023-05-14,21,2021-12-18,2023-05-13,512,379,133,d578548b088c5fc241b9d43eb14166da64cc5dc29a9af4bdb47488956410284f
2023-05-14,35,2021-12-18,2023-05-13,512,375,137,3012419b41fd0ddf481d052372de94442b2cd4159c816e72bed2a4ad5b653ccb
2023-05-14,82,2021-12-18,2023-05-13,512,372,140,b6fba7372a7be9cd84186186ae31df45a14d2fad00c8b3686dbc6b4f967490b7
2023-05-15,11,2021-12-19,2023-05-14,512,381,131,e4f2cdfacba61f67ba6a5e5e37fc432a9724df8cb920bb3cfeb45769cdffe0e1
2023-05-15,12,2021-12-19,2023-05-14,512,373,139,47dc6ab96d8f63ae2e63b208e988936b522b77778c7d33bc74fa0975b1d9ea62
2023-05-15,13,2021-12-19,2023-05-14,512,379,133,f9f122c6b2e043e7ae28033473d984da732c5eeb50f3c0512cb480ec1b8310bb
2023-05-15,21,2021-12-19,2023-05-14,512,380,132,7e0f8f9c1cb3386980e1b2662ead48d3807436e07e0d3a88207e5e8c65df618e
2023-05-15,35,2021-12-19,2023-05-14,512,376,136,d0c3d385587a4fc41c5e8dc7b61b521d557707ca987866734e20876ff14414ae
2023-05-15,82,2021-12-19,2023-05-14,512,373,139,c9e997fb182979c0961379db6530e41d6a1c120b95b71d4dacc7b7599910f318
2023-05-16,11,2021-12-20,2023-05-15,512,382,130,e6dde7e63ab59d0bf88d6d94f669f8c1d668346a2e709b5f2069738026205721
2023-05-16,12,2021-12-20,2023-05-15,512,374,138,cbad7f7654d938abf5deca5f2ef234548a79a1f6b052da8123a43c8b32827824
2023-05-16,13,2021-12-20,2023-05-15,512,380,132,d6624959b692d9ee139609758ddf25b486dc1b739ca5ded614da01d56e2d907d
2023-05-16,21,2021-12-20,2023-05-15,512,381,131,bf68b18eec24f7333e639b9b948eb002396b44affe7cbc6187b7978b65b3381b
2023-05-16,35,2021-12-20,2023-05-15,512,377,135,e03ff945d6efcb01b2510e087fc560a944d029a7771d135c3dad779327498809
2023-05-16,82,2021-12-20,2023-05-15,512,374,138,4948907e112fb600d866d8971ea0b487fef1aaf9bd128ae17c8f294a6c67163e
2023-05-17,11,2021-12-21,2023-05-16,512,383,129,de83557df8360f87d399e9d59cc1f14872a2dd3e924c9de9ef76ebff3027a8c0
2023-05-17,12,2021-12-21,2023-05-16,512,375,137,26519cbab6a8912a9bcc68883b312d61ea5ee7f61ed0186cbbcf0a8858ae37a1
2023-05-17,13,2021-12-21,2023-05-16,512,381,131,0c4ddf355e727d0a0a72e37aa63fec879ebfcbb799559bdc5bf00a51afdc203b
2023-05-17,21,2021-12-21,2023-05-16,512,382,130,fdb60f3d1f9e3722ee0e8e73b95d79cc9ac0be44e87ba8b88c970fb4c32bd678
2023-05-17,35,2021-12-21,2023-05-16,512,378,134,27a3efe6a9a497aaac73fb7084d5a01796d392f54ec997afc894b2cbb6f1314b
2023-05-17,82,2021-12-21,2023-05-16,512,375,137,bd8c4e9fd7cd5c5ebfd579432a87f9d5af08168b1cf406c469aaf01b30c3c852
2023-05-18,11,2021-12-22,2023-05-17,512,384,128,5a63f7c5c1a7c80711bf2390af5244c22ee49c1bb357f38ad29bcc90e35bb82f
2023-05-18,12,2021-12-22,2023-05-17,512,376,136,3724ea161b0502d41cc4fa7317fde9fd7991fc6fd9eb2f16e12b536934f6cebe
2023-05-18,13,2021-12-22,2023-05-17,512,382,130,94957a0ecf15c55757347bb74e67221de8fb31396db2991dcc8766cfa93a636b
2023-05-18,21,2021-12-22,2023-05-17,512,383,129,a93223ba92b3fea52947d0980d18f10530d8f73db42d29e7b0b48836257de819
2023-05-18,35,2021-12-22,2023-05-17,512,379,133,d877b920283c1bf75ba886f6528e7fe9f89f9ff610da78b05362ed73625214d4
2023-05-18,82,2021-12-22,2023-05-17,512,376,136,40a44ae76ad9034acb6f8ff22055e9df17f3f559921a44ebac7c987d2bab1898
2023-05-19,11,2021-12-23,2023-05-18,512,385,127,6917140631873cffa7340c39dc7eb6f39bebe6f8fd8333dd1af483c1d2b5bfae
2023-05-19,12,2021-12-23,2023-05-18,512,377,135,e43b039de4f10aecc255b90820c8fabee3f6e4de8e3ac2356a0ededaff124de8
2023-05-19,13,2021-12-23,2023-05-18,512,383,129,ef5c07675ba53e37cd9c9ff693c4e4d6f089e507b99feacbe6fdc0864daa0473
2023-05-19,21,2021-12-23,2023-05-18,512,384,128,ffd06b18957e93865c6f991890d82bfcdecfa574baca8f04b53aa1adb975a35e
2023-05-19,35,2021-12-23,2023-05-18,512,380,132,e1ef0e64e720264fb590131b3de5be179fe199a6e26db064c2346dfb7d567a5c
2023-05-19,82,2021-12-23,2023-05-18,512,377,135,46bd7f8e1b4a98add75eaedd22262f7921b33e7a00bb6693d65041b469b21287
2023-05-20,11,2021-12-24,2023-05-19,512,386,126,a4bfe570a7919407b8997d57c0b932fdb0437ac2db5254783f04b9ce1e165b66
2023-05-20,12,2021-12-24,2023-05-19,512,378,134,3f7969dd862c73caf1f8f3ca6539b129ff653bdd3ee940d4bcc9b74218626851
2023-05-20,13,2021-12-24,2023-05-19,512,384,128,8c38c6bd3487f55de49b513660f26c43700fef426066b37383a201f605579b5c
2023-05-20,21,2021-12-24,2023-05-19,512,385,127,bfe6a5c387a597ab441d661573e7ef7703255dcfb77189c1bab445a75458e5fb
2023-05-20,35,2021-12-24,2023-05-19,512,381,131,0c20ee2ec8b8d9a310a3b078e9a9fc9bafe7a68abb8ee552b31dac95df1a81ed
2023-05-20,82,2021-12-24,2023-05-19,512,378,134,63679574071cce6c9844d501b2b40e9a48e474330e8486991c683cbd73a60180
2023-05-21,11,2021-12-25,2023-05-20,512,387,125,cfc66bee46b2e916645de5e44d5be5a9e3f277b86368406ac77add824ab9c387
2023-05-21,12,2021-12-25,2023-05-20,512,379,133,7c717c7d16448b4e5b9da3f53b1804944f247eab2d646bd863e9281fdd36f25c
2023-05-21,13,2021-12-25,2023-05-20,512,385,127,c4037a03befafad095b7f9466a740fc86d76871bf1a1a9a94eeda2e833ffc402
2023-05-21,21,2021-12-25,2023-05-20,512,386,126,ccfddb241fea87523762854e8487f1f6d4311b9ad91619bc06855c6f9bc9499c
2023-05-21,35,2021-12-25,2023-05-20,512,382,130,bd9d5d6648346e01d8b01928a898cc3dee70d7b4f9bf17012462279be92800ed
2023-05-21,82,2021-12-25,2023-05-20,512,379,133,a28257bbd2f92f00d89554d891ac34f4829b11ce218e3ca6c0f37007b9c90518
2023-05-22,11,2021-12-26,2023-05-21,512,388,124,ac78c1ab723d539a1c65ad11843408a3726e2374bb0ad5d4fc13715546e7f826
2023-05-22,12,2021-12-26,2023-05-21,512,380,132,2a92c45fa63bd43e32707f0f5ec947128c62ee26dded4b879017b785cef01eec
2023-05-22,13,2021-12-26,2023-05-21,512,386,126,c8dabbaae37f6ff7f293671454ef0cb98a2281b5f0ef23930598824c2881a476
2023-05-22,21,2021-12-26,2023-05-21,512,387,125,0f63b01d1735628d24d47c466d7d862df703bf7b485a60688df3957ea038d9f9
2023-05-22,35,2021-12-26,2023-05-21,512,383,129,9a7c85a66c3041f5c4a032a38827ba6605962d4fe9c9ce756b0946ef88fa3447
2023-05-22,82,2021-12-26,2023-05-21,512,380,132,b7e4559ec2abecdca7c20904fb98e5843d7080e77b8d97d822e4a580b70e1a02
2023-05-23,11,2021-12-27,2023-05-22,512,389,123,98ef645c747f8af1ebde70629366fcc45438cbcbcbdbac32821a06b070f2eeb6
2023-05-23,12,2021-12-27,2023-05-22,512,381,131,6087983e66c8616f2685679590c244a434f0ba410928e3dfb96920734a0276d8
2023-05-23,13,2021-12-27,2023-05-22,512,387,125,62c406534b4ba1cdb9040bda2c4d4ab42d7678dd10dbad7814e82bcd57684d73
2023-05-23,21,2021-12-27,2023-05-22,512,388,124,2fe24f3309aeef9bded76720e4b1d362bcd61d3079b5a846dab2d95d0c34b9ed
2023-05-23,35,2021-12-27,2023-05-22,512,384,128,5da3f1be2d12a0eb49d401b27d582a39d83d49b82e72c33c2d7b5b143c1a6d49
2023-05-23,82,2021-12-27,2023-05-22,512,381,131,406094f49f1ad01d56d38606f8f3de08d7d8749fe633549713defc737b82d715
2023-05-24,11,2021-12-28,2023-05-23,512,390,122,8d3b162d96faf8d3749e5207b48135963f44b7cdb3d48947f6ec131d1034524a
2023-05-24,12,2021-12-28,2023-05-23,512,382,130,c6f297cd677c8840af20f684ca71abea4c4b29d32f8aa0807becd0de856ae10a
2023-05-24,13,2021-12-28,2023-05-23,512,388,124,5e755129c9d2d7963a0c65a23b131552c6fa2b7d8c02f1af9290df7898d16f81
2023-05-24,21,2021-12-28,2023-05-23,512,389,123,a67793c0d45ed7a5c8d3ff60ee47c1f9cc3b8c511b48491ea46714190fffc590
2023-05-24,35,2021-12-28,2023-05-23,512,385,127,4ea629d29c1f663eaba547d4051c5edbaf3cb083557b87bca1b575c3ddd2ed70
2023-05-24,82,2021-12-28,2023-05-23,512,382,130,c032b2d98cb4042ddbb4411b8605ddc881c688e8eb0baa06054f766dc8d06fd3
2023-05-25,11,2021-12-29,2023-05-24,512,391,121,f1ad40466caa38043e89eeeaec78cb141503d85ca925f057a25a27acfe22805d
2023-05-25,12,2021-12-29,2023-05-24,512,383,129,8522e3ab90e3e4438293484d5530eb94a87a6757534aeaa3b7e6e3a879e37d4a
2023-05-25,13,2021-12-29,2023-05-24,512,389,123,44e3450758a5874768a61ee690dac13af66273b92972de03d00a99425e2fec01
2023-05-25,21,2021-12-29,2023-05-24,512,390,122,e1f25e6a5019c4924e9cda3bd7c97645e906f40b65a448a02cee17a43f58d31f
2023-05-25,35,2021-12-29,2023-05-24,512,386,126,221afa7da19871ccc3f3a892e06d6f3ee5747619ca52992c8d31f6110fc02276
2023-05-25,82,2021-12-29,2023-05-24,512,383,129,0756d726652cda852ed63395e629a58e8689743924efc17236e96a00fa5ee32c
2023-05-26,11,2021-12-30,2023-05-25,512,392,120,e73e35c48b5fd027ea23a2dcbc34a2195bac1fde512bb09294ec601a4588a3c7
2023-05-26,12,2021-12-30,2023-05-25,512,384,128,ecd42130d2fa5b9bba5a9798bf23a883a91f1f48982df783aaf63cfc10edb9aa
2023-05-26,13,2021-12-30,2023-05-25,512,390,122,4b75b90d114936fa0a9b0d24c493005b1a75653b6a85565c3594a8bb6a4c7eb7
2023-05-26,21,2021-12-30,2023-05-25,512,391,121,97a08466a21c87f3495cf82c9f563f0ccf36eb92712a6fd88010607917385612
2023-05-26,35,2021-12-30,2023-05-25,512,387,125,6768f6206d4edd7d9af23fd20fe91ce14a0a00274def3db944d0d42a6febf3af
2023-05-26,82,2021-12-30,2023-05-25,512,384,128,34dfeaf5d0fbdd65fc4795c14776f2260e2c1671f75f7542aebbb26d026a4b75
2023-05-27,11,2021-12-31,2023-05-26,512,393,119,c137f4efc099c98ee64e8014379b608a74cc07c4bb7db19f6eee169d4575e1bc
2023-05-27,12,2021-12-31,2023-05-26,512,385,127,c472389e89d8468a3a271518ce21300ad01992904a8e94e104c8f6277b06864d
2023-05-27,13,2021-12-31,2023-05-26,512,391,121,6a3c3bc475be94086822ae5b3fbdce16aa30b04c7dd4297ab5b45921e336e27d
2023-05-27,21,2021-12-31,2023-05-26,512,392,120,18fe33c6538116f76f6c393fa3f24e6332e0a5e4c8465ebe9437a0b9e019f399
2023-05-27,35,2021-12-31,2023-05-26,512,388,124,a03109bf1d132d725e93c4dcfcf80ceb97d9b7a293f495b2fbfd75d74d2e11d5
2023-05-27,82,2021-12-31,2023-05-26,512,385,127,9ea1fb7ad26cf29efc1d505d3a30329f475a43b8c96d66bbfa42855e4865c5fe
2023-05-28,11,2022-01-01,2023-05-27,512,394,118,f7c7528401bab3294a82729ae6128d4a629a917416ff6686f5995ce24a4db066
2023-05-28,12,2022-01-01,2023-05-27,512,386,126,f7f03a0894286bdc3abbed480ea5529faa24044109c3d452856b7c1647a5576a
2023-05-28,13,2022-01-01,2023-05-27,512,392,120,404b5ea00d1f3a4971fb4d90bf184adbb6dd0bf70fae3b3ee368a9816a5a4069
2023-05-28,21,2022-01-01,2023-05-27,512,393,119,db4fcaa7742d081eb64d72981b63a8b3fddabedf05da7f7bbcabb55aea07543f
2023-05-28,35,2022-01-01,2023-05-27,512,389,123,048181e5a63160e2efe2ec515731e2207915f6e588d98b73c7afdbea92276f4a
2023-05-28,82,2022-01-01,2023-05-27,512,386,126,002b2cab438550f73e5c5a78d4478b16802048230a4577e47167012637458e84
2023-05-29,11,2022-01-02,2023-05-28,512,394,118,75a2f0ddf854c3ba8edcbbfcbd01c8fd0e97990e19af954c99d91a2b8768ea49
2023-05-29,12,2022-01-02,2023-05-28,512,386,126,0c14cfbfb5ba3e6e2cd91c0562f90030a8fce008ea54dc1f5fefa7b7f238e0b2
2023-05-29,13,2022-01-02,2023-05-28,512,392,120,f59d8988c4dc0a0e642aa9c976257739ec1bde1f9176be2a884411dfb39b276f
2023-05-29,21,2022-01-02,2023-05-28,512,393,119,63d8b51876a430841d3f7b3cc05dba0d89dbadbdf024aa56db26dd9057a8fd87
2023-05-29,35,2022-01-02,2023-05-28,512,389,123,6ffea591a554a0d1a53982a8a20107b0efd1ff0c0584ffcff4cba2edc3c3a87c
2023-05-29,82,2022-01-02,2023-05-28,512,386,126,6ecd03a74747e655e88737e23bd6b839b0a8689a8c90bf15f16cb3f4d73aff7f
2023-05-30,11,2022-01-03,2023-05-29,512,394,118,610c672a1cf2c754b3d3795eaa4ddf124965457ec75471fbf1436af9bccab866
2023-05-30,12,2022-01-03,2023-05-29,512,386,126,122dd12da02befbe3a435b55ac47df5778b263abcd3ca99a4cb9b1e2beb47cd6
2023-05-30,13,2022-01-03,2023-05-29,512,392,120,89212e500cc34a9c6043cbe25056b96cf2274e77253b2a0cf36d48d5ac727fe8
2023-05-30,21,2022-01-03,2023-05-29,512,393,119,4ab7bbd469eb9568acda9032e53fd3e35a94e93c9127c81b4303a7686654e5ff
2023-05-30,35,2022-01-03,2023-05-29,512,389,123,a4e8b93f198de02b5ff00915812a1e619710f26cf71aeb1f48af583f9de93aa2
2023-05-30,82,2022-01-03,2023-05-29,512,387,125,fb1601c8c0c26829cd4c8fe3cc35349b274d6337a84db1078a5d0fb7de9ca995
2023-05-31,11,2022-01-04,2023-05-30,512,394,118,1e79e7db84c965764ccd50a3a2470759389eae070956ae3f08faac0e29e999dc
2023-05-31,12,2022-01-04,2023-05-30,512,386,126,862cbf525ee48d40c5a05ba9376e35929a99cbfedb78063b6066a12f7fd8f47c
2023-05-31,13,2022-01-04,2023-05-30,512,392,120,f7ea2a9deec1fe389503bcfae084d496b8434642ca913521abc3de446a6e354c
2023-05-31,21,2022-01-04,2023-05-30,512,393,119,50d8ac28d44a4aad4671cbfe88101be578b9017fe463901e448fb2e235f6e6b3
2023-05-31,35,2022-01-04,2023-05-30,512,389,123,5a7e59a66ec3645d7a5b75b75d8ddea6451c024bd9ac163a7dc87ce73617e2b3
2023-05-31,82,2022-01-04,2023-05-30,512,388,124,08e31f56a3fc96bad12f9266b462a3b116da25fa5e9925a39ae360f1816b383f
2023-06-01,11,2022-01-05,2023-05-31,512,394,118,b7cc0d9d208b88d868504d5894beaa1c59faa4d792424b45eee61b88c9d20717
2023-06-01,12,2022-01-05,2023-05-31,512,386,126,4432b5c27ad308b6813008c29c7dfc413f34e8544488bce247e73f0b5460bc1d
2023-06-01,13,2022-01-05,2023-05-31,512,392,120,bfcc63bea9ef2650947c5e5c93dbd7178dd574b064748ab13c956c7c1a0dd6a3
2023-06-01,21,2022-01-05,2023-05-31,512,393,119,8b2e85a7c45cd5c27fdb0fc0e5750cd34e260a39fc1f9278546ed930a173b89d
2023-06-01,35,2022-01-05,2023-05-31,512,389,123,29f2cc59c03505eef62fe12ae584778629a01203abe6b9c7470107cd73c3fe64
2023-06-01,82,2022-01-05,2023-05-31,512,389,123,0c98330b1fbecd6aecb0262e1e8d56b6981207ebe66bef0e92157fbd6a49ab2a
2023-06-02,11,2022-01-06,2023-06-01,512,394,118,1b8f564bb98832551b1d698d6ef28a360d2c8a9f7e9cc1b4261d5fb9d585d3fc
2023-06-02,12,2022-01-06,2023-06-01,512,386,126,b6f664aca27fb48f557c62b2750ce7b3191c93147fa56dbf5d368db6d0e832cb
2023-06-02,13,2022-01-06,2023-06-01,512,392,120,e9249e1a99b522e93beca351bce4a6ee1f28bf579b4f30be54cc25790ff434f8
2023-06-02,21,2022-01-06,2023-06-01,512,393,119,d2eaefac598eabe36ffa17da742bbd8c20eda2efa24e9bad6b3b88e6a0821718
2023-06-02,35,2022-01-06,2023-06-01,512,389,123,60f50bcebcab4a47356eec18324d756c2ed64635115d401953b654bf5f063929
2023-06-02,82,2022-01-06,2023-06-01,512,390,122,aab28e5e52f335186c35fffe047791de6f899d63f4216ed56c5588b058dffd92
2023-06-03,11,2022-01-07,2023-06-02,512,394,118,cb3a2a6affbf3861bf0615a31b1cc01b6cf176a842dc15b16ce30a91a869b5c6
2023-06-03,12,2022-01-07,2023-06-02,512,386,126,bc784fce5e8bd046c35ae561023535cc7a348a06a4e2e700663d34c81b7c87ba
2023-06-03,13,2022-01-07,2023-06-02,512,392,120,e7f3d488680468686ed13d3076a04312b89ffc2895079dadb4f85931faf31af9
2023-06-03,21,2022-01-07,2023-06-02,512,393,119,4cb76fdcd831ffb8554f82270b32c6c2fa4dcfa17fae64a98ad044e5ad15fac1
2023-06-03,35,2022-01-07,2023-06-02,512,389,123,f406948e9fd7c19644a8e5a69ac27a783fb073340d12f9257086ac7de8a4bbb0
2023-06-03,82,2022-01-07,2023-06-02,512,391,121,342ba5c628921eabac213d3b21399ec1373bf9f9d86f713bbc833379adf44bb4
2023-06-04,11,2022-01-08,2023-06-03,512,394,118,98f33d1dd16b9713054bd12977699559fb5d2bf2150a68bc735e99e0ab84b44d
2023-06-04,12,2022-01-08,2023-06-03,512,386,126,c6f273a988b2083ec7b2aa1282b3034d02febbf6d007fd2d777c9fe358105664
2023-06-04,13,2022-01-08,2023-06-03,512,392,120,e5b7c207c1b668decbbfa7262a2b43f370bd7c38e94f8ec75ffe15cb036d3a71
2023-06-04,21,2022-01-08,2023-06-03,512,393,119,ee402fe9e7a10deb95a259dd7581688be580d9fcecc86df6bc120426e6357e84
2023-06-04,35,2022-01-08,2023-06-03,512,389,123,85e0161e24136beee36a0560432b1e41203611fc0b7bb6adecd1e4f88897a183
2023-06-04,82,2022-01-08,2023-06-03,512,392,120,33ce2edbab9e5ad3cfc8d791c4b7d5ebffbe0109e29ab06807e257319b373ce5
2023-06-05,11,2022-01-09,2023-06-04,512,394,118,aabb7ae612e5929bd3e2f8972c4f7ca266c9d054cb8cfa355a973a0fc4935e46
2023-06-05,12,2022-01-09,2023-06-04,512,386,126,3bf052c5d8101fc1cacce62c75a450a3c75b1207599e448e85e66a92e1013fbc
2023-06-05,13,2022-01-09,2023-06-04,512,392,120,7932a32323c582b16617e75cd14385933059c8da76c8c7c7eadda4eec4c3fdda
2023-06-05,21,2022-01-09,2023-06-04,512,394,118,5b87eaed069e4c435f2c937f38932ec7811842c5b8ee1463d4b4ac648530fcfa
2023-06-05,35,2022-01-09,2023-06-04,512,389,123,98b74ff720e829b8ad11bff23f3d092a7118265f53e5b7dcdbdb5bbb00a6855c
2023-06-05,82,2022-01-09,2023-06-04,512,393,119,af8af10ee06db5e84ac53bcb2c28de5a053b5c9515e6851a88faa0eb3fe8841a
2023-06-06,11,2022-01-10,2023-06-05,512,395,117,bb57c0203208e67cb5eccbbf5c04da01daa2b66d14901b28ddccc996337f6f14
2023-06-06,12,2022-01-10,2023-06-05,512,387,125,a79a6e2532624cf864b9facd1b64654c1381d10d511b90fe2b15d0b8cdb1c1c6
2023-06-06,13,2022-01-10,2023-06-05,512,393,119,0e6522cfbc88eae5f3bee5f112b635b496cfe82ad8cd56e440d1d2a0d72c35c4
2023-06-06,21,2022-01-10,2023-06-05,512,395,117,54dee53c9edfa6b6d7ddb19b6a19b2e3f2364b184b09eab34b942cfa68e5a38b
2023-06-06,35,2022-01-10,2023-06-05,512,390,122,31c85cf78a4d8d64f65fd18cdb67da09f12f7c5574188bc32250dc38a3a1b127
2023-06-06,82,2022-01-10,2023-06-05,512,394,118,1acf1caeb92ec6c11cce830c3e66a9fd7d50b02986aa5964a6f0d7a8fed3558b
2023-06-07,11,2022-01-11,2023-06-06,512,396,116,c40a1eb3a67ea13a1b966a3734ce0b2a723827d5cb20ac3a0242778805e32556
2023-06-07,12,2022-01-11,2023-06-06,512,388,124,d4dca5f2472de0b63eca63b8c0c642d70edbff260d61b08ca705632bc901f74f
2023-06-07,13,2022-01-11,2023-06-06,512,394,118,b93dc8aa6f8d6dd90e5139a7c2f71e17122956867b9693955a81b3e52bb39c53
2023-06-07,21,2022-01-11,2023-06-06,512,396,116,cda37e0555d026ea6ebad3c81de8dddf6256d08e723798a7c7833cdaf16ced30
2023-06-07,35,2022-01-11,2023-06-06,512,391,121,09cae5ce9812ede13d9f56c2dbd792d3e70e9c8604a69c0f028b2445be0bd36a
2023-06-07,82,2022-01-11,2023-06-06,512,395,117,014018253ba71e08c45bfb5a7d3c9821e2424f4442796742b202ab9202089f12
2023-06-08,11,2022-01-12,2023-06-07,512,397,115,e3bc3aeaefc899e654bf448726282c10e53cf4d1ac2e146476e17ca92323fbb5
2023-06-08,12,2022-01-12,2023-06-07,512,389,123,a822da85254018bddb33daabf987fd9f4399356f171e0d7cf550b8828f75ccdc
2023-06-08,13,2022-01-12,2023-06-07,512,395,117,f867fe44cdfffc584499292418f03d14ed3a0be9e935698d9f847baf4c4d9c14
2023-06-08,21,2022-01-12,2023-06-07,512,397,115,52190d7ae71bc19aa274322d62b799ca2e3fb908110860dfb7aa02a0c7d834b0
2023-06-08,35,2022-01-12,2023-06-07,512,392,120,7145a6623385c34bd7d0270b58476bba902812698aa35aad96e9197c65152244
2023-06-08,82,2022-01-12,2023-06-07,512,396,116,0276ab2e20087ddb954ca95f751ef409f3df7d00acd7b22145cde56e8864e367
2023-06-09,11,2022-01-13,2023-06-08,512,398,114,141661f5667e525c42baf4883dfe438ac2806e2991476eba9c8c8b8b3ce6d66e
2023-06-09,12,2022-01-13,2023-06-08,512,390,122,1bed7871df2f342310685acca223fafea541046acb4e6612b4207f2182ffe4c4
2023-06-09,13,2022-01-13,2023-06-08,512,396,116,53f6c1077a69851e98c9d0accbf6c4f3fb73983fc5d744c316ed7895c4993b60
2023-06-09,21,2022-01-13,2023-06-08,512,398,114,eedcd4f059905f3de4917d47f768ceed592837337c7ffb23a41d25c1ef5480b4
2023-06-09,35,2022-01-13,2023-06-08,512,393,119,f639df5e34489895d45a81d3a8b5d5dca29bc23d687a41646af9fd20015f99fd
2023-06-09,82,2022-01-13,2023-06-08,512,397,115,37bd9d8b3d945dce13cf391dafe59ae3ed5e05ebac7526692c45a0804014f6f0
2023-06-10,11,2022-01-14,2023-06-09,512,399,113,78fd7510573de12df1d005dc0137b162e62e642054b9c2e7c1ad5ad8994012e4
2023-06-10,12,2022-01-14,2023-06-09,512,391,121,076eb5b58d1df2aa789fed298008886975ed0db8c76993af6ef00cbfcf822100
2023-06-10,13,2022-01-14,2023-06-09,512,397,115,a8d17fa25168d5c723dba27b14ba4bd89319d69892bb2773f3858ca0e734522e
2023-06-10,21,2022-01-14,2023-06-09,512,399,113,55ba9a9bbd219001a27c57465d6fec0b1be81bdcef4375d391dee8181a7b5a20
2023-06-10,35,2022-01-14,2023-06-09,512,394,118,5570955c6b627c127d32d808502038c7256e6630d51e625754ce5c121734307d
2023-06-10,82,2022-01-14,2023-06-09,512,398,114,40bf6fec6347fd02ab7b3e5edb0f8083f02bf11af46c7c984a12075889782951
2023-06-12,11,2022-01-16,2023-06-11,512,400,112,95ba0d5242f21d335ef3d1a659eb35c6628f914e3bb16098d70c451d6f1e8f49
2023-06-12,12,2022-01-16,2023-06-11,512,392,120,f6594eb7fbde7eca9072380c22a1273a02cda1d324ff3d749ffe58535e1098aa
2023-06-12,13,2022-01-16,2023-06-11,512,398,114,eaade5befd27be068bf4d16332250113b0b110bd8220d73f30904a01b32cf371
2023-06-12,21,2022-01-16,2023-06-11,512,400,112,9518e9bbc0668c2fa56ed2dc20ee709f2b8cef47d82c3ddecf8863a7a435a6e4
2023-06-12,35,2022-01-16,2023-06-11,512,395,117,f8795f87ded3a74e1d6f2ce890b2876f75dabbd7a949ec52dbb080dffb5ecb95
2023-06-12,82,2022-01-16,2023-06-11,512,399,113,f6cc010507cc3f2c046ca74ae042fbe10221d3d5d0933b7634dbed9a6d16e2f3
2023-06-13,11,2022-01-17,2023-06-12,512,401,111,f4a22151f27dc8616929a2ec54e08f9ce073c86e0dc6d4ac7dee0b2283da5c3f
2023-06-13,12,2022-01-17,2023-06-12,512,393,119,c8754bd0af13c7cde61bea62b22abb0b7442f8c4fb5f42a78455b6cbc60c4670
2023-06-13,13,2022-01-17,2023-06-12,512,399,113,283da1befa592ab42eff59557c5de116113e5cfb5a42a1263b14603f6703312d
2023-06-13,21,2022-01-17,2023-06-12,512,401,111,0376af2de20006050c6cb4121f6be31003d4b88e8323e1103071116d2adbc1ca
2023-06-13,35,2022-01-17,2023-06-12,512,396,116,a95a5c36e4c327c67765bac830297a34491b5db580d398c61ebc0b7581bd8951
2023-06-13,82,2022-01-17,2023-06-12,512,400,112,c4a3229bea0f7bbaa06e37792c31088f5eae745b76d2b43a435175c66171ce08
2023-06-14,11,2022-01-18,2023-06-13,512,402,110,be3151b3615b917a34a1a3c6afe0a34e6515ffcfbf7f51941680fe1d7c5a8e04
2023-06-14,12,2022-01-18,2023-06-13,512,394,118,21d2e7de218b3544d66fd66ad6f5912d911e4e0d873cc45bc938331867da0235
2023-06-14,13,2022-01-18,2023-06-13,512,400,112,aa6c3cb30ba2aa0745a97e8929823f98717fba781556c62c9b696bb8c4d7679d
2023-06-14,21,2022-01-18,2023-06-13,512,402,110,7f2af9d44159a9e68d0c0358da5e1dacc3005a2aaceb66110d2f6acf72d32117
2023-06-14,35,2022-01-18,2023-06-13,512,397,115,18fba1a0db99787176d91dad0b51f9155113a5f668208082c9c25822a50ce006
2023-06-14,82,2022-01-18,2023-06-13,512,401,111,e424124725e2ea16a311009e03090708ad379638eef31fdb415f9c63880f405d
2023-06-15,11,2022-01-19,2023-06-14,512,403,109,5bfe72d055071f0d717b241cbe73332b945699532f6c5aa8ce9937968ce3b88c
2023-06-15,12,2022-01-19,2023-06-14,512,395,117,9aaaa0aacbae3058750296f5266f2229dabe8cad1114dc7252909a252d6a1528
2023-06-15,13,2022-01-19,2023-06-14,512,401,111,9cc7ab22ed0f5547f4ccd2a2dba3bdad40359ebd836f6fa666eabdcd74385f4b
2023-06-15,21,2022-01-19,2023-06-14,512,403,109,b4baefce9be55f80b53d980643fd20b5d94b73840d67bf66f04e6692524e53cf
2023-06-15,35,2022-01-19,2023-06-14,512,398,114,f5ef05e320a4c244874d619abab1f54a3e9ad3edcc62f056389cbc2bab05aae6
2023-06-15,82,2022-01-19,2023-06-14,512,402,110,801c4084736246dd52e8e4be19827724e47a5ac3e25f117142a037e133d37e83
2023-06-16,11,2022-01-20,2023-06-15,512,404,108,261259ecb0625855c00d0359d9e51d77602167e28f6347b2b3b5fe43efa992ce
2023-06-16,12,2022-01-20,2023-06-15,512,396,116,691337d70878e59949a4e38000199c2b006e287dc17d0773184f38ae3b306613
2023-06-16,13,2022-01-20,2023-06-15,512,402,110,782a29506c156f97d6d8ab81c79e25fe25897d6d47281cad789f2408200e14b4
2023-06-16,21,2022-01-20,2023-06-15,512,404,108,e1a5908677f445ad485282510b8398c78b5160f13468da09616e0b04cbe8604b
2023-06-16,35,2022-01-20,2023-06-15,512,399,113,6479e4d64095c28ec88894dbc169e0a8c22242230961712525816922de7c8d17
2023-06-16,82,2022-01-20,2023-06-15,512,403,109,bf8c0644c3af50b36ef04ab1d1ccc75a562ddc9d6926fcd2336d459cbd0ce846
2023-06-17,11,2022-01-21,2023-06-16,512,405,107,1e300aed60a02b2a01e44223484df9fddab463478d43f58b535f284abd89374f
2023-06-17,12,2022-01-21,2023-06-16,512,397,115,f8e78f3654d287dc42b81b2b47a389b8a4872f630413362d433b9682e785bac5
2023-06-17,13,2022-01-21,2023-06-16,512,403,109,ac74bcb3673f1cf772c66edb0e73c4d4f1ffe01f658adb5e382607c71c1a3b84
2023-06-17,21,2022-01-21,2023-06-16,512,405,107,a36e0f6f7d33238a23c3e756ae0ec08bd4d1f5c7b663b791d6ae33bfd3871661
2023-06-17,35,2022-01-21,2023-06-16,512,400,112,60269bf293d5689307ccc40746457c0b8cfcbdb461b43c0eed74f4d5d77a4959
2023-06-17,82,2022-01-21,2023-06-16,512,404,108,e9f7b93bbd0f4da857d0ecdb7f06b78a5e9ccbeae816b7dc894e05b0c7d2f3ca
2023-06-18,11,2022-01-22,2023-06-17,512,406,106,2a3a9ab451f6894d816c7b993c1332edbeb34cd5634a9d448c70bd88b33ad944
2023-06-18,13,2022-01-22,2023-06-17,512,404,108,e5f007b68e4fe39202bcf8ffb765fba7de755dd4b82bbd64f6305888fee07bb1
2023-06-18,21,2022-01-22,2023-06-17,512,406,106,3fed69372cc3bf5649d59058e3d8406faca79507f6cb91219936e246575b62ec
2023-06-18,35,2022-01-22,2023-06-17,512,401,111,155e3a67459fa6b24a6d6ced7aea9394c7012a03a2714da97b0edb82ff517f46
2023-06-18,82,2022-01-22,2023-06-17,512,405,107,b0e76fa84da550427b58c76cdb2ad0e67c291e966983f248542611cdb21672c6
2023-06-19,11,2022-01-23,2023-06-18,512,407,105,f7dc9bd1fd735807e125b8776ea75f2bd4d699a2b89acda4515711513e014ea1
2023-06-19,12,2022-01-23,2023-06-18,512,398,114,c49986c3795d058368373e1003b2fa72b0dfcd3ad7f7d8c87838627db3286f5f
2023-06-19,13,2022-01-23,2023-06-18,512,405,107,d98e6d551a797a9886dd496f75f322be9e16346aa50669b5b72f13345a61a860
2023-06-19,21,2022-01-23,2023-06-18,512,407,105,a41d1f041bb9940b6026a5faffd7064606682f34362cb0d80934f121df5b5bf0
2023-06-19,35,2022-01-23,2023-06-18,512,402,110,c7a5f6ab0fe8bb61b18b770afd79ea0f8ae412233b1fb3ea75d43e22c82cac06
2023-06-19,82,2022-01-23,2023-06-18,512,406,106,654c6a3af312df6546049f34dee393ade4a8d1816e64ff426066e7a09c33ab5f
2023-06-20,11,2022-01-24,2023-06-19,512,408,104,849c052ba7c9f30c4ad75679cc75f2c243c1c7fd3023c55b398828cd41d289e6
2023-06-20,12,2022-01-24,2023-06-19,512,399,113,afb3b7d4670fbecefa1700280db2f87c3b9f76ef063cacb64e0456f1a1675b28
2023-06-20,13,2022-01-24,2023-06-19,512,406,106,b4d6f9a8a0b995dcfc52d99c129d6195d5023247c6a0dc444127bb0bae25af62
2023-06-20,21,2022-01-24,2023-06-19,512,408,104,96ae9c19cff759eadb44283d37d0a8e046cdbfceca4ba90b0d3ce644fe21ab78
2023-06-20,35,2022-01-24,2023-06-19,512,403,109,c1630679f3d08da347f7957a7607716019132f3a43148ed2bd11419b702f3deb
2023-06-20,82,2022-01-24,2023-06-19,512,407,105,683aa821747253ebaa884e790e99f0d3272c1c10c5b78345e9696c3db69e02e3
2023-06-21,11,2022-01-25,2023-06-20,512,409,103,e0ab19cbf76f3a386e023879d3c2c74d7d65588254f42533ccd8f4ec04046225
2023-06-21,12,2022-01-25,2023-06-20,512,400,112,6fc9bcee26221420dfded866c8900ac1e768a9ea399ffc18b9437cbc703d10bb
2023-06-21,13,2022-01-25,2023-06-20,512,407,105,84e88fcb31b82c9fe47229e87b34a1d51e9bb263362ada19a2a3cfc923290b30
2023-06-21,21,2022-01-25,2023-06-20,512,409,103,58c4c6d612a695db9e108572672e2e45e33a916bdbd8c4ecdc8a2399e600048c
2023-06-21,35,2022-01-25,2023-06-20,512,404,108,65600f36389245e72de4dd919cafe4ffd02469fc1c6c3c0bac72961d1dba441a
2023-06-21,82,2022-01-25,2023-06-20,512,408,104,8dcc5f30d6a3716de14d7e54853e2dad03aef91f3919253c28ade44f65733720
2023-06-22,11,2022-01-26,2023-06-21,512,410,102,84223ac805376e4e6413a1d617ed9f958ca198afee4f87f11e3b9056d71ed0b2
2023-06-22,12,2022-01-26,2023-06-21,512,401,111,d96934b9df95edb7969ab5e12be466ecf30c70aaf96166c3293a3e9b916363e3
2023-06-22,13,2022-01-26,2023-06-21,512,408,104,5bdf2edcd6c93d9d674d5f77c7a5501e0c5ebe97f0e70c10aef8c9284c610403
2023-06-22,21,2022-01-26,2023-06-21,512,410,102,1f1bfcd4e8bcb64d75d32f98008087643ea07f593a5e43a31e2826926e25eba8
2023-06-22,35,2022-01-26,2023-06-21,512,405,107,37d803cf897ba4f1a74b9d05eb34fc109b6c4f4402920cf7256064fc0e1f67d7
2023-06-22,82,2022-01-26,2023-06-21,512,409,103,18e6ec19e46e877ab0eb80a5241a34dc66c5460f14eb37bfe318e08397dc3b41
2023-06-23,11,2022-01-27,2023-06-22,512,411,101,1ae9b4ea56137a5c0b124042f0948c7a82a6e1219b235afbd1e3326b6d41a034
2023-06-23,12,2022-01-27,2023-06-22,512,402,110,f652cfaad4f8bb5a9c37e8ac055e15e51c31b17b94101044837b486e67031d58
2023-06-23,13,2022-01-27,2023-06-22,512,409,103,e735d7326259ecdebb09584c8fa410218b3f47f647cad5ec0420924034684517
2023-06-23,21,2022-01-27,2023-06-22,512,411,101,05818fd0e9e179ddaa4ae5d5045f318572cfd2b1a84a9febbf0a6188951bfcc1
2023-06-23,35,2022-01-27,2023-06-22,512,406,106,07e51b40b30e3c863887d4d30c115ba1d388b8621e38f60f6099dd859ff561e6
2023-06-23,82,2022-01-27,2023-06-22,512,410,102,d81470d9c573be86988730d6d25d2fe6519f36dde5618177ca5fa52322ed4f2d
2023-06-25,11,2022-01-29,2023-06-24,512,412,100,90eab61ee53dd54ca840f28274a6ec2541cd09d1890be7efe49bb813b2bf4d6e
2023-06-25,12,2022-01-29,2023-06-24,512,403,109,4f721f142b351542756926079431ec26ee010ebe455f20e056908d24eef0d4a4
2023-06-25,13,2022-01-29,2023-06-24,512,410,102,5f46e3555b10ca983ee8b056f07a74a098365afb6842f6bc76196bd219a4949d
2023-06-25,21,2022-01-29,2023-06-24,512,412,100,68da74ce83938e7cb1747ec75512b624d2bd8221f3d40e14468281840ef8345d
2023-06-25,35,2022-01-29,2023-06-24,512,407,105,6ca4eee10653abe0e8a90c1172c6f681cf68fb22a603f56304439b8bcb0d4443
2023-06-25,82,2022-01-29,2023-06-24,512,411,101,931f9e18f5068cbc72d1ebcabd8a6903d441f4c1d489deab16c85654edd9627a
2023-06-26,11,2022-01-30,2023-06-25,512,413,99,2630feb602fb668e00b623257a7a17dbf5c5c10685c837276210e69e1dfcbdcf
2023-06-26,12,2022-01-30,2023-06-25,512,404,108,cd8edd96b2be4e2b68ed0268c066ede9aab8a925c6fcfd68f9f10a775c111fa4
2023-06-26,13,2022-01-30,2023-06-25,512,411,101,15933fa571c7310d4de8008ce8cbec4825eff13138f94996002d2a1084b4ace5
2023-06-26,21,2022-01-30,2023-06-25,512,413,99,edbec1a0a00f7d709e147da7b548f3594654eab8791a8fd90a083d33dc8ba914
2023-06-26,35,2022-01-30,2023-06-25,512,408,104,5e00ce602fe1d36627928fd11d4ab82a32138591a414deeaaddfeee708eb3440
2023-06-26,82,2022-01-30,2023-06-25,512,412,100,dffb46417948d625ef2f7f7a1028ec67ee312231dcf28f01d80428519a4f2ed5
2023-06-27,11,2022-01-31,2023-06-26,512,414,98,7f0945a5c9c524a7ffecaa1308cd44ba425cfae6176e86d34e427a6d094f65e5
2023-06-27,12,2022-01-31,2023-06-26,512,405,107,4a3fce9946f72a74cf75e337a20b2952c41cf740a49d7b01849ebfd468ec132e
2023-06-27,13,2022-01-31,2023-06-26,512,412,100,9a29a7baceba099152cea12248188069ee440405d4d52ecf371e37b957838b84
2023-06-27,21,2022-01-31,2023-06-26,512,414,98,98abf615d08dfa31b9721214bdabe45ebd3d95be5e036f3395ae49014fe0bd78
2023-06-27,35,2022-01-31,2023-06-26,512,409,103,0a6e3f31a62fd24734dfdd98cba3bbcd22f9d7f2c56d94a6a7235b6ab725403d
2023-06-27,82,2022-01-31,2023-06-26,512,413,99,73c5555d109920f012a9f427caf1caf7a33caf0608c4222d950a07ae07a0dd2e
2023-06-28,11,2022-02-01,2023-06-27,512,415,97,c23058bbd7a774af1c2a1a5f76d5ab96179eb0b2a13ea5fa894cfdc27ea65543
2023-06-28,12,2022-02-01,2023-06-27,512,406,106,75f7fa9fe14279a710dd0ecedd83f5ff5e16da5002115e3a5b5acdc05974daa4
2023-06-28,13,2022-02-01,2023-06-27,512,413,99,a0db048a42fcfcb9a92dbdc7ecd15392fa0cdd338891b187564a240fa3c09f50
2023-06-28,21,2022-02-01,2023-06-27,512,415,97,5090d9f677d8b354eab8f5cac2e456569977a0b7b34f9de42fa07e22951c100e
2023-06-28,35,2022-02-01,2023-06-27,512,410,102,cd6b5f8a28424c65e180b57c3644cd224280614b0e68690979ebc8c5e51eee6d
2023-06-28,82,2022-02-01,2023-06-27,512,414,98,54e0e1feea3da93ea8f0b1feb4e51e38e454c32982b4b6a52c12acdcdb66aa2d
2023-06-29,11,2022-02-02,2023-06-28,512,416,96,0d2c54f0a5bc13c8ae38b687ae41bd281d08451046ad2dac450a6dffaee8a5de
2023-06-29,12,2022-02-02,2023-06-28,512,407,105,8998a4a7f85521a5145ccbdda3d0f18f44a5c5afb133c9238d92fa50a0b00c69
2023-06-29,13,2022-02-02,2023-06-28,512,414,98,0a041559e9e2648891249dd9c20bc2b772441f7fa003eca1e10ddc0c3124b072
2023-06-29,21,2022-02-02,2023-06-28,512,416,96,517c9f8515f2a4d285628c760efa20fc7c67e0281ef34c561037920566ce33ea
2023-06-29,35,2022-02-02,2023-06-28,512,411,101,3ca8bafa0a07f8a6ce64430cc93f967fd01f1d0cf0e0085f80cfada33d462a4e
2023-06-29,82,2022-02-02,2023-06-28,512,415,97,507582a82696894c6891d9b0fba923e7b3ba9442d5435fc1b1ac8f2df3c495cb
2023-06-30,11,2022-02-03,2023-06-29,512,417,95,0c1b47309d1a8e9b05a4ff0cee14d68bd7a4410ab9521fa9188773c657c349a3
2023-06-30,12,2022-02-03,2023-06-29,512,408,104,5479227e8f467c6b4d7294efdc3211976b04db694a2c0b3944c4c0a31ce978e9
2023-06-30,13,2022-02-03,2023-06-29,512,415,97,db553978c858f5323da4b8341cf83b1444608023a9e93c94373059794530269a
2023-06-30,21,2022-02-03,2023-06-29,512,417,95,a09a30ec8d29d07e5bb44bf31f0ad27e3acf425a5b885929579e437c978dfb4d
2023-06-30,35,2022-02-03,2023-06-29,512,412,100,299073d7083316c5705c39fac8a6e3c8b88f03a7395daea137ccfa3332d940d5
2023-06-30,82,2022-02-03,2023-06-29,512,416,96,16998a2ca42f07dc33568af9ceeec2f72ac9aa9ab56c418effe4c491cfd2ded3
2023-07-01,11,2022-02-04,2023-06-30,512,418,94,11b1edcff7094219c2ca74e8c430266120c5f2e38020c3f52533ef63d943a918
2023-07-01,12,2022-02-04,2023-06-30,512,409,103,180166ff34c4277a99033b55e1d42d15895552dd0571b864036a0bdbf378e069
2023-07-01,13,2022-02-04,2023-06-30,512,416,96,da66b8df65bc4e1e16237d14d01504563d9782f6be026788d4b42665938bcd2c
2023-07-01,21,2022-02-04,2023-06-30,512,418,94,fcb90765e12de1ef2aa0b1b190050f4a60b7008de9690e2b560ead28f83525b7
2023-07-01,35,2022-02-04,2023-06-30,512,413,99,a7a4ae0c9be8de15f153fdcc1250080cc9d44dbdacdc36e8c932673fa28092fa
2023-07-01,82,2022-02-04,2023-06-30,512,417,95,cf61f8dc43463e609f06311193a0d3a771f2f02c03d05f3d21211d5ec157ac1f
2023-07-02,11,2022-02-05,2023-07-01,512,419,93,81623d5b52cf2504f6112f59b175bab11da252c317832747caf28c92c35ae558
2023-07-02,12,2022-02-05,2023-07-01,512,410,102,f24c8d279f4daacff12ee39f5cde65187dc08251ee7c22a24052ece810296135
2023-07-02,13,2022-02-05,2023-07-01,512,417,95,09399dcf40cc48204a90f4b033e037a781916634c5ef67d4b39bbe84cff4b3e2
2023-07-02,21,2022-02-05,2023-07-01,512,419,93,d7b7d20e378e5c5cb1f741d6c8148152719189a2695897873745a530e066c8da
2023-07-02,35,2022-02-05,2023-07-01,512,414,98,e29d949829abc410b04ebc57ef6304dc2059b4147aeaa9a83da3d419383c8c9b
2023-07-02,82,2022-02-05,2023-07-01,512,418,94,1fced6eae064a3bdcce2407a9a5d855eab7b7916637b92029121fa70f2bd2fa0
2023-07-03,11,2022-02-06,2023-07-02,512,420,92,99b1c9d0d345a7502f0369be1606ff1aa2eac1e9a9298400eb233a902f35e3c1
2023-07-03,12,2022-02-06,2023-07-02,512,411,101,de58e7ecae672f4ac0eab97357c78815614a2f4710b07be056c9efe2e6eb9eee
2023-07-03,13,2022-02-06,2023-07-02,512,418,94,43a2d861f97d9da604dc810eff654ccf2b8beba34c79617277dc8ccecf20e3ed
2023-07-03,21,2022-02-06,2023-07-02,512,420,92,d5a1f23edd6a7e35c423eefba5b47b4df665dee05aba4cde5b60ccdca990f22f
2023-07-03,35,2022-02-06,2023-07-02,512,415,97,9d0af60fefca6759304af1d9e3fc707fad657f105a37177bfa0be483921c8619
2023-07-03,82,2022-02-06,2023-07-02,512,419,93,9049348ab955e773fa97bbf75815e2c4cfa9a36606a644c2931b227aa0ff43f3
2023-07-04,11,2022-02-07,2023-07-03,512,421,91,090af6ddbd72344a0c84dae9062b28f2c33f76a027d2bdd0696260db4eea2930
2023-07-04,12,2022-02-07,2023-07-03,512,412,100,5379dbc08800751e44d8074680fc23004d3acc5d0b2a336f989e57cb95a38079
2023-07-04,13,2022-02-07,2023-07-03,512,419,93,b91e6828a5e2105b4026d22b36ab23378037f302a4f11e86f4a80e6e2bfa705d
2023-07-04,21,2022-02-07,2023-07-03,512,421,91,a0abdf88e859753abb2f76ecc7f0ba2eca7622cb6406be65aa0b3ee4e1143d24
2023-07-04,35,2022-02-07,2023-07-03,512,416,96,89001d8020129586fc205f96762c0dc8381cc9abdfa1e25cd3d97559d3a72d1d
2023-07-04,82,2022-02-07,2023-07-03,512,420,92,a49a1165676c1b810f46ca793086ce28f45eaef8ec7aaa1d37c23ed46bd41389
2023-07-05,11,2022-02-08,2023-07-04,512,422,90,216db464d82474b466747d8672a66898f493059eca130fd4448d55b913d9eeb9
2023-07-05,12,2022-02-08,2023-07-04,512,413,99,e52fa651f24f8f2a9d291a7fd1415f09f78c12c278e31e26b092b710012fa945
2023-07-05,13,2022-02-08,2023-07-04,512,420,92,47c020220fbdde9a773c1d31c31447343f95bfba635181d922dd84e16e48a9cc
2023-07-05,21,2022-02-08,2023-07-04,512,422,90,cedafae3f55fbd30e91e1849c66b518f0736b92bc0dff5054f056db5697af305
2023-07-05,35,2022-02-08,2023-07-04,512,417,95,b97bbcea353ad7bacecd3bd240680cede02bb85b87fe79215a6bc4509593af1e
2023-07-05,82,2022-02-08,2023-07-04,512,421,91,52e5951aa71b032e34fdfce30e0bdf041b5a7c048aa679f6812303293a6c01ba
2023-07-06,11,2022-02-09,2023-07-05,512,423,89,68235311a432f2c3773f3459d2fa1525c00f6f9819d198e4cd3e980d1a9cf184
2023-07-06,12,2022-02-09,2023-07-05,512,414,98,70b4ec53d895cee200985fd05213afea88f23a3cef165768434c9fce1e7d857f
2023-07-06,13,2022-02-09,2023-07-05,512,421,91,b49a6b485c91da472b60e69171f23e54f60770698b9b9862809a3cf72833545d
2023-07-06,21,2022-02-09,2023-07-05,512,423,89,cccd962348c1b4b0d76370cd42ce1b2cc8b4ef81e01296de8d8defa5f9e431bb
2023-07-06,35,2022-02-09,2023-07-05,512,418,94,32e1ee008635e4acfa118c6ba0b15e33ecfea6ed2f69b7667807ffccf454c8eb
2023-07-06,82,2022-02-09,2023-07-05,512,422,90,e76daeec949b9d18a6d64fe76a159d17a0768060ebc34e649078e45059d93d68
2023-07-07,11,2022-02-10,2023-07-06,512,424,88,9005debd51d41f3837cd7b578c40b99f4ce841790c53ccf4eaf0979f814046ac
2023-07-07,12,2022-02-10,2023-07-06,512,415,97,c0605eb01a5531eb18f531cc4e90a460626a21eeb4456a073f60c5f1a9c4f37b
2023-07-07,13,2022-02-10,2023-07-06,512,422,90,b941adf3734d7059b86e5828a0c5872aac0ac2fda161df6729ec7e27eee97888
2023-07-07,21,2022-02-10,2023-07-06,512,424,88,411b17bbccd7709b0d52c0b1e4fcfbc4cff7fa051537bdad2d690b1273297795
2023-07-07,35,2022-02-10,2023-07-06,512,419,93,1e4ccf1947db14f528cbb10fca5a3214e0e65e1df67ff4afef22186522aec348
2023-07-07,82,2022-02-10,2023-07-06,512,423,89,6113f2f3bd1c31be180f9d3ebee26252b026b860cf418346f9e05b58beda0e15
2023-07-08,11,2022-02-11,2023-07-07,512,425,87,4b391ddc53320ba43b82aee54a131f502abc0839db217b4ca8ca42b3d1fbe290
2023-07-08,12,2022-02-11,2023-07-07,512,416,96,a0c49498f211ef835c949cb77f0e26021cb2b1ff5d5515568ec98baad61dceb6
2023-07-08,13,2022-02-11,2023-07-07,512,423,89,e3d95621c46477c0680a960f1eba1dee92f01beec9a4cacc006efd63dc0e0950
2023-07-08,21,2022-02-11,2023-07-07,512,425,87,5c0557e7cef2acc7061274fc385aef00885e85fa6667f67e6c3230635eae87aa
2023-07-08,35,2022-02-11,2023-07-07,512,420,92,00ff497cc2420016a6a2979796a9c779e8551df45fcc8c42a0d5bfd9d2d86f3e
2023-07-08,82,2022-02-11,2023-07-07,512,424,88,3b18b864145dc09285b25d2540057f7df109bc41ebd58bf06c00b1edd52c3a51
2023-07-09,11,2022-02-12,2023-07-08,512,426,86,5ec175f7f77df608fa518030e446d12bd7e420c78a5f13cace798912ccd8b826
2023-07-09,12,2022-02-12,2023-07-08,512,417,95,cb72c4422b3593ddb931439bc17fe24c3b7c6feed341a890ad611c9be5172396
2023-07-09,13,2022-02-12,2023-07-08,512,424,88,a5491f8c62aef5c3dd184cedeb545e5b9c32956e77613bf3a3b470ffaeba28d7
2023-07-09,21,2022-02-12,2023-07-08,512,426,86,da3e3e335f04ce251f0c6e775802a819ea6d9b9a03f4c3c124e0ffbc572f7ecd
2023-07-09,35,2022-02-12,2023-07-08,512,421,91,cb07f7e1fd8eea54475b63ed14eb009e2a2d90087a194e17f82588a7db70daf5
2023-07-09,82,2022-02-12,2023-07-08,512,425,87,890625216ed6029aad1083862ce646f701198dcfd23a74629b4d743ce81f6749
2023-07-10,11,2022-02-13,2023-07-09,512,427,85,c080f2e1b330e6904e848f4a92ff5bfb352df0190bc0d27b39de19a21a47bb83
2023-07-10,12,2022-02-13,2023-07-09,512,418,94,68af950bf4ca6e3e5b92613435e9d2e4e4dd4ad5b098085f0df5ec3ebc1ace52
2023-07-10,13,2022-02-13,2023-07-09,512,425,87,3314fa02a1700313cf0d100c5625ccd97063ab5e5ced4603a1bd8f0bde7322cf
2023-07-10,21,2022-02-13,2023-07-09,512,427,85,76e1db6d09e10eb4f34bbb7c6f9dca627335bcbd30acdf32430e2127d0874257
2023-07-10,35,2022-02-13,2023-07-09,512,422,90,03f5b4004b9e31c504b2d4fae14570820e7b56b323e33bdb26269d022a48e068
2023-07-10,82,2022-02-13,2023-07-09,512,426,86,e54205d2e808b8b5e4a7fc1e7c4974b3d5d6520b8a951829f60d9fbcb572d989
2023-07-11,11,2022-02-14,2023-07-10,512,428,84,d8c8951164a784b23a952a4d6e5e5d0bba32778af12cd045ff5d0cb9f6414405
2023-07-11,12,2022-02-14,2023-07-10,512,419,93,58b0a8e8f07fe8941b7f12afaafe74b6939e05f520d8440df65a9d4e2d14046b
2023-07-11,13,2022-02-14,2023-07-10,512,426,86,98dfb53605e78facd4b392002ec297c61203c47b4fa3726e31983a26d809e57a
2023-07-11,21,2022-02-14,2023-07-10,512,428,84,9728238cbc68de61e38a5e5f5d9397af592039568469a5263ffd5731a9e6f4a2
2023-07-11,35,2022-02-14,2023-07-10,512,423,89,612681a85e8efdece2c96231ee6ed1274ac56b20b5e835377e672733d7c79484
2023-07-11,82,2022-02-14,2023-07-10,512,427,85,e350d6648b7e27d3d2220d282254a13099670ca8e7cdaa0d120f30e740683c42
2023-07-12,11,2022-02-15,2023-07-11,512,429,83,9c3dbe7c7e4b7ef149d51190eea568e8fda6cd0896b60d68371a7feb08a5ecd3
2023-07-12,12,2022-02-15,2023-07-11,512,420,92,39483a761fea6d9f8f5aa6fc2ddbfea1f02ab75c35f577c6c78be45ef07f08f2
2023-07-12,13,2022-02-15,2023-07-11,512,427,85,2896afac15c514c133e942fa9b7049e60593cbcd900f12de16029b6493ead4a9
2023-07-12,21,2022-02-15,2023-07-11,512,429,83,aeba43b2aee66c7a2636a644dfb36d11f5aa9a373a99f2491e1cf2f216de5890
2023-07-12,35,2022-02-15,2023-07-11,512,424,88,3c85da3d05a16772f2ce414ac96bed761d60a70ee6f61f6832931b23097d5e6d
2023-07-12,82,2022-02-15,2023-07-11,512,428,84,25e398ebe49d91e87834a483ce7db5458b5aed3f285a4ebe47a16532537418c7
2023-07-13,11,2022-02-16,2023-07-12,512,430,82,4c913822605bb7a493162617fba064087498d027229a20a13711b41b253e1edb
2023-07-13,12,2022-02-16,2023-07-12,512,421,91,39b3110d47f8027e92005f908f8aa380f3861f4ad099a5ea6f66216aa3b67a05
2023-07-13,13,2022-02-16,2023-07-12,512,428,84,656c16af698c24ac9599a9ffbe33671bf0554b0160b5c4c0998189e14f2503d5
2023-07-13,21,2022-02-16,2023-07-12,512,430,82,3b6e2ba430ef750e4c07dd11e7850d33a8c5356835b56015160e7ea2b2a6fac9
2023-07-13,35,2022-02-16,2023-07-12,512,425,87,83d8ee0441c2a4658a40a408a38fe66853b6ca3f88b5f180f172c9a21e74375b
2023-07-13,82,2022-02-16,2023-07-12,512,429,83,8a90e1758e52595630349ada54835ad66e9c8a658214f1b735aa12fc72c40b53
2023-07-14,11,2022-02-17,2023-07-13,512,431,81,ee2da94e80188edaace13e152cf7b444cf6e69aaeef6bb6114d459d8e5c17a93
2023-07-14,12,2022-02-17,2023-07-13,512,422,90,58bea2da984afbf35c886d27bd1625937225c765c2571858c07941fed347e0c3
2023-07-14,13,2022-02-17,2023-07-13,512,429,83,707e2d90600f4bc1a09542d9ca96664bd2c33a68739a3b2b68e8127f2a8acd62
2023-07-14,21,2022-02-17,2023-07-13,512,431,81,77f87c9fa57c6b933a6aa00a28430dc0008768bbe147ef0f881cfaf8404997b5
2023-07-14,35,2022-02-17,2023-07-13,512,426,86,f3d151d696db13a41fd8855f2c1f0382333f0e554cc88e4ec49a905014ec45ef
2023-07-14,82,2022-02-17,2023-07-13,512,430,82,c332ee54fbb00ef95206d1894f248d3ccc316b678472803d836e63419619cd8f
2023-07-15,11,2022-02-18,2023-07-14,512,432,80,e46fd79a693bae6dea80c1caf6ef963f272e8515d71d19d3be63edbc1bd1ade6
2023-07-15,12,2022-02-18,2023-07-14,512,423,89,8ef38e596afa54b60dff19bfce762b2b0c98f112ee043b7c8eb2f62c176e1333
2023-07-15,13,2022-02-18,2023-07-14,512,430,82,f8ce7816290469d5dff6fb6ff6fb7bc25a9dee928c77e1b6c48f3dee40287e58
2023-07-15,21,2022-02-18,2023-07-14,512,432,80,a510463bf12b7f65ccf2831bfba97d5999ab3282942e739899c7a8939a40f7d1
2023-07-15,35,2022-02-18,2023-07-14,512,427,85,55a05673dd54261a92fd92b23243f3e71c7336544b25613b98e26eda69668701
2023-07-15,82,2022-02-18,2023-07-14,512,431,81,0d1f15cff808da06e94b865d810a0de023308372c2500ddf36a74a8d4c247337
2023-07-16,11,2022-02-19,2023-07-15,512,432,80,6d7035f0d382795afb8ac8954b8c3d7efc26a6de9e66e175a22bda1c8bc97a4c
2023-07-16,12,2022-02-19,2023-07-15,512,423,89,2397a6353365d5bb067f0e125f481efa397a2223873678f4d901c8d471347b1d
2023-07-16,13,2022-02-19,2023-07-15,512,430,82,7a4ab6908c3f951aec7df23729129ae61a39a323354c5bcc9735333520921820
2023-07-16,21,2022-02-19,2023-07-15,512,432,80,6d4b0c06a91904b8fd832001e0bde7f1051f91b523634a2db68d2f1f66d35c6e
2023-07-16,35,2022-02-19,2023-07-15,512,427,85,65ee252c0887659818def5dd3a8b9cc2a87571d7018bf5fe623f4a3be510c79a
2023-07-16,82,2022-02-19,2023-07-15,512,431,81,222886e8c55d1fd4d0acab96152908161cc99b9df31aef2863a9ce5ac3123f89
2023-07-17,11,2022-02-20,2023-07-16,512,432,80,22c7ceeb7a2ff37a1df77bfc4f01ed95060bf1e52d462166d9dbbdcf7a3b231e
2023-07-17,12,2022-02-20,2023-07-16,512,423,89,78d41107b09777399dd41737071323c2758ae9b58bed24b94f10027a44bfc6c9
2023-07-17,13,2022-02-20,2023-07-16,512,430,82,ad6a0263c8adf79cbcc4feae55136599d48e709a4c2d3cfa13f251c6776f8b03
2023-07-17,21,2022-02-20,2023-07-16,512,432,80,a6aac86b47a6f1d03cf3fa68ac693a66e9d93d4dd54f3008080c9a7fbfa8bb55
2023-07-17,35,2022-02-20,2023-07-16,512,427,85,34e787bac4ad4f580c4777ea7430cdac7aa3b16fc93ca8c8b71a97534f664863
2023-07-17,82,2022-02-20,2023-07-16,512,431,81,540ac753afce3a1a49cfaa978ca339ed2e9416add08f0d814665e4f41c49002c
2023-07-18,11,2022-02-21,2023-07-17,512,433,79,05c9e1fdd9c66127aa62fee030a029fab80b66ea90031e94362e69adca655017
2023-07-18,12,2022-02-21,2023-07-17,512,423,89,e580f1638caa530ec82af8665a46dc92f471bf6f4f201189f47b94d86485cb3d
2023-07-18,13,2022-02-21,2023-07-17,512,430,82,9bd25a0f6e6898cd5b5e78f54eed5220f4e87b9dd8ad45d84e434f61f434fc7e
2023-07-18,21,2022-02-21,2023-07-17,512,432,80,1165ca984e87cbb4317372356f39ef55da2cf754a7dcff0aae443bd70fb048ea
2023-07-18,35,2022-02-21,2023-07-17,512,427,85,5d702c1e6865959431a57300f574807d0680f9fcf45dacef2e5a37e5051b84a4
2023-07-18,82,2022-02-21,2023-07-17,512,431,81,03b7f29f528f7c39543867e808cdd40ff220ff737cebfd7298a584574ef84843
2023-07-19,11,2022-02-22,2023-07-18,512,433,79,ac3ce8ffd9f099aab3ad051d01b8c4dc7d360be05cff17618b27e03640722398
2023-07-19,12,2022-02-22,2023-07-18,512,423,89,0641dd3e37bff53a69f71fe1ca980b3d75eb3808db72cbfab2093dcc5e62987e
2023-07-19,13,2022-02-22,2023-07-18,512,430,82,7ee06fe5cbbb05278e766deacc3589cb13a69c760804df34517c2b31e3cb23de
2023-07-19,21,2022-02-22,2023-07-18,512,432,80,acfe0222878779c525624e68fbfddbcb5e2c51b5cdcc9352c27294d2acca6f06
2023-07-19,35,2022-02-22,2023-07-18,512,427,85,8d9db1cdbd6f1a535e7771aaccf3244950335707d4f1574ce2ade4cb3d291b8b
2023-07-19,82,2022-02-22,2023-07-18,512,431,81,319562736cee1de13f03ebb056bb184cdc3260f28bde5b972ececdc8637ea05d
2023-07-20,11,2022-02-23,2023-07-19,512,433,79,b2efc20f9ad841158c208a93539c279099263507d3654583159b26e1ac704425
2023-07-20,12,2022-02-23,2023-07-19,512,423,89,ebd40b7563271b5bd11587a4641c1493ede60685f31455f16b2de2f9e028be54
2023-07-20,13,2022-02-23,2023-07-19,512,430,82,a39d22947e323b5e7c4b62fd7832825b565a715d91663a316b0b353fc812b00e
2023-07-20,21,2022-02-23,2023-07-19,512,432,80,a09e85cff60f1e6d78fb879bf68fccd64f88111c53be5e6589102234e779af97
2023-07-20,35,2022-02-23,2023-07-19,512,427,85,e3eed0ef6f985f9c69bafda244196d0d50b88e28874a22fea2763e0c6455717d
2023-07-20,82,2022-02-23,2023-07-19,512,431,81,a5c814b1141b663c2ab5bdc6914a74259924387539df88e6ddccaa3d8d2b505a
2023-07-21,11,2022-02-24,2023-07-20,512,433,79,31159cca43e4cd92347394882283dcef0bf9c1cf938e8d4d8ac884b77a1a8ffc
2023-07-21,12,2022-02-24,2023-07-20,512,423,89,23f902670d93883b19715f9953dce4a0c7b38b9a12c7f3c08598fec85299de6d
2023-07-21,13,2022-02-24,2023-07-20,512,430,82,7c89d043119e886a716e4bda0027b7e260223f8144c3855337938aff695a21da
2023-07-21,21,2022-02-24,2023-07-20,512,432,80,8344a9193a381d9c5c339a018f78c10bb34a29fd5f9297765e652b96a6bc762a
2023-07-21,35,2022-02-24,2023-07-20,512,427,85,495dc41b250eb1b5046e4f6e7947067423360f5fc80e368b74c148532f74edb7
2023-07-21,82,2022-02-24,2023-07-20,512,431,81,acd8acf1ba4e15e1b5f1af8b99f2f86a94ed9c92e309eddd2ad8648629f1170d
2023-07-22,11,2022-02-25,2023-07-21,512,433,79,1eeae0ac926e33fa7c025c4bfb8a8a492aa48a9bc103e5db458eaab6f648381e
2023-07-22,12,2022-02-25,2023-07-21,512,423,89,44091e03d5b5420447006c13fd391c7d892e6c9c200ec5d9043cc3a648393244
2023-07-22,13,2022-02-25,2023-07-21,512,430,82,bb44c0e0aa403e66be94794908d468031a503bef2dc1cd528efb2788de0255be
2023-07-22,21,2022-02-25,2023-07-21,512,432,80,1195ef9458eb4d0a796d7b2fb9d35e268f1801c6b31e7bc1e628d23ab2c88296
2023-07-22,35,2022-02-25,2023-07-21,512,427,85,31c4f2d74f60f0a66dd4a90ef09e2f4740955ab502673df53242ae64bfaf7ad0
2023-07-22,82,2022-02-25,2023-07-21,512,431,81,3866ff46e1757270bfc16ea5ae73a5387e3d0adb836f78207b247a78e1c2c7bb
2023-07-23,11,2022-02-26,2023-07-22,512,433,79,d23b81ef288f1a0e750526c826b78bd97abfc46da5bfe18cf99decf1f16ee43d
2023-07-23,12,2022-02-26,2023-07-22,512,423,89,ce30cceab2216a1b622ae710313c24b14220ce3f5faef4f0f0297a10229b7990
2023-07-23,13,2022-02-26,2023-07-22,512,430,82,8871f0f1a65ec63d34a62b314b1e9ea1e960497eab6d60b0d3007813f021ffd0
2023-07-23,21,2022-02-26,2023-07-22,512,432,80,76f64733cab8beb8b27983eec5bad5dba56c956935c6d1209326405f2b344f21
2023-07-23,35,2022-02-26,2023-07-22,512,427,85,9996db00675df01a173bc863f912f172cda86e5bb742894f448d475380b4d813
2023-07-23,82,2022-02-26,2023-07-22,512,431,81,865b62b72037bddac8d737e077f08de7bbd479992bb9ad55b4462c3be75cde3f
2023-07-24,11,2022-02-27,2023-07-23,512,433,79,95171a99cf2cc18bab34e3f80710c2a1c1d067f92161f1a86dc498fb531f5d64
2023-07-24,12,2022-02-27,2023-07-23,512,423,89,64482de0b76b1a0353c74107c0cc15772a99d34510f3f1e2b16176e9b918d3fc
2023-07-24,13,2022-02-27,2023-07-23,512,430,82,caadaad9be4f269204d464de01ffbb61e194637b69bda5c63aaaed42cf7410f6
2023-07-24,21,2022-02-27,2023-07-23,512,432,80,6e7ed273b6e9da1119f0c1576945b653c0354a805a650f9998e046f91883ef51
2023-07-24,35,2022-02-27,2023-07-23,512,427,85,01474dc84cbdd3e16578d316f9bad9f11fbe7979027635d1bd68db9b878c81ff
2023-07-24,82,2022-02-27,2023-07-23,512,431,81,20a2c35c1159af20c60273d2d419c9abc4eecef1e57aea77eb168d670f061271
2023-07-25,11,2022-02-28,2023-07-24,512,433,79,8eeffafdc22058e4e4d4a2a905e58d81caeabb70cc9659fbeab414c339b8a46c
2023-07-25,13,2022-02-28,2023-07-24,512,430,82,c3becdb48492a0c7c5ab404f12b8ceacd90a200edda5e3595eab76bfcacbdcdf
2023-07-25,21,2022-02-28,2023-07-24,512,432,80,4103e05fe7e2e00b47502ef73830d26f8e48fcfbd8c81aa757955bffd245ca74
2023-07-25,35,2022-02-28,2023-07-24,512,427,85,9db37142a2a6d1514932c4ffc583150c879ce707af6b7ca062124e4e62a1bb26
2023-07-25,82,2022-02-28,2023-07-24,512,431,81,4e0ddc0fdbc71799f3c0a6199d3ef78abdbb81f9897e73fd0b19a2b38601320f
2023-07-26,11,2022-03-01,2023-07-25,512,433,79,5bb3e4d7710489fa3b29ce5aef776716c075ff88b2ed7003696d5a339a502126
2023-07-26,13,2022-03-01,2023-07-25,512,430,82,e7cf1d78366556c8d209c3c2cfdcce96f920752523e6ddc85f7e9da7cb5bf635
2023-07-26,21,2022-03-01,2023-07-25,512,432,80,3ecd5e3994618328f2bb2dc8ee6770a50f3594c67676ab9c3786dd9a1e0ef285
2023-07-26,35,2022-03-01,2023-07-25,512,427,85,843bcd5b01b99ae9aec159aa52bb5dcb56a80f0d28a5dcb6f25782c224a6b2f4
2023-07-26,82,2022-03-01,2023-07-25,512,431,81,19fa43fe48a201da80fc0654d813b0864c7e6c7dc975d85a3ac22947d355caac
2023-07-27,11,2022-03-02,2023-07-26,512,433,79,2213911bab42d215a566380f73a495a0f15bb34a1b2981aea3e24a4c15f3d793
2023-07-27,12,2022-03-02,2023-07-26,512,421,91,9bcd6722ee4e4176aa9c88189b346fe868e2751877b527742ba964e573da6bc3
2023-07-27,13,2022-03-02,2023-07-26,512,430,82,2fc8e277f314b261be04ed95af94fdd5023eb0f6aa118e95252d57a23d21147a
2023-07-27,21,2022-03-02,2023-07-26,512,432,80,0f06bd99586a69a107832e62ea455395ab63d9efd8dd6725ee7f95a44ad18bf8
2023-07-27,35,2022-03-02,2023-07-26,512,427,85,3ad576943a6d154d473cb5d23bb208e55d32ddeed59215cc1e9c2a5cce5bc112
2023-07-27,82,2022-03-02,2023-07-26,512,431,81,a4d6923dbb1476b1409524e375d21c93c591bcf9d94e78b8ce6bc568055cea38
2023-07-28,11,2022-03-03,2023-07-27,512,433,79,680fbc3da5a6b238984bd13c0027307d7ceb62a0725db712fea12e0004460a9c
2023-07-28,12,2022-03-03,2023-07-27,512,421,91,c98e1b105f4f97de451dd007e332fc7e92820c9118fa960528b618963d349da2
2023-07-28,13,2022-03-03,2023-07-27,512,430,82,8d9b82b36978cd6a716ab4082be2a0ccaaef4194314676792e49d25022191427
2023-07-28,21,2022-03-03,2023-07-27,512,432,80,e031ef947d72e49eeb78f9ebcdc15f357b4c2dd997ff6c226d6c23d301101dfd
2023-07-28,35,2022-03-03,2023-07-27,512,427,85,49aa00c3c0ce5cb5692aaa1141f8cd76e061d12f619b94f8a9b85bb8558d74d7
2023-07-28,82,2022-03-03,2023-07-27,512,431,81,1be6b2d61fadd508adeb1bbe372f92628de562c2c47442aeac7d880d122e84e6
2023-07-29,11,2022-03-04,2023-07-28,512,433,79,3693349af8916e83a3399961a87a997bb19dc0ef2dd26c65520411550140bf89
2023-07-29,12,2022-03-04,2023-07-28,512,421,91,9e35b8df4becfb1cf1f9584dc99078fc0946991a408e426ff086880177fcec5c
2023-07-29,13,2022-03-04,2023-07-28,512,430,82,32141b67bae9cc0e34495d94cba32c4cb0b5cf40e61676512bb8d337d0b11c20
2023-07-29,21,2022-03-04,2023-07-28,512,432,80,604cefe48fcd7b37ceb282a25e4001846a28a6b88ee8647239dbb6db28d73b6d
2023-07-29,35,2022-03-04,2023-07-28,512,427,85,1548a8b6f7f63714b8dcee57796e8013871073fab69d1f0786ab9fb2ea1041f7
2023-07-29,82,2022-03-04,2023-07-28,512,431,81,5de9bdb1fd82efedfaaaf0c491202bb7ea82d1dcb101c24556ffe13ae1c82a63
2023-07-30,11,2022-03-05,2023-07-29,512,433,79,9564a2c60bf8a0c878602639cb74f9e8904783dcef12bb46448e8afc9735a7b4
2023-07-30,12,2022-03-05,2023-07-29,512,421,91,b285ad7e146d30ae2d9928664da497e8c7b6239b8107bc6f0ec9e80c133e0af4
2023-07-30,13,2022-03-05,2023-07-29,512,430,82,f517a06ad7b79fdff797d61afa3fce08ed363d515ffd0863c0b3a7edb566101f
2023-07-30,21,2022-03-05,2023-07-29,512,432,80,6369f6ecbccc3ba6bc318570fa867534484b75107cea140ed3bce85f3edc4d7d
2023-07-30,35,2022-03-05,2023-07-29,512,427,85,277a1edb583ddb15a2a01ee205ab68f1880f3b74e0d1495a40166771de35379d
2023-07-30,82,2022-03-05,2023-07-29,512,431,81,ddc056f0c02d9088e9d7e943657d17677b64ab440a7621ee7849a5de9d85a9f3
2023-07-31,11,2022-03-06,2023-07-30,512,433,79,c6442b42d79f614afd0c12be872031e90d35182bb462279deab8d1b6d4b97ced
2023-07-31,12,2022-03-06,2023-07-30,512,421,91,9dc8be8147879dbf3b648175830c1b5fd7a29ae89c3fe460b7217ed537a52e8f
2023-07-31,13,2022-03-06,2023-07-30,512,430,82,58aae537678f72b84679c1207340fa7513ef16fe703372896e1753c8095748cb
2023-07-31,21,2022-03-06,2023-07-30,512,432,80,6e064c4c1772184238b432772d87018f28f73889f12ee5b62974e46389eeb270
2023-07-31,35,2022-03-06,2023-07-30,512,427,85,e514088cc22af4d59a49ca6e5667fc11cf58b7b7815e0b292e7e6bd7add69dee
2023-07-31,82,2022-03-06,2023-07-30,512,431,81,71a2be424afd0d81080518ffc18fb41802f48315e7c3eb7f246b9585b4c5c1bd
2023-08-01,11,2022-03-07,2023-07-31,512,433,79,e28c118c3acc9add116746187ea5de4ca20b74f5a5962b8043f9a0bc0c6dcf85
2023-08-01,12,2022-03-07,2023-07-31,512,421,91,bae4724d124436d8659edae3d88ec19ced41c73f1d72265b1c91d8536509f858
2023-08-01,13,2022-03-07,2023-07-31,512,430,82,20609e60737221eef7865564c25fc880abb31664b4428d7cdb75090cbc0b4c49
2023-08-01,21,2022-03-07,2023-07-31,512,432,80,1415b45c56b1b222749dfce3395dad9bf2493d96c7fdf2fffd56029453a15ca4
2023-08-01,35,2022-03-07,2023-07-31,512,427,85,4db2558b88f5d9c239ee0a4b22a701f812d5c5f79f70e4a5c304ed76eb12f2f7
2023-08-01,82,2022-03-07,2023-07-31,512,431,81,0289e28fecb6dfa4849558ed42ca3c4c0ff7e1803195ce888d0ebcdccdd48889
2023-08-02,11,2022-03-08,2023-08-01,512,433,79,a56d7d14bba0afb8c0cebb344110888d55beb048f7bae55184df07065cebf62a
2023-08-02,12,2022-03-08,2023-08-01,512,421,91,55a3e6bc52c43d28ea72bd2c182f23a27743cc6bac8f1bb57e953d989d90d048
2023-08-02,13,2022-03-08,2023-08-01,512,430,82,96d02d7acc1f06d504ea2e7f53a9a17b27cf8a60b33912f684117a434cb254fb
2023-08-02,21,2022-03-08,2023-08-01,512,432,80,ced19883e7871b7ef7758b3a21f3b221dd0ec6db26cdda2f90aca4c35cbe24fc
2023-08-02,35,2022-03-08,2023-08-01,512,427,85,c058acb073b55f355f102165b29867367da26a8a0c5ec3c8a9bf2bb1a56b72e3
2023-08-02,82,2022-03-08,2023-08-01,512,431,81,b09333bb49b563e1476eb037afc9a2e42a92b41a989167d009a2b69053405c9e
2023-08-03,11,2022-03-09,2023-08-02,512,433,79,b6436c48aa24efa6a565e57a6a2a80eafb5fd3ea4665292996d09b92ef95a99e
2023-08-03,12,2022-03-09,2023-08-02,512,421,91,2880c576bbf68edc99f3f1b2c6e0116b152b2fc57f5c63c6f7c467fceade41f6
2023-08-03,13,2022-03-09,2023-08-02,512,430,82,2b33c303c12be0d9abe30404bb02ce8b218f23bda8001b1312afaf0fab3bd585
2023-08-03,21,2022-03-09,2023-08-02,512,432,80,81aa9d63e904f70016597cb92b791acfbff62d575b7a068d93fc8e0a2784e2ec
2023-08-03,35,2022-03-09,2023-08-02,512,427,85,6c195fb24e2910542b7226fc9e529eb5e8574324dfb438923023397391bfd2ad
2023-08-03,82,2022-03-09,2023-08-02,512,431,81,91c3c4a4c7331bede6354c744b7020fffbea153ae23f34261a46616ee4ccf520
2023-08-04,11,2022-03-10,2023-08-03,512,433,79,7eb4ccd2b1689c34253ddce8c0018069db57ca5aab45caf256d6b1285eeadc4c
2023-08-04,12,2022-03-10,2023-08-03,512,421,91,7f19833e4fc4c309f77fe72e8e8e8385117aac95facf0958e0df6ef46ac0403e
2023-08-04,13,2022-03-10,2023-08-03,512,430,82,95b59e276c29c1516c781a772812c304503184230b44806cc2509332d4b625b3
2023-08-04,21,2022-03-10,2023-08-03,512,432,80,748148ce4151ed728c4f4de7c53aab2900702794a43fb2852cd384f5ae90adcd
2023-08-04,35,2022-03-10,2023-08-03,512,427,85,1cb18d1c890c2a3ac1bcca15ad3aa01e6041e24460d0b52d55e0f69764f2ee0b
2023-08-04,82,2022-03-10,2023-08-03,512,431,81,e39721d86bd82bf2d23678346be42d0c1e33ff0853fb2b145431629a1bdadca6
2023-08-05,11,2022-03-11,2023-08-04,512,433,79,bb8e11cfc4f62b02c3863fe083ef0662acf5a6602e063436d4cd9e0320fab77d
2023-08-05,12,2022-03-11,2023-08-04,512,421,91,78e93d9e7360c162b4f4221836a3fc9cdd2ac907dd3ca912755c493b0ad1c514
2023-08-05,13,2022-03-11,2023-08-04,512,430,82,2b77c4ae40a524cd63cf2578796a0376c3cb939d4a50760fdc61435263d4e6a3
2023-08-05,21,2022-03-11,2023-08-04,512,432,80,6e3f037d658edfa71d65d9b85ef2193223d77980906eec2c94f0b4645f6088b6
2023-08-05,35,2022-03-11,2023-08-04,512,427,85,9109fe8d9e1955a7c98c5f5443ce3df6cb19f9fc48c6dcd17de038ba0426ca19
2023-08-05,82,2022-03-11,2023-08-04,512,431,81,c4e4f86fea0b173240fe8e014a5833f6ad779efc46e5c7bcabd9fca83472fbea
2023-08-06,11,2022-03-12,2023-08-05,512,433,79,04da79eebae206df86269ebb372d0b796eafe111e0464ba990cf1764e966bfab
2023-08-06,12,2022-03-12,2023-08-05,512,421,91,b07a917e5c777fe444a106263cdae9d44771da2215200d7aa8df83de0d12871f
2023-08-06,13,2022-03-12,2023-08-05,512,430,82,bbc8043bda74f2acaf67b1d439664a2f5beda0477794372a9839ed8b982f0b43
2023-08-06,21,2022-03-12,2023-08-05,512,432,80,edefd1fd6a5f86beeae1c3cdd219edc687e878be83cfa9bad0c4686d5f8b7539
2023-08-06,35,2022-03-12,2023-08-05,512,427,85,f249c841803ba6155f53a1e70fb03a05afac22319e4be2f1e000117f7eeda43e
2023-08-06,82,2022-03-12,2023-08-05,512,431,81,a196db68cb40204ca81b3eeda45f71b0e0d32063134081b0484d4c79757727ca
2023-08-07,11,2022-03-13,2023-08-06,512,433,79,d6a828e94c80a3eb969c51c2ab8000f49b15b5454741608206e800e8188a366c
2023-08-07,12,2022-03-13,2023-08-06,512,421,91,cf2f07dbdeb740a028e85f398ee45557306c390fd3f191d174e7b3e50c26b51a
2023-08-07,13,2022-03-13,2023-08-06,512,430,82,15ddc3eac3cc94d077f133ace2e82af6fa63c72d279e84a816dbae8138a2c097
2023-08-07,21,2022-03-13,2023-08-06,512,432,80,52a2f62ba736f98abd7b667546b595bb9bac42020cd4c751d21ad6119e405ec8
2023-08-07,35,2022-03-13,2023-08-06,512,427,85,83bd36f017abac203d336b0e344bc283c872e8d2ca4190fbfecdc2e0044ff2ee
2023-08-07,82,2022-03-13,2023-08-06,512,431,81,a700fdbe3a5953c425dd49d39fce904bd2a81093fafa89b5c80122b7699aea2e
2023-08-08,11,2022-03-14,2023-08-07,512,433,79,597891e8d3f48c572584d1151d2a3531684509c1dd39488c533ea2be89fdee19
2023-08-08,12,2022-03-14,2023-08-07,512,421,91,6d04131c1c1d839f65f3de9d39116a050146cf22b9d39d7b8c2a31f92294cce2
2023-08-08,13,2022-03-14,2023-08-07,512,430,82,ebcde816a2943927f515ad4dd619d0c507623be3f377d9187044e2cacce3c3cd
2023-08-08,21,2022-03-14,2023-08-07,512,432,80,32e02603538d6f570fc7cc91a55354d121e9c04343738a69db2c9581f5f3aee5
2023-08-08,35,2022-03-14,2023-08-07,512,427,85,ae6093284389d985bcd0a10f993f9c71be22c205066d0c51419bcb29792b73d2
2023-08-08,82,2022-03-14,2023-08-07,512,431,81,4b88e21855cbaa527e41c61ad19d50babeffb74085cb326aec06e7961592f79f
2023-08-09,11,2022-03-15,2023-08-08,512,433,79,1ba0cfaeff9b08668a3e132c18d1ed7e48cf7a547a99a2b8dc5a059d5fb790c8
2023-08-09,12,2022-03-15,2023-08-08,512,421,91,c84d71370404666186a558ed755a5fb1a61cb51def9770d54f438eaf9221359e
2023-08-09,13,2022-03-15,2023-08-08,512,430,82,8fa66a60c8d26ff9745ce2af243e8fb72c6b8c22c6bd04d05607a78ff80b6999
2023-08-09,21,2022-03-15,2023-08-08,512,432,80,b1d8c1f2294cb07770743026dcff4947a023b7a82bf6c12cc5c3d24f477db17b
2023-08-09,35,2022-03-15,2023-08-08,512,427,85,33f3f19f89d590623f2454f4c14dcf22df5da80120f760f02b614e498699ca7f
2023-08-09,82,2022-03-15,2023-08-08,512,431,81,2020cb7a3ebb475d58c0f90552ff9f4f9fc92956f971d0759d8de3b89333d36a
2023-08-10,11,2022-03-16,2023-08-09,512,433,79,d8e9fa0b577701ff453d76fdb605fa874c320679b3828d1b8f089a99093f3cf8
2023-08-10,12,2022-03-16,2023-08-09,512,421,91,481b71174bdc094f88ce68cf9de3a3dad22774baeff4289da7c3a6b34f49e9ea
2023-08-10,13,2022-03-16,2023-08-09,512,430,82,6a3062d4bd20eda7fdfe333da1e7ae8a11443c38c46d3f1dcc96a456911a39d7
2023-08-10,21,2022-03-16,2023-08-09,512,432,80,af28b56e1532321fb69d15f5eb671658932feb439ad48c27724146c8eec7b7a5
2023-08-10,35,2022-03-16,2023-08-09,512,427,85,d4d3e86bfe7b4e3fcca245061c3287e4a768ada9309db3000143f9aa7dceb945
2023-08-10,82,2022-03-16,2023-08-09,512,431,81,f2dc942b332b54acb15bced79103bb242a899c730f971d5e223dbac6bc700050
2023-08-11,11,2022-03-17,2023-08-10,512,433,79,0d9a5f710db7aa2961331f859337c5aabbcb7fcad8d4fb9cc0a0a034184e900c
2023-08-11,12,2022-03-17,2023-08-10,512,421,91,df6e270fba9b3838cff162274332591abd2318c56ad8836a392143ba7856ca67
2023-08-11,13,2022-03-17,2023-08-10,512,430,82,d1b685f099e498c56ed6e111a9a47a4c12ad2da1744fe28fbf2c974e28ac4137
2023-08-11,21,2022-03-17,2023-08-10,512,432,80,623bf37db757a5d6d92e17ca8cd9894b624390ef30ba8e9c42eb3a0011b823c1
2023-08-11,35,2022-03-17,2023-08-10,512,427,85,89093dce39db43bac775c1fb0a2e7686fbf03652751666e8f6c39585ae1ed35c
2023-08-11,82,2022-03-17,2023-08-10,512,431,81,b2ad10b3c0843786df2485c9ab2035f5900ad1b1b74b2116c00e77a5db5d54f4
2023-08-12,11,2022-03-18,2023-08-11,512,433,79,c8af181834b188e016efeb280690b4ea6976c3dcc4996d8be8b824dc1984355b
2023-08-12,12,2022-03-18,2023-08-11,512,421,91,36bdcf0cbf5164d981a408e66639fda3052e0bc553ac1963818d32e3e193cb0d
2023-08-12,13,2022-03-18,2023-08-11,512,430,82,822d70e17c76733a47e7134210a6f56a91a87ecc6999b9c38e487cb46ca2185a
2023-08-12,21,2022-03-18,2023-08-11,512,432,80,78c247cc45fc5753540ab7ceb4fcd0f372e14aca1d8fa36174d0b214a779a73b
2023-08-12,35,2022-03-18,2023-08-11,512,427,85,cee071d43252a29ab12bbfb41945635952377850deb39d921576a273c961438d
2023-08-12,82,2022-03-18,2023-08-11,512,431,81,3facae7da09434fcc7525ca878c8a392e6883515daa0a83db8d58f994a74d17b
2023-08-13,11,2022-03-19,2023-08-12,512,433,79,aa23ffc1028f3762d9ef9c0075adcbd1d0462494ad7b84aabf31c25d386dc85e
2023-08-13,12,2022-03-19,2023-08-12,512,421,91,e59e587a77cea4949621b67d7d4c064866d553251d71c7d03545d673ee2d5943
2023-08-13,13,2022-03-19,2023-08-12,512,430,82,81b4c96394eeabefebe65c3eba95c4af06ff90817e7ad340aeb5b2b7a06e9ee8
2023-08-13,21,2022-03-19,2023-08-12,512,432,80,cb68e33f3d48045e5446473b38cef9bf0cc92cca96d2b7f98698a3f181eb4f5f
2023-08-13,35,2022-03-19,2023-08-12,512,427,85,b2ed693cfd6112c9fbda945ba6d5a9219e52ed78885018afc8f71a62c2608dc5
2023-08-13,82,2022-03-19,2023-08-12,512,431,81,e9902df7bb26061747ccee84f06f2a000bd82cd684d0b422d861c2321372dc82
2023-08-14,11,2022-03-20,2023-08-13,512,433,79,64731112f15f08fa6a3a14779938487594156137f55c645c1dc19419c7c758b0
2023-08-14,12,2022-03-20,2023-08-13,512,421,91,fc23dd47117d180bec2442777bd56570f5d40008baa22b686561ac8ddd02e280
2023-08-14,13,2022-03-20,2023-08-13,512,430,82,4da35e5fdcdb24ff29371f9d7fe401711c20bf2c5767e4c75132aa11a6cb45c7
2023-08-14,21,2022-03-20,2023-08-13,512,432,80,1c6326e934f4589da3e2d42713a1ccf513f5a91aa6b7a9f3aa113867a913d4a5
2023-08-14,35,2022-03-20,2023-08-13,512,427,85,a276eb84d21df4b30dfddfa2ebaed2a430a64111110fc38140d222bc641214c9
2023-08-14,82,2022-03-20,2023-08-13,512,431,81,910ba949766e09ab0ae5063dd980276383a86cf77c0668882ddeb9a427dc201f
2023-08-15,11,2022-03-21,2023-08-14,512,433,79,4b97e8619e98d6df6b61402a91c09d52d8a23333c6ff0aca33e24316f8574164
2023-08-15,12,2022-03-21,2023-08-14,512,421,91,fd1c6a3fe13af173c17cf4e3a7e63c6867e43cf9060640653a5bfdf43bc23c25
2023-08-15,13,2022-03-21,2023-08-14,512,430,82,72fafbfaa424204f7be8e3073f14e63d2bd01ba7c8098735b4e757c20a9ed8d2
2023-08-15,21,2022-03-21,2023-08-14,512,432,80,17323dbee4c346067be6c6324a3c83739714aacc1d1cb6a4bd59dba43d5ab4fc
2023-08-15,35,2022-03-21,2023-08-14,512,427,85,40e57d68f817b4fdd0304b5489250a2d59e0f09c81c3911359aabf2d92cc14f7
2023-08-15,82,2022-03-21,2023-08-14,512,431,81,ad627af0f4afdc682273dd37bc9f518c6b2484dd0d027fb336e70dfa096e9c07
2023-08-16,11,2022-03-22,2023-08-15,512,433,79,a55073bb82bfb9b16f1edf9892c1428a92b5e5709f7aa355c6aa2aabd83435a6
2023-08-16,12,2022-03-22,2023-08-15,512,421,91,e84cab714bf5d308ec89fc1f5a5ab63efd9dd9bc1378c6a47c2c160786f5c942
2023-08-16,13,2022-03-22,2023-08-15,512,430,82,54b3f964a4229cf44c8fdb3a94c9349c5f1531df826f46e877b601ad710e3238
2023-08-16,21,2022-03-22,2023-08-15,512,432,80,17cbdccaaf3e7f6d7104b7adfff03e438e3f0fa8cda8580fb4a563a3741e669d
2023-08-16,35,2022-03-22,2023-08-15,512,427,85,2eff366c07cd2a797a260aa75f99ee168ea98d7363183f56907525ad3c07aa06
2023-08-16,82,2022-03-22,2023-08-15,512,431,81,a4899e69abeffbe77e4df0ab5b9eba5f389f48f6d170cbf2c52eda2f161d23c3
2023-08-17,11,2022-03-23,2023-08-16,512,433,79,b0b894d828d875afffa6b815ef0d39d689a3106131abf9456beeaa3f1252284e
2023-08-17,12,2022-03-23,2023-08-16,512,421,91,3f7e3e9545576a4dcf0322611bdf92cac27c14a5061083d4ce6a8545f8dcabf2
2023-08-17,13,2022-03-23,2023-08-16,512,430,82,4960cd688deb0379d9fd3cde43c11a6f308ff83ca0c21a84e26f15051cd69876
2023-08-17,21,2022-03-23,2023-08-16,512,432,80,4e00561a9b59f217b5ddb8a2d805990539079a1ebfa520983391965124e058e6
2023-08-17,35,2022-03-23,2023-08-16,512,427,85,0ba199c3c84beb965999ddb4960be6005b2a452abfde98d8adb4fd56597e2b40
2023-08-17,82,2022-03-23,2023-08-16,512,431,81,d74668002cc794e0426754fdb57557d9021d193e977be0d999d481d198742ed2
2023-08-18,11,2022-03-24,2023-08-17,512,433,79,cd01f30454d68e0f1a45594ef289d4e811a30df538531ba5133410669ba30583
2023-08-18,12,2022-03-24,2023-08-17,512,421,91,52be49a8881ab10263e585eb2c7a5917503ce44284f4261b2de5096006e3f6e7
2023-08-18,13,2022-03-24,2023-08-17,512,430,82,f39bdaa5ade700f5f4e1d8233d00697febc139d4f5ba9f5dbdb479230863d70a
2023-08-18,21,2022-03-24,2023-08-17,512,432,80,8ccf47da3798484baeab9386bf708368fcfcd7a0987a99d3f29350b0baeadbd8
2023-08-18,35,2022-03-24,2023-08-17,512,427,85,614678956e1e1d1dee4e8af494861a6c2de1ed109c2ef647541d7db64b9b6fdb
2023-08-18,82,2022-03-24,2023-08-17,512,431,81,881eb63bc57d5e7bc0eb3826a586f4f1695dc8e84b41498016845d4bb485a7d1
2023-08-19,11,2022-03-25,2023-08-18,512,433,79,f321508c041ca0e8900aab2a84446d8c81ae6c14682480afe85a81df539fd0d3
2023-08-19,12,2022-03-25,2023-08-18,512,421,91,c9625e77b0c67c5a996139d2015c87436a7f217587304b0a6a19bc5e3be067e4
2023-08-19,13,2022-03-25,2023-08-18,512,430,82,2d0eb814b686d10f753175406c587824e1330c364b2d921ddfd8271c10e393c0
2023-08-19,21,2022-03-25,2023-08-18,512,432,80,721dee0a9f5d26c93b0a6b3bd6ff7218fb5f830739e38d25363a0ac9bbc3732e
2023-08-19,35,2022-03-25,2023-08-18,512,427,85,f2bad0195c8ca29fd86d892e52ac3babb4f9e29b084bc7ce86b6303a1af29821
2023-08-19,82,2022-03-25,2023-08-18,512,431,81,7e515554a1a0de55b73c90275c9890f6dda948098b94c32bfaa6ff38bedf6fec
2023-08-20,11,2022-03-26,2023-08-19,512,433,79,b02b8a31d0bfc421a92f9066eeb8dd894e3b802d309b9c1ab00275e7e8d855fd
2023-08-20,12,2022-03-26,2023-08-19,512,421,91,614a0a37bae7d017444a5dd87f3ea1d2cc733335eaa15754f7abd3393833193f
2023-08-20,13,2022-03-26,2023-08-19,512,430,82,7fb9146bc758f6de6fbe56a27d2a8c83a271acab3749d5d489ff59c86b58d878
2023-08-20,21,2022-03-26,2023-08-19,512,432,80,c2f78b469ece34b2788bac3abaed01a5c033f6240fe06e0bf7bf0d1670a19436
2023-08-20,35,2022-03-26,2023-08-19,512,427,85,d0a100f247116c1f098bbbc08e4b8aca6634a1071992eb5b74ca098e3eab9176
2023-08-20,82,2022-03-26,2023-08-19,512,431,81,20daad4ccab6b99f3ff0d721bbe8a860c94439b3379dddb048d5ebbdd0c14630
2023-08-21,11,2022-03-27,2023-08-20,512,433,79,09de4394542c9e70cbd1c46535f3c6acee2a42b83ff36bd9bb0bf7c721fe12aa
2023-08-21,12,2022-03-27,2023-08-20,512,421,91,567136cfc5341687fbd52f7ed6302a2e54f34922b3dca07e7149563a9db9cc54
2023-08-21,13,2022-03-27,2023-08-20,512,430,82,9820c049c12fa27f31d605fb4f4b44f473f8690c140776a88d011ff5e96a4239
2023-08-21,21,2022-03-27,2023-08-20,512,432,80,15dc5bdd03c2d0176e4b02a49646b35cf18c86b13fe60197dfcc9abc1e7d75a0
2023-08-21,35,2022-03-27,2023-08-20,512,427,85,90a74b6c012620c3b9b73a90e7195cbb4fb98fbabbf954e4aa496c0f3476482f
2023-08-21,82,2022-03-27,2023-08-20,512,431,81,574965ed4f818321a93402b3474957acc778472509c597df9f0435c1fd957a1a
2023-08-22,11,2022-03-28,2023-08-21,512,434,78,676afa5fd0253fa7e3cc2811a8d216e466fa6306de659807fd73ae528712bf3e
2023-08-22,12,2022-03-28,2023-08-21,512,422,90,102e4961512f9cf0f29ac9290a456bd48f4568dc1f21d4b8fa71cc08a92efe5d
2023-08-22,13,2022-03-28,2023-08-21,512,431,81,fb48f43a87fe3fa0ef9677b87d66f87f2836575b84f4312853343b373f9d1a11
2023-08-22,21,2022-03-28,2023-08-21,512,433,79,5478aa1ab57bb4b262b6928d97d4f912f71024d54e0a64e18f837aaa92eb1fe9
2023-08-22,35,2022-03-28,2023-08-21,512,428,84,7b1b0de955a81898f4a1d2751299a84f00fa6b3915733e8e8b093026156b9d02
2023-08-22,82,2022-03-28,2023-08-21,512,432,80,6005a2b45365b5e0db96a7421a2584ef7e838fc87376856049b21d217c48216d
2023-08-23,11,2022-03-29,2023-08-22,512,434,78,43316395763e62b41b18705644d80f6eb0aff04224cd23ac1af23199cd12f9dd
2023-08-23,12,2022-03-29,2023-08-22,512,422,90,f97b43aff4cd36a41375406d613a1766b7f5668458f347347e4f08a47015ca9b
2023-08-23,13,2022-03-29,2023-08-22,512,431,81,889b853e61264a86382ac311a25d107272a2e1a1198b2e3d4c070081dc72c3d8
2023-08-23,21,2022-03-29,2023-08-22,512,433,79,b5e725c57e77d54da0799426bd7f8ac1191779648220bd8b897638bc0f120819
2023-08-23,35,2022-03-29,2023-08-22,512,428,84,0424823cbe5a349d75a65eeb78907a1106a83b9fade0aeddeabe96a797b3beb3
2023-08-23,82,2022-03-29,2023-08-22,512,432,80,ff95ed0079f71ee20055f078eb6fb17151c78375f99ed4a03eb12dfe6ba5d549
2023-08-24,11,2022-03-30,2023-08-23,512,434,78,0297e12cc61278659c8deb76e163839e2f95a381881c6751b2d3c0e0b88a074a
2023-08-24,12,2022-03-30,2023-08-23,512,422,90,4a98d91eac63e2f944255f20256a1ef558390ec9d86855492f79e003749e36b5
2023-08-24,13,2022-03-30,2023-08-23,512,431,81,4483bd870e32b1c02a571a9fe8ef33543d173240d04567c71c264ac098e5f6e0
2023-08-24,21,2022-03-30,2023-08-23,512,433,79,0756641091bb9b0b3874caff2f09569fd702241dec33774f92c1d086ac407f79
2023-08-24,35,2022-03-30,2023-08-23,512,428,84,1d8911695d3546c0d0a921cfbc326fbe1af2e309cd9efd9759f02e3d31d13dc0
2023-08-24,82,2022-03-30,2023-08-23,512,432,80,8cd7142c21b3ec2d651e7ce009d6b3caa73124a7e5e7d77e00e7df36e0c5f6e2
2023-08-25,11,2022-03-31,2023-08-24,512,434,78,e7d30eec486adc87d4e1b676cdb7c3c298a358daf9ab3cd351641d874e38cdeb
2023-08-25,12,2022-03-31,2023-08-24,512,422,90,0d43dd5ec1014587bb363bfc858e1669fc2456eee3a11647a48aef44aa3b4f39
2023-08-25,13,2022-03-31,2023-08-24,512,431,81,689bea5bc64aa39022107f0ce97a9d699e48449bc25f2e4caef6f5f0e05cc830
2023-08-25,21,2022-03-31,2023-08-24,512,433,79,d20b8d6bbb205adda3a8f2d4ccfb90b136acadc407d561eb6f6d6664c2cb8e24
2023-08-25,35,2022-03-31,2023-08-24,512,428,84,ffafc27ae6c19459d24ce114562a723f94be9411816d3238eb9a82e303ed0587
2023-08-25,82,2022-03-31,2023-08-24,512,432,80,64e88f1bd9c0f5644bfc475cf0b363e1b3e41b2822590ff2d929ebb6e2432199
2023-08-26,11,2022-04-01,2023-08-25,512,434,78,0d7679c23c90ee6241c4a60438aae6595dfcc668bcc6ed78c7087ea998d6ed06
2023-08-26,12,2022-04-01,2023-08-25,512,422,90,e8bf355130bf51f79385647acd1ba10ed6a0c015f4d291d78080de1284fce17b
2023-08-26,13,2022-04-01,2023-08-25,512,431,81,3992f2e58bcf51c6f73a7ec4b98f3db98edffb658901b41b89083c22b2c60fdb
2023-08-26,21,2022-04-01,2023-08-25,512,433,79,2559ee913dc3148cbbe1568fe912cccd9365c7966ed3766fcd02c53f5456234e
2023-08-26,35,2022-04-01,2023-08-25,512,428,84,4a5ee7e8fee1788ced91177079721253fa6e3398fba66db67be5c6d585e0f339
2023-08-26,82,2022-04-01,2023-08-25,512,432,80,774adaaea6cf3f8dfec583341f902a00d5c5cf7ec63bed199c513a9f6ac5e1ed
2023-08-27,11,2022-04-02,2023-08-26,512,434,78,ec01f50a92f995d9110551a418a82da311972a24a9d80ba74c0eb4cd042d3fc1
2023-08-27,12,2022-04-02,2023-08-26,512,422,90,1cc5455697d43a781a6059532935f5f7de28258920d76277920526c75ba344bf
2023-08-27,13,2022-04-02,2023-08-26,512,431,81,5a698e01569ff409409d6c7dd3cb4419173b9149249dda303371d62945a14064
2023-08-27,21,2022-04-02,2023-08-26,512,433,79,1a12bf1532381fd553dfe00c12e2da22291755d5229ba6584b93c6354665ca44
2023-08-27,35,2022-04-02,2023-08-26,512,428,84,9c82364c4878c8ca186d486a15796d20c07ffe4547108967ca359f64534f7938
2023-08-27,82,2022-04-02,2023-08-26,512,432,80,5109fda7efb9cd2e1988d6ec2ef56d0096121f0575c754586f78262473000d44
2023-08-28,11,2022-04-03,2023-08-27,512,434,78,af0d1bf98a583350526928dd381dc618c6b9418b4b4f61cd2c2f7809f9b36072
2023-08-28,12,2022-04-03,2023-08-27,512,422,90,43a1441bc7ea28a4d20cdf64e7c35fc485d904e72124e9215ec3d6361ee6ba07
2023-08-28,13,2022-04-03,2023-08-27,512,431,81,4bde061ade33c1fbfc1f42ad4984dc4332bba051e5430ebe69d875ef76a59be3
2023-08-28,21,2022-04-03,2023-08-27,512,433,79,78de47dbba69442686921291e6f86bf5c38514cc3a18e37299beebbc5e51cc1b
2023-08-28,35,2022-04-03,2023-08-27,512,428,84,da57abb628e8f441d81ec4b4f7a6e63840161f375ef11f69ac48145b9aec14d3
2023-08-28,82,2022-04-03,2023-08-27,512,432,80,4b61685a8b14875cc5b097fc750bbe23355f20d298f4fe20317b8c89000538c4
2023-08-29,11,2022-04-04,2023-08-28,512,434,78,b591447586b496f6a89d853d439764d6b0d30b90cdc06e572e52310e4c68def5
2023-08-29,12,2022-04-04,2023-08-28,512,422,90,f681230c31af269a71d3eed682c5f3be9f283cfcf5c470237aae8d2b6cce5ddc
2023-08-29,13,2022-04-04,2023-08-28,512,431,81,8852d4a9816734c51c368f73e09308252bad6774a6fb4d88f7a7540659a70301
2023-08-29,21,2022-04-04,2023-08-28,512,433,79,6aa83743202babb1289d3e3d88c78f543513a1145226af6504537597780af291
2023-08-29,35,2022-04-04,2023-08-28,512,428,84,95d26523a7b5d01c2d48bd18d1eec3932d5c822d602492d424eeac53610d1747
2023-08-29,82,2022-04-04,2023-08-28,512,432,80,1ace4bd94bc170979f66d9784355e51167f8a7376a65443a58790885d0455e40
2023-08-30,11,2022-04-05,2023-08-29,512,434,78,345414cafb23e58dfd4a43f54888c01a422159641dd2243fdeeb01ecfc38a2ed
2023-08-30,12,2022-04-05,2023-08-29,512,422,90,3ee22dc08f1acadaa87fbb0038f0c9a03d3792f56fc66b547784b07d918284f8
2023-08-30,13,2022-04-05,2023-08-29,512,431,81,c10bafacf90596c57aacb66b923f20c9f914cd9a00d35ae0429297f0fe092270
2023-08-30,21,2022-04-05,2023-08-29,512,433,79,056da049bd0f08133f51536ee00df2f443882e57a18f598c1ddb63dfe02c6cc6
2023-08-30,35,2022-04-05,2023-08-29,512,428,84,a59c1a3c4d33e74c2630affaae74cf94f48210bec7d477ab41595aacffac21bb
2023-08-30,82,2022-04-05,2023-08-29,512,432,80,4f266a24aa5501204904694d1148d0942bd77ee4b0ac9348f7afee0e753a7f3d
2023-08-31,11,2022-04-06,2023-08-30,512,434,78,b804eeea7702c2762053481f1a7be29a23c776d2d5a39dff29ecd4fe3fc9e5a9
2023-08-31,12,2022-04-06,2023-08-30,512,422,90,337d8fb6b738d34bb8b0a93300acf9d0c7e6fc40da050191abb58203fd281fd9
2023-08-31,13,2022-04-06,2023-08-30,512,431,81,6b80568caf587436ae8d3a59da1e24dd0d0d9b499fb41542e66c352b43e3cbed
2023-08-31,21,2022-04-06,2023-08-30,512,433,79,926bc7f4e3c8ececfa24d8ad4a753643d3bd000a952a4f4a0d2c5c377d457fd3
2023-08-31,35,2022-04-06,2023-08-30,512,428,84,d1c7b7b7a65990924e7c4e05f4f6d5d704f35fbdd782001645884370e6c5759b
2023-08-31,82,2022-04-06,2023-08-30,512,432,80,0fba012abea44f56a00e0940a20143b62b536e178a4ea17b8b9d1256ba6d721b
2023-09-01,11,2022-04-07,2023-08-31,512,434,78,77de7dfa47edf1f5509b63a1edcc8b4010be5afb81812d16c125937d523b5058
2023-09-01,12,2022-04-07,2023-08-31,512,422,90,9dd8faa8af84a126ed35ebfe9856f662268a4fd1eb5ee3e5e8d0939e0710b1b7
2023-09-01,13,2022-04-07,2023-08-31,512,431,81,1e0b2cccc4afe10c7579eac05f15eff782b08bea3fbf515b342348bd0d3fe51c
2023-09-01,21,2022-04-07,2023-08-31,512,433,79,4b516ff6d4416929076035eb8d3de12d41abe79c507c9cef418eaab19d16ef0e
2023-09-01,35,2022-04-07,2023-08-31,512,428,84,4b0a3fa144676d0807e83a2bb2dba5855f1e96bf9032c4e08a59be083b1b4440
2023-09-01,82,2022-04-07,2023-08-31,512,432,80,67daff21356fd0dfa9ebe0d138e6f7d0e2f6c59a9c0f14329d5aecc9d7074c08
2023-09-02,11,2022-04-08,2023-09-01,512,434,78,3c8f3987e873d9f38c5c2b3d5969a03fc8a356433925e0026b79d28eb84c8fe4
2023-09-02,12,2022-04-08,2023-09-01,512,422,90,8197af2b8c22586453364d578299cf15dd96ec8bb6fc3a450d46456afb1191f2
2023-09-02,13,2022-04-08,2023-09-01,512,431,81,23d15ce98ad47e1e027d797138128b0961f42e278922d96174710b5a8f85093b
2023-09-02,21,2022-04-08,2023-09-01,512,433,79,16105b9f2a2a956bc7578f57fccc67ea90a8b5d53d4788b431353858aee278c8
2023-09-02,35,2022-04-08,2023-09-01,512,428,84,a3821f28215347ad2818f2ca1587d9503a862b90d8fd22eb6b36d876d33a2556
2023-09-02,82,2022-04-08,2023-09-01,512,432,80,0c1befc16a99a8e110c328ab993c0a278f02cbd153c0fdb9e2cf09d4d3362d6f
2023-09-03,11,2022-04-09,2023-09-02,512,434,78,da310e093c7050cdc271b9f0160cf8eaf205d341b9dea7e066ab2fbbf61c74f8
2023-09-03,12,2022-04-09,2023-09-02,512,422,90,fe8c17a81e5e1aaf063861a459ca93b4d9f13f30d76951dc813e73536c7d8c48
2023-09-03,13,2022-04-09,2023-09-02,512,431,81,0e52db362dcf06bb7fb6e43e1bddc5a3760301ee428ad469108bbf0fa8dc7ea2
2023-09-03,21,2022-04-09,2023-09-02,512,433,79,4377b6110419180b3573c2acb8e990b48b6aead71cfef525d725271afc54c30e
2023-09-03,35,2022-04-09,2023-09-02,512,428,84,4b5092e00e19ca2fc684e49e796654de48974e64ecc743683eaa81ec7d81430e
2023-09-03,82,2022-04-09,2023-09-02,512,432,80,ea8df1f13c5d1e4ff5fa9f06f9754a5079ab2c8e05d3b7bf9b78c8da4e3bc2b7
2023-09-04,11,2022-04-10,2023-09-03,512,434,78,5775e7beb4fdb89d9a706d7c9e24e15a0003dca6ea9148a1f970e845ffa29deb
2023-09-04,12,2022-04-10,2023-09-03,512,422,90,9c6daa003ee6702c692382505ee5cb6dd7e889cc38243d5f2696e109f5f8a70c
2023-09-04,13,2022-04-10,2023-09-03,512,431,81,864f15a3a7beac185064bb271d9c969db8ca3e3628e54f6a8330804b15fc9fa6
2023-09-04,21,2022-04-10,2023-09-03,512,433,79,72267602e4b1def271f275e8b059185a22c6ca4d38d7b50fbb516ddbb53a75c0
2023-09-04,35,2022-04-10,2023-09-03,512,428,84,f31ffab637db79037289c8da4c65114fc299e15af5adab202ba9f1e8e9a52390
2023-09-04,82,2022-04-10,2023-09-03,512,432,80,2f3d446a88c1da19b2f2d88179033ca0897f3944c7373caf04b0cb3ecc53400f
2023-09-05,11,2022-04-11,2023-09-04,512,434,78,688300e5c238bc2dfa842776652e5c22892952bc01ba7421876ca7c5f8cf6406
2023-09-05,12,2022-04-11,2023-09-04,512,422,90,61f90251fa9f4658fa506ae10b22035bfd8f212bbf49e4099f33ac429a6693ec
2023-09-05,13,2022-04-11,2023-09-04,512,431,81,d68875920cd2b971d83e89d8c2cba94f9797b7cc9670acae99f44f1583ecac4a
2023-09-05,21,2022-04-11,2023-09-04,512,433,79,f64aadd678203a2056bdd61ff41366158097eeb8ee1e9c6aab185c40355e340b
2023-09-05,35,2022-04-11,2023-09-04,512,428,84,ad2f0e306e1997079fe72312a46f2adbe13c12fc6c3bcff95da28286cbaaf308
2023-09-05,82,2022-04-11,2023-09-04,512,432,80,f572e478bf131c129644f086a91a74d75bbac5cf89e47f51b0d17a1858c034c5
2023-09-06,11,2022-04-12,2023-09-05,512,434,78,500d7686d3ca6963d792545cec553e6a3c00d6deb5cc85478f30f78ea715e1bd
2023-09-06,12,2022-04-12,2023-09-05,512,422,90,4b0cd455a9984cecad2b4d1b0926773de894c99c882008cb7b94a14272490546
2023-09-06,13,2022-04-12,2023-09-05,512,431,81,65b65e120e85261af47e6c22337e5d1f9f90cb7867db3e5eff32626e96dca9a0
2023-09-06,21,2022-04-12,2023-09-05,512,433,79,d6478e386c2efb9cd3af30618aea4c2c52c8865136606fb38fcf1769c7301904
2023-09-06,35,2022-04-12,2023-09-05,512,428,84,a985ceff698e1f0a628aa16a24c3d4dffe47bb318956c3fbf82a79a5bb8236a0
2023-09-06,82,2022-04-12,2023-09-05,512,432,80,c98f2de357f0e5915132da05865a49a787eca4e1fba40aedd3a230cdaf3e8aaa
2023-09-07,11,2022-04-13,2023-09-06,512,434,78,f04be6aa8f896b84d75ea238d14a6fccf9261010e35d359bb83630867c8d9da9
2023-09-07,12,2022-04-13,2023-09-06,512,422,90,765a4bac1ff53616ef96742302643550172c13b3df5f38f38c55813aa0f34a45
2023-09-07,13,2022-04-13,2023-09-06,512,431,81,563ef88372a4afb07e5d6981c3043bef6b2e55925bf8038c2e51b05f3c74f28d
2023-09-07,21,2022-04-13,2023-09-06,512,433,79,0e9bd911f1a4e4314a04c969559617f221e48119ddb2bb7b3f81f8926bb71507
2023-09-07,35,2022-04-13,2023-09-06,512,428,84,51fc203a6e50ccb25465528cf22af71143bf8a93df73771bdc893aeca3bef02f
2023-09-07,82,2022-04-13,2023-09-06,512,432,80,4e78d6ca108e6e9fee12b2f05b22838367723bdc1cc20b2d5f45f61202f0f297
2023-09-08,11,2022-04-14,2023-09-07,512,434,78,df01e10bf0dd3bc50c1b2c179958f59cdc56906d839219d5cfb1fb61317365df
2023-09-08,12,2022-04-14,2023-09-07,512,422,90,bd9f403df928334453dbd682d1e6567ec76b47a51220ea87ffdd2f67a18f1c45
2023-09-08,13,2022-04-14,2023-09-07,512,431,81,bc8046d5b981078ccbd05d96646edc50c7143fdc4827ed64b3e9e942f94d5040
2023-09-08,21,2022-04-14,2023-09-07,512,433,79,26e33573ec9040fdd08ea4b9e2bde30cf47904c096bf44fb87d2813a22596ab8
2023-09-08,35,2022-04-14,2023-09-07,512,428,84,2d49a5b1c3a46300181ef832cc07dd006abb20964560d429e9b170eaba74a708
2023-09-08,82,2022-04-14,2023-09-07,512,432,80,7153c2bc3ab5bbf756ad48c8dae08b3bb34d576624a9be0775e5c9310e191144
2023-09-09,11,2022-04-15,2023-09-08,512,434,78,0165ab39345de1b2915f96f758be7ea749bade39a8b9255c45ed8fe54949b9e0
2023-09-09,12,2022-04-15,2023-09-08,512,422,90,a8cbcf5a045c0d40904813cfc7c253256777248027aee110d09078d717985a66
2023-09-09,13,2022-04-15,2023-09-08,512,431,81,99418d8c64dbaf75cdf90d86eda80218f62b568fd59ac167d69a966148f4d239
2023-09-09,21,2022-04-15,2023-09-08,512,433,79,ee6fc47647e246b5527d1d504dc830b7215b1a313e03e73f0dce42a5f348f7d7
2023-09-09,35,2022-04-15,2023-09-08,512,428,84,da198e71481f4ebd72b822f28571e873bceb96fd2293bbdc010047404d370b03
2023-09-09,82,2022-04-15,2023-09-08,512,432,80,573999bf4142e2689f0f9ce0cd5ccd7ed1d197d86ad5ce63e7f384d583e5fdcc
2023-09-10,11,2022-04-16,2023-09-09,512,434,78,5935fd3448f072e30986488ebc24c451792c50a6acf67d4d1899ad53b8f4e4c4
2023-09-10,12,2022-04-16,2023-09-09,512,422,90,b8e428b0c2eaa22438c72e96d2aebf7ae71b2b3a25f3aa37356785e280f1ed34
2023-09-10,13,2022-04-16,2023-09-09,512,431,81,14ccf44ae1df9c5926a53081d11e68075acedd897a34d283db858fcd771731ff
2023-09-10,21,2022-04-16,2023-09-09,512,433,79,f649867d4fde24803f7bfcf01bae8d49b963eb85597da2e214396b001cd5ec2f
2023-09-10,35,2022-04-16,2023-09-09,512,428,84,ef90cd12e2b1156a37d9c88b271e0b83c8d15a26d53d4c654d5c0d9eb1c1d52a
2023-09-10,82,2022-04-16,2023-09-09,512,432,80,1213b14eed2cc1bbba593b4294888ad18d58624383584ce13ea395246d60ff03
2023-09-11,11,2022-04-17,2023-09-10,512,434,78,bc7717758b41e0db71f6d8efb3d59edb73240c3fa331b83ac7f80ee28172e324
2023-09-11,12,2022-04-17,2023-09-10,512,422,90,a50151b2b65a40aafa54c050b934297ade893a17615b9fffa882a0d3bb45ff00
2023-09-11,13,2022-04-17,2023-09-10,512,431,81,cab5ba06579b798d258500a500f297a8ada37effafb36b91ca04fee9b95b53bd
2023-09-11,21,2022-04-17,2023-09-10,512,433,79,4007bbc40d341e671eb5d463a2974d48d0ae53ae9eac489a82efa78c9cdcb5f1
2023-09-11,35,2022-04-17,2023-09-10,512,428,84,a481099e4b899122ae1e4fa43d56bda4ad4ae9029b2b0b575b653945d773fce5
2023-09-11,82,2022-04-17,2023-09-10,512,432,80,f19c90e55b4b77f8fcf7679baba9c58cc7014dc72fb12e5be6b451bb8daf53e6
2023-09-12,11,2022-04-18,2023-09-11,512,434,78,010c42c9a34b66f45326435d6b09d81200d7cc278da6278ddcd3945eb9dcd969
2023-09-12,12,2022-04-18,2023-09-11,512,422,90,4943322c8cc2ec2cb90a504b0d8450ac961ba6ea1f02c4e87a003432ba94146f
2023-09-12,13,2022-04-18,2023-09-11,512,431,81,75b672dce59df10827acccc097198627b58fda292f5a5cbf67a4da38299ac97f
2023-09-12,21,2022-04-18,2023-09-11,512,433,79,90baa1a885913d3847dcfa5ae8f4f7d96386e1687e688d94c40c40b5f7f6b0be
2023-09-12,35,2022-04-18,2023-09-11,512,428,84,3b9ac7048d9fbb0e46c72ce717012963f6643dc437be25c4de9a004fc3fb738f
2023-09-12,82,2022-04-18,2023-09-11,512,432,80,a87da9fac52bb6db55c45ef55e46314eb1d51eacc30fe5604af19e55d63edea8
2023-09-13,11,2022-04-19,2023-09-12,512,434,78,c2bf01fbd0558ef6957e9d7040de23bdebb4866d0e18d12560224c58f4ea6742
2023-09-13,12,2022-04-19,2023-09-12,512,422,90,4987b2fb901c73bcc4fc6ec1d49658dadf23a7b2d8e563c66a9d4d92dcf2cb9d
2023-09-13,13,2022-04-19,2023-09-12,512,431,81,41f1501ef26555e061253c70fc665278e395f35b633f64475a3eca09b3f8b659
2023-09-13,21,2022-04-19,2023-09-12,512,433,79,f016b6b30912c9d7bd4668c4cb97ae29bb2cdd31e1e21ff94c34b985fc654fad
2023-09-13,35,2022-04-19,2023-09-12,512,428,84,b123d332ecb230722bad71ddb6852abed87aae00e77297f2e2b6d6df7a246d33
2023-09-13,82,2022-04-19,2023-09-12,512,432,80,7f8127b06bed6916749b105253e46aa86ee0ada311574ccbbf2084f037e6d84c
2023-09-14,11,2022-04-20,2023-09-13,512,434,78,e0811b1f30743fdf761762e6e0676c119b7788e66e7074d43cc12919eb4dd490
2023-09-14,12,2022-04-20,2023-09-13,512,422,90,d2d3d6e57b166d3c5aa7ccf9ff7b5085fd5a1a2032580d2aa02e6f87a9abf6e8
2023-09-14,13,2022-04-20,2023-09-13,512,431,81,a4ff7caa65634d89abcc11339de383f4a6bb40ef5a3ee33dfd1023a08bff0605
2023-09-14,21,2022-04-20,2023-09-13,512,433,79,31d9b3a9a4ff699bea5f5ea9a473bd4c9f604ef5c3a8a83083d8d393b7788cfc
2023-09-14,35,2022-04-20,2023-09-13,512,428,84,1a29bd8080b3dc9e6049a1364109b67c9f4c771628bce0267537eec60688379e
2023-09-14,82,2022-04-20,2023-09-13,512,432,80,95947fb21b692bf4e3308819c0ed2bce5c7aec23efe30d5b2acf2f016aafacab
2023-09-15,11,2022-04-21,2023-09-14,512,434,78,1a951f0df531f0dd60ba833e1b4103fd4aedac9cb3a581530e3f6ca8f52b2aea
2023-09-15,12,2022-04-21,2023-09-14,512,422,90,ab1a4e5fb287d050e2254aeeedee7605f449e44116527f6c1a171fbf13e65fb1
2023-09-15,13,2022-04-21,2023-09-14,512,431,81,7c833200de462fe631268b3f23b4b34b9ce8dee12a9b1ccb467198c0804f6db0
2023-09-15,21,2022-04-21,2023-09-14,512,433,79,93a92484758381a1a3b397775742a7e794c784d702515460f0efe95ce9e951d7
2023-09-15,35,2022-04-21,2023-09-14,512,428,84,9247cd0dfc2ab106b419be6a9103ee5cf4aaf36f5e78500b0ffba0fd18d20357
2023-09-15,82,2022-04-21,2023-09-14,512,432,80,4695bd25ca298995ab2ae8274e4f4397b96ad4cdac421bfd309ce1674bcae1b6
2023-09-16,11,2022-04-22,2023-09-15,512,434,78,83ed0d1948c983ac81450216b95a5c054cea5872b3102e6c1a1cf6172e7eed33
2023-09-16,12,2022-04-22,2023-09-15,512,422,90,851d575f78b9da72b2e7508ea880fdd3a8f78200331d93a8c6c2d1a0aaaef897
2023-09-16,13,2022-04-22,2023-09-15,512,431,81,91f91f5ee6f67bc51227013a4bcd1fc64c8c6e5f40bf40d877beb7b5af7bd0d1
2023-09-16,21,2022-04-22,2023-09-15,512,433,79,1c9fe115fe5959894f8c38efbdce92a50fe85bb8ea1b549d04041ba68f33910d
2023-09-16,35,2022-04-22,2023-09-15,512,428,84,b526af5a44107263c7f1ff9e94ea5af3682e4515e7972ec7b0a585fe93df958e
2023-09-16,82,2022-04-22,2023-09-15,512,432,80,7636b7ae92e64c02c8c445b1ea2b6106f5da0be68e53d6d1dfe39f676a06d118
2023-09-17,11,2022-04-23,2023-09-16,512,434,78,11f6b4162b6273c55f1475953aecf71675915296d4cd6273c576bfa090e3b7b4
2023-09-17,12,2022-04-23,2023-09-16,512,422,90,1647d4722645eb1b529b6955c95166fdf76567b07b80e217f9cf8c3ccfd951fa
2023-09-17,13,2022-04-23,2023-09-16,512,431,81,558bf589c581d7940475e89ea3d50e52de085e19ace42861ee0f1ce33c726ddd
2023-09-17,21,2022-04-23,2023-09-16,512,433,79,2ae1952121d456914b99f685d53ed51152c66c983d02e6a499fff07393dc3b25
2023-09-17,35,2022-04-23,2023-09-16,512,428,84,c3cf25af3581fc5b14820e082ee8b488106ce183638faf0c33911a4e4edc2e6d
2023-09-17,82,2022-04-23,2023-09-16,512,432,80,bd193f7c81a575d97c0d0fb517ba5590d348cdbfa466a7c2068814dd4a80dfe2
2023-09-18,11,2022-04-24,2023-09-17,512,434,78,2f63e4200cbd22750a22185112a6ac4afc537463a097f67b1e79801f43dcc887
2023-09-18,12,2022-04-24,2023-09-17,512,422,90,5b83ae01a64b47afc681d59bdfdc2b52f160fcb3cb7975920319e7c80c0c0891
2023-09-18,13,2022-04-24,2023-09-17,512,431,81,b0181e9a1fc836457cec0895166f209d7404c4f5d2dd541ba2a5eaa0671022eb
2023-09-18,21,2022-04-24,2023-09-17,512,433,79,c7e58a6d81f362f96fee4c2f9e043f9bb831d639f7ed89caac68aac097a94ae2
2023-09-18,35,2022-04-24,2023-09-17,512,428,84,6b2645d47a2e84e577b346f824fbec937ad03ffb836abdb909965fda56e99e8e
2023-09-18,82,2022-04-24,2023-09-17,512,432,80,64edd183216eebeac5dd1f0067fa49ab017e11becc29b8aae8017edac1dd5d4b
2023-09-19,11,2022-04-25,2023-09-18,512,434,78,7601c19331341193badb572fb2e1f2983ad2610c02e23a6ef6597b9ffd51613d
2023-09-19,12,2022-04-25,2023-09-18,512,422,90,42ac06b3c5e301da5e78a453a15350e143ac4ed4973060b01ed94cb38420f871
2023-09-19,13,2022-04-25,2023-09-18,512,431,81,748844b4874aff7003f79d8aefc25b4ed9e0c873ec72d92d52417dc141fa9ca1
2023-09-19,21,2022-04-25,2023-09-18,512,433,79,5e19de5754a50be1b30f944bf9ff716475df758096e4dafeb066f03b72654222
2023-09-19,35,2022-04-25,2023-09-18,512,428,84,db0ddd8acdbf252c85874f4475815bf5253452a8cb63c4beea1998c3c4435931
2023-09-19,82,2022-04-25,2023-09-18,512,432,80,944db5aa8f09ba4d569894158832f2a3392b4a18e23f06e21f00262c14d52ed5
2023-09-20,11,2022-04-26,2023-09-19,512,434,78,dd9d2f58abb579e32025de72257fbcd0f5333fd9c7255559ca9032e430f4e19c
2023-09-20,12,2022-04-26,2023-09-19,512,422,90,bf33b9955c130cfcfeee8b9c20431d0ea991d86add0c0a914499e772bfe87dda
2023-09-20,13,2022-04-26,2023-09-19,512,431,81,3e4d436240bbbca55f4a55aa3ec7e59f6258026ce453d27dcc634d40eac5c361
2023-09-20,21,2022-04-26,2023-09-19,512,433,79,39690d346f3ee63f5bb98eb3ed925138fa8ab71e2296aa997dcd5d1950b98cf9
2023-09-20,35,2022-04-26,2023-09-19,512,428,84,ca8f202fea6beec4e2c659a6089bcdcf6801b1ad65c544edd723aeb99613d8b1
2023-09-20,82,2022-04-26,2023-09-19,512,432,80,db8e1ca26fa8d6d0d01573791f328e3210879101ef2c24798409c8776bf396b7
2023-09-21,11,2022-04-27,2023-09-20,512,434,78,25dacb1fd802ad9d90918e7dd6c18c61f51f62aa98c3168b16639c3bf019b51e
2023-09-21,12,2022-04-27,2023-09-20,512,422,90,65ffb8bc976c53f8be1db5a3928153a3be05a3a42715c01f4015fcbf6b737598
2023-09-21,13,2022-04-27,2023-09-20,512,431,81,b7e8b46e90784df52853f850d7689f60ca89c8c989f77e280db697a9656d20a8
2023-09-21,21,2022-04-27,2023-09-20,512,433,79,2c781d919112587bdb75f349c18c5acfd8644635d9bcdec41f0b6bd75f64df5f
2023-09-21,35,2022-04-27,2023-09-20,512,428,84,ae3c8ed0d0b45678a038911234d3d2594826dd84b1b953371891a02e7073a4b1
2023-09-21,82,2022-04-27,2023-09-20,512,432,80,15f118309cb2ffb7062c771fd35d8222d1b1f647257a5f01339d411718de1c60
2023-09-22,11,2022-04-28,2023-09-21,512,434,78,addc652c4547e2aa0ce6bece41510fa56d0b3a23a36a7c2a486fe2385b446c02
2023-09-22,12,2022-04-28,2023-09-21,512,422,90,4a4cea32c4b12680e74e506ce9117cdba843c85d1956ab0d2d9e9fc2f6e873c7
2023-09-22,13,2022-04-28,2023-09-21,512,431,81,ededa07bf6db212b6e08c21bf41c1aa8f68262c5f0c6ff46032cdf3912e2909e
2023-09-22,21,2022-04-28,2023-09-21,512,433,79,e257aa15658b42dbfe8e54b6bf87fd00b632651a5f14e689b1630037edebd252
2023-09-22,35,2022-04-28,2023-09-21,512,428,84,7b2c714495b28281171da23480fbd1eb9ec655724bd144b0e6e28be5a2bbed84
2023-09-22,82,2022-04-28,2023-09-21,512,432,80,9a8014f599361df894ae638a0997871c7aa041c7d73c5884051b97a610b55adf
2023-09-23,11,2022-04-29,2023-09-22,512,434,78,382778ca0fff9663e85d0afc1f0667ec5a7ff372d8a3a484596d48ff4b2ba7cc
2023-09-23,12,2022-04-29,2023-09-22,512,422,90,239d25420bbfc1e2dd64462288843c385e25b02cdefb33847d140354ac77170c
2023-09-23,13,2022-04-29,2023-09-22,512,431,81,1255696d3f282641b46fe5f9772abded8b464cc2497be582b7d20c0044d58819
2023-09-23,21,2022-04-29,2023-09-22,512,433,79,be88e368aa6de00f756689b6962e3c2be0257b319631218831db7215a497abb8
2023-09-23,35,2022-04-29,2023-09-22,512,428,84,c2c6f57adf323f1901e1ab684dd0ab80edbeaa80486073f8270d2530c3860f6e
2023-09-23,82,2022-04-29,2023-09-22,512,432,80,bcbf22a163f0a7b5f4762daf605b8fb863655aedf9e93d9de5e86ff5bfd623c9
2023-09-24,11,2022-04-30,2023-09-23,512,434,78,c1ac71c7b4d5a6c48b492e237e1d380a691339138571b2bd20976a5c28d9067d
2023-09-24,12,2022-04-30,2023-09-23,512,422,90,695f6cfc6f5d2aa0901d152b2c6a44bafd1a355f1006971fd2c6bc85f2249174
2023-09-24,13,2022-04-30,2023-09-23,512,431,81,bd4cf01b99c005aae664855331f76bcd17891cb82d4dae7709102326f890c27e
2023-09-24,21,2022-04-30,2023-09-23,512,433,79,4e7074132f9b2f44b9e0c0779f69d6c9f16336e3a108c4d2a0a0b4f9cbe23bd8
2023-09-24,35,2022-04-30,2023-09-23,512,428,84,a40db317121ce347e36dc670baf772b6a4f64feaf144e0c2ebd6e835d4008197
2023-09-24,82,2022-04-30,2023-09-23,512,432,80,61f14118305adb6891b1e3549626f3e2cbd06ef77d76569bb1ecd3cf0860c2c8
2023-09-25,11,2022-05-01,2023-09-24,512,434,78,577baa38b5d3a3301d5c292e119a2b26bd461a7af6deea2efd738a63cc3a6090
2023-09-25,12,2022-05-01,2023-09-24,512,422,90,cc421b7bfeb02c24a03f78c23784dd12318210df22cb03270afa638e4496bac6
2023-09-25,13,2022-05-01,2023-09-24,512,431,81,bc4669bc77e9ea04dcf3e70e7c5b4b33147e67efbb1e977d737406abfa2aa9ab
2023-09-25,21,2022-05-01,2023-09-24,512,433,79,afdadefcf30f890d00158191431b7bee3c17a923aeb6392b0c80ef8c28dc9b5b
2023-09-25,35,2022-05-01,2023-09-24,512,428,84,3d05dc2d71b817238cb9f6e3b5b47ff8ea2db2b602ca3cde6e92bad1e56eaacd
2023-09-25,82,2022-05-01,2023-09-24,512,432,80,42eeb5e0f9ad5595852d14c58b2ef4e891ce2e5672dc3563cb333dffa818ae10
2023-09-26,11,2022-05-02,2023-09-25,512,434,78,3807bd13e88e17676730a29b02510697c2c7554a958127f935d2969bc17aa1c4
2023-09-26,12,2022-05-02,2023-09-25,512,422,90,2fbb970bcaa7a43c75b4869d2b6a7b2330f7ea834ead506c2e241bdd346611bf
2023-09-26,13,2022-05-02,2023-09-25,512,431,81,a2fb27075c34f64cabb40fe771b9e91dea9f26cb4fa51443bd9d3810fa71da62
2023-09-26,21,2022-05-02,2023-09-25,512,433,79,91d8731d9799009a48377da13d556090e36ac11f31edce937803c7457f964643
2023-09-26,35,2022-05-02,2023-09-25,512,428,84,c46b750ea4b2c074fcc3bcbb5ba652c6f23f836c90809072e27119fe03b07cc1
2023-09-26,82,2022-05-02,2023-09-25,512,432,80,0844493c1820cc10a7a42d461979cb231d44929ddd0df14d610b56b2362d8d85
2023-09-27,11,2022-05-03,2023-09-26,512,434,78,5038e32f475ac661f764b594aa4eaa992cea8a31a0424783d13b7b55574db591
2023-09-27,12,2022-05-03,2023-09-26,512,422,90,595c90d97ca7616ab83558595d7d1945043f537f96ee67d0a44d9a025d0e4121
2023-09-27,13,2022-05-03,2023-09-26,512,431,81,6ce40a629b7af51d6a190bf8a26aa00d7eaed2c557fab7f13e550a2af63bcd37
2023-09-27,21,2022-05-03,2023-09-26,512,433,79,3adb43869467e41ca4bc397403d88d79de79d6b537ba284f1feec938551478f7
2023-09-27,35,2022-05-03,2023-09-26,512,428,84,5306f5645e659f9c36fe9a9129003c222286aa2c9b18aebd2f830a40d3cb7b29
2023-09-27,82,2022-05-03,2023-09-26,512,432,80,3b5e80cb9da3a7344fe35384a1f8846ffcfa633e0347a36c64da94f83151a132
2023-09-28,11,2022-05-04,2023-09-27,512,434,78,144c109c00b7e96dc59429314fc81c280c11b06278c9e81151fdb1a8a515bda7
2023-09-28,12,2022-05-04,2023-09-27,512,423,89,ccc9dc90889e0c832a24291656d78477b5ee9091231c041192cf874d0ec31fdb
2023-09-28,13,2022-05-04,2023-09-27,512,431,81,3510358a4fdd2eb69ccd56c1a4b7147d1f4bae58e8d24d6fc04bc351e778e852
2023-09-28,21,2022-05-04,2023-09-27,512,433,79,be2bbfad6818bd08800fde008152f27923d89aea38e1fbed902b7fc664a658af
2023-09-28,35,2022-05-04,2023-09-27,512,428,84,9a9496d130789f4311db6613f49d282472236fdf5e7f7544d082a3c5cf058c60
2023-09-28,82,2022-05-04,2023-09-27,512,432,80,0865e1419d474e3d92ce04919c09a289072cfc0b101690671ae56596fc673af4
2023-09-29,11,2022-05-05,2023-09-28,512,434,78,3434da98a5cfc29b33820dcf5d7137c43c5787deec8bb1f72cae41321a3d4566
2023-09-29,12,2022-05-05,2023-09-28,512,423,89,a9ba827a224a59420e834ebac8fcbc7e5fd571158ba810e65672e79997ffd7ff
2023-09-29,13,2022-05-05,2023-09-28,512,431,81,8c02e9c4a11a755ff08cb675dad10d43b1f8476f5b1f3c42db83d0f4185e0298
2023-09-29,21,2022-05-05,2023-09-28,512,433,79,b92de504edc0a248df3aa48ef442a75bb6304d6889bde083bd143a4352188982
2023-09-29,35,2022-05-05,2023-09-28,512,428,84,a63034e08693e660943b4f49a16171265fe34904c9bc13c373a5a69849efb720
2023-09-29,82,2022-05-05,2023-09-28,512,432,80,0a12184ebac8c4bf9818f13c39edebad1d97799ca73a9bc6df979cb0e7575b06
2023-09-30,11,2022-05-06,2023-09-29,512,434,78,e3e73b90e8daac52a278cd23ffc8fa28f986f79c64a15d04e3aeba2f4fbddd7a
2023-09-30,12,2022-05-06,2023-09-29,512,423,89,6c521996aa909f1e299172a7c2db4c9e701b143eee20f9aebe9e859ed3fab07c
2023-09-30,13,2022-05-06,2023-09-29,512,431,81,6e35709437e8d81d5d32e875f2c50011ce0e0a8ef665f505e95dd8e91822c893
2023-09-30,21,2022-05-06,2023-09-29,512,433,79,63d6ce84da629bb94d9f56e197a94e28e745b6337f9d957f6bb64a27e166d333
2023-09-30,35,2022-05-06,2023-09-29,512,428,84,1b169845cd931d9683eeb3bdee9a193c5965cd75495b33ce97e14f86e4fac492
2023-09-30,82,2022-05-06,2023-09-29,512,432,80,84c3aa95e82bd04111ad303c3c64eb08bc7f6aa3340f552295d2c0c00deced85
2023-10-01,11,2022-05-07,2023-09-30,512,434,78,aaa0d77c76a1dae363fff6ca197d957ea243ed49823853ea482d37c3c2b0099f
2023-10-01,12,2022-05-07,2023-09-30,512,423,89,274e4cebe307833078ef14940ad188611b418fb1105c8d3806e55209e7bf887a
2023-10-01,13,2022-05-07,2023-09-30,512,431,81,4c373dbb483eb52e1868e86769f369e61bfa98e5b8a997ee6cdd7b12a6a1c2c7
2023-10-01,21,2022-05-07,2023-09-30,512,433,79,424a69205705be33dd5fc879a85d2182a6ac21da4ddf4bac4384f8b6b74047d0
2023-10-01,35,2022-05-07,2023-09-30,512,428,84,2677b341975fb231d1c56a639cc32819e299b803b266a4ee6a1a75551e262b2d
2023-10-01,82,2022-05-07,2023-09-30,512,432,80,01237b79cc105601b656d6279a2b5bc2b03e62ca4459ef1ac8ee9354e041e050
2023-10-02,11,2022-05-08,2023-10-01,512,434,78,8d3750a53512789ebe936609199366ff91517ec6be349817f7fb1a4320806279
2023-10-02,12,2022-05-08,2023-10-01,512,423,89,d9d9575efafcf2cc57b44444cf9c135c7a30428b34186ddfe2864579a56dcbda
2023-10-02,13,2022-05-08,2023-10-01,512,431,81,ce3730160cb3780e175c5dc182659c7dc39ebc7159c850fd92de568c510fc436
2023-10-02,21,2022-05-08,2023-10-01,512,433,79,e210425b6d1c6d9fd98108bd41456f9dc8ec5e5cf890cb21538719cc1b5cece1
2023-10-02,35,2022-05-08,2023-10-01,512,428,84,b1eec68fd4e5a809a97d48ffa1b08ae88a688caf88e89557e246c5afbf1a930e
2023-10-02,82,2022-05-08,2023-10-01,512,432,80,eed8586e5f5adbe85d8ad8ae4d2062a56a92537654a71ae9ee5ad389a732f639
2023-10-03,11,2022-05-09,2023-10-02,512,434,78,bdca7834ce2a180a46a7553b6e58f7976477cbde7f684f83f8852c5f526808c5
2023-10-03,12,2022-05-09,2023-10-02,512,423,89,27e7bbf93452c8a9824cdb0085eb4b0f1ee38971b33568d8a0c1a78f1f5bf671
2023-10-03,13,2022-05-09,2023-10-02,512,431,81,5339c1f22a9dd5a866c5791de40b1a3b3d9109b320e2d54e08097c02e0564aa8
2023-10-03,21,2022-05-09,2023-10-02,512,433,79,cabf9dcc406d1a9adfca95a9544fc7d71abfaefff6a96557c8147e2257727b84
2023-10-03,35,2022-05-09,2023-10-02,512,428,84,ac4be8881b5feba2ae9b969f1b16f0a6944f96feede78d9d1ac12caf007f4983
2023-10-03,82,2022-05-09,2023-10-02,512,432,80,7e262eb239a0f66f88033db44e4410ed30b907ba16691985004cae423b2bfbd7
2023-10-04,11,2022-05-10,2023-10-03,512,434,78,4aa3d835bb04299b83344f632f6a925cca214af05b42085c876a22d0c822a8bf
2023-10-04,12,2022-05-10,2023-10-03,512,423,89,bc2fcb27d80b62dac9ca7ffc240e9542a601a6305ee115288ba537053e56dee4
2023-10-04,13,2022-05-10,2023-10-03,512,431,81,0e119b831cf31769ebf917514075febc14874086534a976f8444c76942abdf9d
2023-10-04,21,2022-05-10,2023-10-03,512,433,79,c5474a3b204c7967bec04c5c374de6a5da0f315ae3894393f069197bc36df1fc
2023-10-04,35,2022-05-10,2023-10-03,512,428,84,30dce4b13337dbc5f8b5c006fb65621c50365f2fed70114ef60939d6d93f8c8a
2023-10-04,82,2022-05-10,2023-10-03,512,432,80,487b4e7077851396cfc6b31cb89160a8ea59fc9a286ff5e6befbaad02a29582a
2023-10-05,11,2022-05-11,2023-10-04,512,434,78,436ccd550c01907579e2caeb0d954d2604df749760b09c8670559eec263623b8
2023-10-05,12,2022-05-11,2023-10-04,512,423,89,ac80154a6dc7ceb561a6deea43baedf7d1148e7e52261aefea454da7e2eb8868
2023-10-05,13,2022-05-11,2023-10-04,512,431,81,f7848b43844d9ad385b374fe41cbfe18208401f11863a4efd703c87446c8ec79
2023-10-05,21,2022-05-11,2023-10-04,512,433,79,223f3b413a050e8bfe090e6afc65d8455386c04f49cf1dde08e3e29b963e494b
2023-10-05,35,2022-05-11,2023-10-04,512,428,84,9a854b99d7300ce2fabbd40570e588fe042d044d8ffeb0b198460fafabbfaeb0
2023-10-05,82,2022-05-11,2023-10-04,512,432,80,c3c62a90266accb42af76343b8bf6109a78ac39c5df970154e72d9c390d6ac38
2023-10-06,11,2022-05-12,2023-10-05,512,434,78,0f596643afe97d745ee92168e874086155f9884722b9e8c328741f925047ad64
2023-10-06,12,2022-05-12,2023-10-05,512,423,89,60eec8d7a406ee24582ba741374092adeeb6f20dbb5e7ee8ff1e062ad73d5830
2023-10-06,13,2022-05-12,2023-10-05,512,431,81,a8704465f4ec5cb22ff17c704d0a437cb35dd5086673cd15935635b9498bd708
2023-10-06,21,2022-05-12,2023-10-05,512,433,79,678ca7360f2f730a15136e435dd1d270be05f37700519758380631119d39cb3b
2023-10-06,35,2022-05-12,2023-10-05,512,428,84,8312c6660a30044dc0d1ef4affdc80493c3eb00393a84d45a86a636c850c7e04
2023-10-06,82,2022-05-12,2023-10-05,512,432,80,df4523bbc4f0e6082f1c19b216bcf9e78920fe01a7172fa3df7c948b6859ec45
2023-10-07,11,2022-05-13,2023-10-06,512,434,78,6cb14b051e0bad16d078cdff47c71166cf28d11be980cd31673851e27de2cf29
2023-10-07,12,2022-05-13,2023-10-06,512,423,89,d6b30de6b83a803f4c8be16341005fe2da9cce11ee550ce82f4704d20dbcb3c0
2023-10-07,13,2022-05-13,2023-10-06,512,431,81,ddd2f04282a4d215f524950364282e6d41047e6f87e3aed4fe188d4dfec7e340
2023-10-07,21,2022-05-13,2023-10-06,512,433,79,b5ff3622e796eb5208c9b325d5700b737cfed002758e02a26da243ab1a118da3
2023-10-07,35,2022-05-13,2023-10-06,512,428,84,e18ba09f9650258949085020224dd119ab68ca62a27adc83ffdc5b9f3a6093ff
2023-10-07,82,2022-05-13,2023-10-06,512,432,80,6508b00075055e202c66fc0e01657d5f3107dc21335fd4cfb8cfbb7d1e07f055
2023-10-08,11,2022-05-14,2023-10-07,512,434,78,e821a26be3edd9e1d29d44f79bd38ada82934adfc10c34a1a7122bc6797f5d43
2023-10-08,12,2022-05-14,2023-10-07,512,423,89,20bf7005dc430e706faa09cc9313b65281e408c3b6c58bddf22a8cce5e392c9c
2023-10-08,13,2022-05-14,2023-10-07,512,431,81,47e31553397b877618527262aba93dab23af9d38715c56bc60ec2b15f431a4de
2023-10-08,21,2022-05-14,2023-10-07,512,433,79,2c44458d2fe14d0ea3c33c021def502965f3d139e28f659ba666e11b422447d9
2023-10-08,35,2022-05-14,2023-10-07,512,428,84,6ee33755edd2665df4dab99d1df87029d6ceada2fd5829dc89820a8fa1af523f
2023-10-08,82,2022-05-14,2023-10-07,512,432,80,36be8252e8d93cafaecd10970a121f38cedad541a3765af5234b97a89061c12f
2023-10-09,11,2022-05-15,2023-10-08,512,434,78,fdfde412b6b237d6d3fc9dbd13df46611bc955454fee59166b83d683da00c68b
2023-10-09,12,2022-05-15,2023-10-08,512,423,89,60addceaf179617ba38e4cbed954e9b87a2b14017111fa483636befad846782a
2023-10-09,13,2022-05-15,2023-10-08,512,431,81,5d52a5d40dd43421acadcecbb9a3ab570f621059b4b3e0ee8b68823921a23c60
2023-10-09,21,2022-05-15,2023-10-08,512,433,79,2f3cc464692555f0611d3e9c925726e29e36a42e97556a7a8150fef06d3a785f
2023-10-09,35,2022-05-15,2023-10-08,512,428,84,bf6c4dc34722390644e82c923ad1b4fefe623f1793ead499e395c2619fd272fc
2023-10-09,82,2022-05-15,2023-10-08,512,432,80,89f6988758152b7c7854fb0995a0b714d83182cec1bba98c4b2196fad93882f6
2023-10-10,11,2022-05-16,2023-10-09,512,434,78,d8d3677fd072cd7f27a1993db5e45d1c3cbd8249338ad45ba70e8ea1a3f8b5fa
2023-10-10,12,2022-05-16,2023-10-09,512,423,89,ffe62d90b504075f620be283ede1d6f8c836b11ae29d1d3cd3f62f101d745051
2023-10-10,13,2022-05-16,2023-10-09,512,431,81,b007fb1314f0ad0dfd1b404ef465e7bb8beeaab13d4f2632bf2714171546e1fa
2023-10-10,21,2022-05-16,2023-10-09,512,433,79,bc51e33e554bf6ec06e142f9334dd0a33e2f54dfe113fa56cf8624438b2de55f
2023-10-10,35,2022-05-16,2023-10-09,512,428,84,e54a48cf3e22a0adc5164f5ab61f8a93cfea061bc306887be95c6dc71c04b3e2
2023-10-10,82,2022-05-16,2023-10-09,512,432,80,24b0ba51d1bc776f25760d757a1c977b9777acc110edca5cc86fdd9291d315dc
2023-10-11,11,2022-05-17,2023-10-10,512,434,78,6e16f4f47ec9f9ecabd7ee040ee8e8c827a6b56e50d6f22318fcd42b449b20f0
2023-10-11,12,2022-05-17,2023-10-10,512,423,89,f8f66488b5399ce9b802a1a6fe167cb28a1f3eab5e7e8d96014f70c71597c266
2023-10-11,13,2022-05-17,2023-10-10,512,431,81,79c07ff648e20453f998030ccd43d6d927788275f49ae6a56ea718a51e99b5ea
2023-10-11,21,2022-05-17,2023-10-10,512,433,79,d45e75968a7050ba6187dd88a18248b1c83884198890cb10018412e58723c49c
2023-10-11,35,2022-05-17,2023-10-10,512,428,84,30fb88e50c8fd2928b2a05e5a4f5e3195577d0e3ebb42fe34e5babeb46c0a517
2023-10-11,82,2022-05-17,2023-10-10,512,432,80,166aef4f1f62b4d15d97fb40b3a0e9795439a90ac80aba3faa1ac58190f01802
2023-10-12,11,2022-05-18,2023-10-11,512,434,78,5a2fe3219ebc96721154c530e3befc03247f811921d78e8cd400a4831372edca
2023-10-12,12,2022-05-18,2023-10-11,512,423,89,c033ddc88e54466847cd175ab937178a7289d0fbdace6b2841f90b142a655975
2023-10-12,13,2022-05-18,2023-10-11,512,431,81,6d3ae6dbec62070fe79db43992342ebd99136b77f4dcc692ce6a8badb2229177
2023-10-12,21,2022-05-18,2023-10-11,512,433,79,d258ab3d2c7823d117dfedac6a9a59733219b2139a7c33215dfd7a9ffbc69778
2023-10-12,35,2022-05-18,2023-10-11,512,428,84,7a293355a9e9e182338ff6306f7beec321ab0290b91a6c7d3136c161a723e6b6
2023-10-12,82,2022-05-18,2023-10-11,512,432,80,84e2a74f49485471be07d0ff24788f6123e901584277551a6ff5bff801b93bb8
2023-10-13,11,2022-05-19,2023-10-12,512,434,78,304cf644910a74651e3f3587c96ec14796cd32ffbbd762cb0a23cf86bdd76b21
2023-10-13,12,2022-05-19,2023-10-12,512,423,89,5afd111361ef339e052970ce457530979eb84637ef4c953aa463c54468dbd5d6
2023-10-13,13,2022-05-19,2023-10-12,512,431,81,2f478a2ede575d593133c15379b11040a6a64cdee444e0f2ebde54294d520a1d
2023-10-13,21,2022-05-19,2023-10-12,512,433,79,1917e6abe039115b42282093128d26e35c07b287d269921fdf68b26027377475
2023-10-13,35,2022-05-19,2023-10-12,512,428,84,b769c4e57f2095efda1f56c16d0d3dc7759c400a1c532d8aca8bac7e01f3debe
2023-10-13,82,2022-05-19,2023-10-12,512,432,80,48e9a56c676796c24c264a17ae0288c83a7e2e4a03832e6c8e2c51ab7d9e58ea
2023-10-14,11,2022-05-20,2023-10-13,512,434,78,4bab8834305dfd7fbca2ae688276060b0c3772dbb50330956a05de63e95dcb0c
2023-10-14,12,2022-05-20,2023-10-13,512,423,89,c0b8d61700b112927b628799be92c6e51df940cae36411dc3771214b4c1a7235
2023-10-14,13,2022-05-20,2023-10-13,512,431,81,9059f2caf5e503b254c4179098e9eb14d325d143ebb218067a597fc6e364c098
2023-10-14,21,2022-05-20,2023-10-13,512,433,79,562875f05e1fae10bff736ff8d9eed666b14435f1a5190249c9b4f23d5183f7f
2023-10-14,35,2022-05-20,2023-10-13,512,428,84,f76d9626207957d18aa2190815fc9022f8517327d0c025a1c0f14c0a69ccaae1
2023-10-14,82,2022-05-20,2023-10-13,512,432,80,f0036a760067703d57164112226819cdfa0a5b009ebf4ddfa768e4930f5bfd7c
2023-10-15,11,2022-05-21,2023-10-14,512,434,78,e7531258baf197d0e0ab406198e89a98fe00a4c483a17d9e32d38464db7aa6da
2023-10-15,12,2022-05-21,2023-10-14,512,423,89,c7abf8561bcb9f8d339c16a5163c580553e072f9aee38aae773dffcced6fdcd9
2023-10-15,13,2022-05-21,2023-10-14,512,431,81,1fc7f92d5fbc61db45486c1219b6806582ed38353f82de6961f4135b604c88ee
2023-10-15,21,2022-05-21,2023-10-14,512,433,79,e95cd504bb9ceb04b8a99fc0ebf41b59963ddedf98653b228eedfcd34492cdcb
2023-10-15,35,2022-05-21,2023-10-14,512,428,84,3175ca2bcf160dc2f19b2e5d236ab0ba40f55fe27d1ecbdf58f810c74df44c12
2023-10-15,82,2022-05-21,2023-10-14,512,432,80,6e49df2000bf04e47a4ba6687e94d72506fc038799f6a1cb25e2050676cb5219
2023-10-16,11,2022-05-22,2023-10-15,512,434,78,324f8beec1e8cadeda6b03317082487f94ed5c77631c54bddfa0d3477bff28e7
2023-10-16,12,2022-05-22,2023-10-15,512,423,89,875597725b55e1319a70da8738a88b037c2e6f543f083935ffa2cfe847a1cc2d
2023-10-16,13,2022-05-22,2023-10-15,512,431,81,e2cdf702365e984a55b23ff2286d1e4706b91801bc2ef50489fcb9df2aca5fba
2023-10-16,21,2022-05-22,2023-10-15,512,433,79,6946850d9457ceda47ad0fc0d8fcd4a403376efac5f3ba5af84d75e1098e4a00
2023-10-16,35,2022-05-22,2023-10-15,512,428,84,4787b9d69f0f0862d4408586ff74359c45ff70e2fadc9dd5461ca980b4ef6baf
2023-10-16,82,2022-05-22,2023-10-15,512,432,80,174a9fd4b705b72dd0092f3a1985e13fbc6f38a7aded747c76b6cb8883c5da6f
2023-10-17,11,2022-05-23,2023-10-16,512,434,78,5adf12e47ba345252d29dee0d292b9c74029a05ce6a91a2065d4a51dddcf762a
2023-10-17,12,2022-05-23,2023-10-16,512,423,89,87ebecc8ad8175d57a5ee73bdc3c1c95c700b036fea2c605b7215c4f1aff149e
2023-10-17,13,2022-05-23,2023-10-16,512,431,81,ce42d207bd91216bd1e5ebe1e30898113d923bcec7252a893fa46b639ebedc86
2023-10-17,21,2022-05-23,2023-10-16,512,433,79,4b433fe1411a1fc0b513a57050be9c571f756c37e16bc7406821ee3f123a3915
2023-10-17,35,2022-05-23,2023-10-16,512,428,84,54504e4bf08268650f9abdc8ec23974fc4dec2aa501be94893aceb85580d9726
2023-10-17,82,2022-05-23,2023-10-16,512,432,80,5e93bc7618c6791bcd6ae66e90df6be52b921ff470ac741d865c290355e33c7b
2023-10-18,11,2022-05-24,2023-10-17,512,434,78,2d70a8550ddc9151ebcd39bd31edaa27ac2277ba2d21e57ad185ec55f4740d0b
2023-10-18,12,2022-05-24,2023-10-17,512,423,89,5077004a44c1810a006a421475715986da15aa4d7052ef68bc8a131e55e2dc13
2023-10-18,13,2022-05-24,2023-10-17,512,431,81,127c0320bc875aa9894f5beeddfa0c384f7a6ff6d9bfae578bb718bf90e109f1
2023-10-18,21,2022-05-24,2023-10-17,512,433,79,f9cdd93bb191b119de126d38c0d1f4a234ad73d8730bb630b6678a65d29ef314
2023-10-18,35,2022-05-24,2023-10-17,512,428,84,b6d5c7502f0178f50a33d645120a0229c1caeadb65ce2c55d5a85ffbded9b05b
2023-10-18,82,2022-05-24,2023-10-17,512,432,80,67c35ab502365bd2f71274338e0f0fb4a5f3087dca3b1f6111e2a22ce562ac7a
2023-10-19,11,2022-05-25,2023-10-18,512,434,78,565f3841332f45c2f069afd4837a8dac5eaeeb3b71c3df4f4713f4e6249efb9d
2023-10-19,12,2022-05-25,2023-10-18,512,423,89,316b04da03f97670f133923cbfcd0f1f3be4465910088dca483f0e9f325764ae
2023-10-19,13,2022-05-25,2023-10-18,512,431,81,6f7dea55662e7e99105e4c7b1ed975a610ba9d40399d7df8bfeaeb01a4be0ec0
2023-10-19,21,2022-05-25,2023-10-18,512,433,79,e861a91328051d7f689ebb9a41a5c93dd19920e2deb42c6973622ac56b540f96
2023-10-19,35,2022-05-25,2023-10-18,512,428,84,2bc3bc108756ec19e01872985bd944e7eb9efd02398497b0fd2da2cb44866d55
2023-10-19,82,2022-05-25,2023-10-18,512,432,80,36c39bf3a41a20337ea226cae1585ccf923d5137a6c0e5f70f2724c1145e385a
2023-10-20,11,2022-05-26,2023-10-19,512,434,78,8f902639c7ff5e06abc7f1aae5f7d7730009139584eca3edc6f1bb13749f19e1
2023-10-20,12,2022-05-26,2023-10-19,512,423,89,9c6eedfb3677aef4e51f10e8e89a63cac86c5e30739dd548540f4901ac77709c
2023-10-20,13,2022-05-26,2023-10-19,512,431,81,f303b01f611352f9d536ca539b2cd39a77339621d37a81ff8ea71507be001abc
2023-10-20,21,2022-05-26,2023-10-19,512,433,79,ac55c7b3fa6740431ead188eb408fb68e49af08410c0db59094c295324d06ae1
2023-10-20,35,2022-05-26,2023-10-19,512,428,84,da0d18a9545aa6ccee56138a5bbbd7bbd8dc135ba8e832e7f7efdaa754dd3ab0
2023-10-20,82,2022-05-26,2023-10-19,512,432,80,860ebbdf2158d44b0b97753a292cb90c3e32c1f617c8d812cb830a8adeb56915
2023-10-21,11,2022-05-27,2023-10-20,512,434,78,6d81003b410eef54e2198164f008e94cebea2c29ef014eba497f87fa44a00f4f
2023-10-21,12,2022-05-27,2023-10-20,512,423,89,9bae823104ba239c0bf4aba285285b352818c2d38559e16ef0515a5912d5b21a
2023-10-21,13,2022-05-27,2023-10-20,512,431,81,528aec9e342d11e6163d2ca14eff500b4844fe3d4319638482d66d2e2639180c
2023-10-21,21,2022-05-27,2023-10-20,512,433,79,c2dafe9be5838fc62e4bace4440f7b42a409d45e41a4dc7cbc216dd5f420ce55
2023-10-21,35,2022-05-27,2023-10-20,512,428,84,e1f35b69a9b2d6d3163b57281e171ec51cf1dc852e74fefe691f5659e68ad411
2023-10-21,82,2022-05-27,2023-10-20,512,432,80,2fef07666f19bd4a519c0bb9aff666cf37cd2225d6545387cc50831129f95fee
2023-10-22,11,2022-05-28,2023-10-21,512,434,78,fb4a6f277177c044fd6fb80fefbe7143506a50c70687397ed1a35d4290abb982
2023-10-22,12,2022-05-28,2023-10-21,512,423,89,26f0dd74969ee4230f56385d81409b2831abefd6e1327db10bbbf6e849b97c22
2023-10-22,13,2022-05-28,2023-10-21,512,431,81,1c2add5e1a8586238682239bd4447871649aad23a88e4710f4c9cd0433c008d2
2023-10-22,21,2022-05-28,2023-10-21,512,433,79,69ac9442071fc3399fa48637bff03a6152569752a43b75cd06c4990856fb6d64
2023-10-22,35,2022-05-28,2023-10-21,512,428,84,63af9cb3a6aafc327e86d48c4af39a4b9df1d8035f3100405af2cea3cba58827
2023-10-22,82,2022-05-28,2023-10-21,512,432,80,399734b8551c5ced80f93d4aa446b2865b9ea36017beaf9a6a50383c05c7fe93
2023-10-23,11,2022-05-29,2023-10-22,512,434,78,b6b3af6095088ab408f869d2d330578af55f462b83e01d1707607701ade1c37c
2023-10-23,12,2022-05-29,2023-10-22,512,423,89,27a4a6f9fbabfe4f7ca59f784f477894a29506c79cfb3b290f709fc3137fbce9
2023-10-23,13,2022-05-29,2023-10-22,512,431,81,ac97be63c6caa7bb1245daf9a9173c27a60b3321e7d3f44d7e9ea878e5070d64
2023-10-23,21,2022-05-29,2023-10-22,512,433,79,4a912ca05fb226ce6015775d35aa036075d4dfab227ce4841e5bc54e40c669bb
2023-10-23,35,2022-05-29,2023-10-22,512,428,84,99a3c79b78f3c95b65a7a911f4bd7789949ea48314eaa613b733399399c8c4e4
2023-10-23,82,2022-05-29,2023-10-22,512,432,80,ca68e82eb8fde1eec31bd3b4dd39e8af4fd993f4aa3db5296fb78d11cef024be
2023-10-24,11,2022-05-30,2023-10-23,512,434,78,7c0952f0720116f88ec1b70d5c30b425ffca8b8b9f34dbe956514ab34f0e56fb
2023-10-24,12,2022-05-30,2023-10-23,512,423,89,aad919f5d227f81d4c3ea773a06566abef48254469d6c4ec9bcac2b90972ae22
2023-10-24,13,2022-05-30,2023-10-23,512,431,81,a53a85aef4eac85c389c0dc3ecbf0157fb471e380b02c432260b738d85a532ed
2023-10-24,21,2022-05-30,2023-10-23,512,433,79,86047458f6e7ad340412761b8945223d426b72eb6e8dd4a24b1952a51832b340
2023-10-24,35,2022-05-30,2023-10-23,512,428,84,c17e394398eff174774e83de85093bd10b24690e75f460f676108c12d16c24f1
2023-10-24,82,2022-05-30,2023-10-23,512,432,80,711ab237569923a902ac732c1b2c3ba20c9b842d358235c2e4faf463fb406c84
2023-10-25,11,2022-05-31,2023-10-24,512,434,78,3335b325618b68cde811cbdff80d4c32f9363eea15b161087e843f605ead82b9
2023-10-25,12,2022-05-31,2023-10-24,512,423,89,3be0aab5b0c434211b0c617d75dd068395454f58ee13a9f27b2d7584b28ceed1
2023-10-25,13,2022-05-31,2023-10-24,512,431,81,4f02557576eb8d821c5a63732f67aeaae7d3f64318424df9744db3e305738cf3
2023-10-25,21,2022-05-31,2023-10-24,512,433,79,cc51c6d03d80e63fa7a558ffc694caf93a0f6ec5ca8e124cef541a1ae1269df8
2023-10-25,35,2022-05-31,2023-10-24,512,428,84,7460fd8791fde1109d5b696bc20eed398132ea44452af50cde6730a0093bc104
2023-10-25,82,2022-05-31,2023-10-24,512,432,80,911791a8100405772d13e88829acca1603f752b53e6393820041525839e53554
2023-10-26,11,2022-06-01,2023-10-25,512,434,78,0e474d6a675401f42b1ef52c0adb1c4618aa13917197cbd6dfa6a34dfc950471
2023-10-26,12,2022-06-01,2023-10-25,512,423,89,b76aa2a7c70dae05057731a2488ff1285a8d0012688b7a0f82aacc50b38d22f4
2023-10-26,13,2022-06-01,2023-10-25,512,431,81,5aea3bb9581d6b48361123374b6e1920adcdba2668f0928b48afb7451e2d4bed
2023-10-26,21,2022-06-01,2023-10-25,512,433,79,64f438cf08c0f8e5d0fa6de1cc62c754f359c1add104dc74e6c2d5c2a7a29c73
2023-10-26,35,2022-06-01,2023-10-25,512,428,84,62070a215d9391a3fd12bc7fd2023ac9c6041e0869443bc45fccaa11005bae83
2023-10-26,82,2022-06-01,2023-10-25,512,432,80,4dfcdbe46850b06c06a0bb43086dae1154679393992d91c7226d1750c1487314
2023-10-27,11,2022-06-02,2023-10-26,512,434,78,62b72ff6abfa3395b2ff859bbee895509c4ab4c6cd4f0ee5019044876aaa5b6c
2023-10-27,12,2022-06-02,2023-10-26,512,423,89,1a4e14d96fc225a4c676590948f64f15a7978d881b74d9d0d4457d230fd862a6
2023-10-27,13,2022-06-02,2023-10-26,512,431,81,5e50046215774c23a1ada193b80704a5f355539f24fbbc46f5528eba532b1b17
2023-10-27,21,2022-06-02,2023-10-26,512,433,79,b2f92acb70da52b6865fba20686ffb467caf917c9d4f4fb983c363ce3b1ef93d
2023-10-27,35,2022-06-02,2023-10-26,512,428,84,3214a6fd3c56c084cd7c93592684f8959116635211c122d4687a390dd9b30347
2023-10-27,82,2022-06-02,2023-10-26,512,432,80,b55473e3846bcec44998815982625761174a6e783ea368919662fb19db7d300c
2023-10-28,11,2022-06-03,2023-10-27,512,434,78,7dc715889f22cb64d5f0852505855997db420e0771f3a911fed30a1b7d666171
2023-10-28,12,2022-06-03,2023-10-27,512,423,89,0e860cd163cde90a95541695df871827342053eee28bccb0d775b2bd10573f0f
2023-10-28,13,2022-06-03,2023-10-27,512,431,81,7417d685a57c84094becd2ad74ff4a63bbda2f07ea84047f0b9d3c771d6115f8
2023-10-28,21,2022-06-03,2023-10-27,512,433,79,d297db6ccc9df3fc03178faf9b3c527dca26d8be6c95b097c3c7579c514b5e7d
2023-10-28,35,2022-06-03,2023-10-27,512,428,84,cbd2e87e2225290eccaa79fc457581ea2f3bc6c02530cec6e511ed91bdf58ed5
2023-10-28,82,2022-06-03,2023-10-27,512,432,80,a6ef6f15de542d7736f721d6497a6f3e6341e248b8588abf1cf54391817f7bf7
2023-10-29,11,2022-06-04,2023-10-28,512,434,78,11b0cdc3427c44c2140bab55923e8c9b86824c6199e3a1ee2da25a5eb511c444
2023-10-29,12,2022-06-04,2023-10-28,512,423,89,5793908a32211e366b4817fcc4f6a49ef53201a227b751c6c449f2959b8861b5
2023-10-29,13,2022-06-04,2023-10-28,512,431,81,16eeebc339d20ffe1fad8b346b46dd186e06f8024484eda6b0dea06cb7abec3b
2023-10-29,21,2022-06-04,2023-10-28,512,433,79,15b30165abf41e1ae674a7b772eb12d19fc4c3d34a1040e12a8d51db6e4725f2
2023-10-29,35,2022-06-04,2023-10-28,512,428,84,0773fd6960dcadc7735b5720cd6bdffde5f4bc7b967ef86fbec9c9dd2f6dcb84
2023-10-29,82,2022-06-04,2023-10-28,512,432,80,edba427b168332c7c5835b35195ea9c42965a86f51b29ca1e8e233f638a00d44
2023-10-30,11,2022-06-05,2023-10-29,512,434,78,9dcea99d49ccd162a190d69939f47df734a0279d6b91d9a291b08dfb43229cee
2023-10-30,12,2022-06-05,2023-10-29,512,423,89,3f558f543e869910975567166d6bc44e632296d504f0aa73b8c0c44aae6115e9
2023-10-30,13,2022-06-05,2023-10-29,512,431,81,d340f19e47d39f4a98ac2f3ef0717bccacf1898340505d7d07eee599ab201224
2023-10-30,21,2022-06-05,2023-10-29,512,433,79,6f391cc4b5ddccefa44b0efdbfb18feb1b26d74e4ff988fd65cd25da4e22998d
2023-10-30,35,2022-06-05,2023-10-29,512,428,84,427753eb35d60d9a9918ccaed68f62e0ff3b3feb36ca2a35803a6fa2706e4a84
2023-10-30,82,2022-06-05,2023-10-29,512,432,80,d4d1147baafebc2938c8bffde2ae327f441af23e1f101263551f7bbf66a394cd
2023-10-31,11,2022-06-06,2023-10-30,512,434,78,16cdfe1b86a2e56c547cfee3583c47b4b1b788912ddba86189ada882e58a6745
2023-10-31,12,2022-06-06,2023-10-30,512,423,89,a0f639f3667f5756eefc884b5cc9743985a6e30c16d023f03450b4dd0ef6a49b
2023-10-31,13,2022-06-06,2023-10-30,512,431,81,05ba677b07655d2b2113d38b27031a3a94a2cdabd22ceaeab6b505ce30820b79
2023-10-31,21,2022-06-06,2023-10-30,512,433,79,80a40e5e3f91f0d70ab9af85e9f39b34943117512170ad9213c75382a33afdfa
2023-10-31,35,2022-06-06,2023-10-30,512,428,84,10ce38e057afe11bde8a9629e91c99ca24946e8c6c7b28a7aa4376c240e5eff7
2023-10-31,82,2022-06-06,2023-10-30,512,432,80,dcc00bca3d22ee1d41b640fed99ab977053f7fec763105dac6fac402a3cc5d99
2023-11-01,11,2022-06-07,2023-10-31,512,434,78,9d0bc31cc84cf35439286c897a2c0cf51d24d0e0e847d0165913aba9e2e5860f
2023-11-01,12,2022-06-07,2023-10-31,512,423,89,e86ca0b3f53b426cfd548ff85ebf28d4b83735be6264003244436103490466e5
2023-11-01,13,2022-06-07,2023-10-31,512,431,81,cd91214e51c6067097190bb6108963369cc8e1f76122206b1cb1597b6cd27c43
2023-11-01,21,2022-06-07,2023-10-31,512,433,79,57b13812a85dba22484bd9c91633af9aa0a285491856418113bc885aa8d6a254
2023-11-01,35,2022-06-07,2023-10-31,512,428,84,dbc88ad664593f705f7b1b5bee65333787570988ba5fc338194a2bd525d9bc27
2023-11-01,82,2022-06-07,2023-10-31,512,432,80,857f46d7c59e79245d20b61ee8db58c5235855c2e0b1cd2fb02193d0d9afe931
2023-11-02,11,2022-06-08,2023-11-01,512,434,78,aac03354b1e34c6887dfa1ff6c7bc14450e7331948340834f6ff19c659a31195
2023-11-02,12,2022-06-08,2023-11-01,512,423,89,15f2eb2fdb75ddb722ff1667e7e09712c004a3f7f7e0a34b26394ca4727ae154
2023-11-02,13,2022-06-08,2023-11-01,512,431,81,c4cc251d4d0c5c360d2cf5066f320b25d40c48c187e43535e695dc5c5db1dd7f
2023-11-02,21,2022-06-08,2023-11-01,512,433,79,f0823f1747d76c54db7266a7b14827b03bfd0580cbf2c3ed95c3b67ed2ba63e2
2023-11-02,35,2022-06-08,2023-11-01,512,428,84,0f36fd31e6335a90e313ac7e944cd94401b309f6afa4c3e79b72235876bccbea
2023-11-02,82,2022-06-08,2023-11-01,512,432,80,05257f8cf646f35db5e16d110f0ee1ac185a96ef369209d2b4a477485fb462f2
2023-11-03,11,2022-06-09,2023-11-02,512,434,78,02485cea1d6d265fa59fa66634b7e6a4a228137a932b43d378127001d89a0337
2023-11-03,12,2022-06-09,2023-11-02,512,423,89,ec6777aaffe2a427f82d5b5133ee09ddc65a33938f804d3072bfe801f8f986bf
2023-11-03,13,2022-06-09,2023-11-02,512,431,81,d4f0bd8ed4c4cbf41286ad9f49e7680aacd1f6b0315300c906c0be16b43141c1
2023-11-03,21,2022-06-09,2023-11-02,512,433,79,67ac10319fafd8084fbfba3539e824f16fa8b2057f8c2c3669f848daf2617ddd
2023-11-03,35,2022-06-09,2023-11-02,512,428,84,096739b9669cbd2e4e6af95fc2e1c890c17fb46b296097f30df432ae52a13f1c
2023-11-03,82,2022-06-09,2023-11-02,512,432,80,58a570e360a0eb68ed529ed97a686e96c63cf63065c4d5e079bd0a37ab534eac
2023-11-04,11,2022-06-10,2023-11-03,512,434,78,e46ab8e0e9175b5e8c92e21d221d35c2825e639a19b4f4fd02588d1e200d030c
2023-11-04,12,2022-06-10,2023-11-03,512,423,89,5ff19121b0f30d0cab20f091225e2253268f7c632c996ed0c7d436ef8b7140f6
2023-11-04,13,2022-06-10,2023-11-03,512,431,81,c6aa06403be1a270e802336f86a45b79ec5c22d233439d4a1b10b70a4fa15760
2023-11-04,21,2022-06-10,2023-11-03,512,433,79,44e40f2a4fe0929ce0d20704511d7a79b3bd6a2c62c5bd0a2696f905d0dd3419
2023-11-04,35,2022-06-10,2023-11-03,512,428,84,933762aae48da8ebb5e64bdb744a87b980c51fd884620a270b10c55525aa433b
2023-11-04,82,2022-06-10,2023-11-03,512,432,80,a71ae3463468a9913f4193e7fe8b7b07e08f84d4be8e4ebec4bef6a2bec57b46
2023-11-05,11,2022-06-11,2023-11-04,512,434,78,4d640b05c5c49138720c06a43631d7da8493d72d11ac0a603f0641886f671e8f
2023-11-05,12,2022-06-11,2023-11-04,512,423,89,e7ebab3503d0a41edd4e6e08bc09596c26e35717877b259731d12f78c6b4165d
2023-11-05,13,2022-06-11,2023-11-04,512,431,81,2c339527ca41bed21b66eaa1bf267cd24ad7858ef38c0cd6d763c07fe87e5aad
2023-11-05,21,2022-06-11,2023-11-04,512,433,79,e953291eec66e4156a6da9be644fb24b58b5e6133b8bda4b3d666f7d2be303ae
2023-11-05,35,2022-06-11,2023-11-04,512,428,84,7525a1100a213bfe289a8e5ee973c8ae06e2210e5828d651daf1c4a13f3f2d8c
2023-11-05,82,2022-06-11,2023-11-04,512,432,80,a6547844a516e0488f10438db2b2f324b397443746dfeb51a85a7855fbfd9d4e
2023-11-06,11,2022-06-12,2023-11-05,512,434,78,05e4de3df554fa1a97e6dacaeb635bf4c2cd4615dfbc705532c891611b47178e
2023-11-06,12,2022-06-12,2023-11-05,512,423,89,898419f7fcdf1f7798b9892a84b65cc4b3082da4ad92718b74c65fbb522b03ca
2023-11-06,13,2022-06-12,2023-11-05,512,431,81,453df6dd26ad6be88b0c41f4ea6bbdb17b0a6a995bfd7d0b7235fc842eaba630
2023-11-06,21,2022-06-12,2023-11-05,512,433,79,1a0f152b2e11de36362b3cd391244b6e5f0afb752e77bcdf724dfd62f581845c
2023-11-06,35,2022-06-12,2023-11-05,512,428,84,f0a9ae85939b0eb7182b5a68c3019001593acf5e3d09c6ab40d7b3dc8ae914b9
2023-11-06,82,2022-06-12,2023-11-05,512,432,80,8f6f6f6cdff28185f0e836758bca9670b5d26e39b32eb44f21f03a4f04780a2e
2023-11-07,11,2022-06-13,2023-11-06,512,434,78,7becd85bfa2c81e4e5a55cbf87028a158f446ebc594cab8e82a720109b558b4e
2023-11-07,12,2022-06-13,2023-11-06,512,423,89,4def719bc539bab582104de2a87d50a434b75db249d894e7901d0a793601196b
2023-11-07,13,2022-06-13,2023-11-06,512,431,81,232e6ddead618f2787fc2db3e7f0a1003d2645fd77be6d857cc865a56e3b62d5
2023-11-07,21,2022-06-13,2023-11-06,512,433,79,0dd9daf8677a1f138fe8ce32fcfbd836ba447f45642b355f7735e289b5d752d6
2023-11-07,35,2022-06-13,2023-11-06,512,428,84,f10229e17053289d8992e47a00532641a1f6f79e2eab19966161d2e6ff50bc7a
2023-11-07,82,2022-06-13,2023-11-06,512,432,80,0bccc4a25e5e1889c8dc29e672ffde5528e70c250b6e80e1c952b45f30fba091
2023-11-08,11,2022-06-14,2023-11-07,512,434,78,3698ab53d954851c6c15ccb1d9300ce263c80992f31862e42d23a4ccfc3784ce
2023-11-08,12,2022-06-14,2023-11-07,512,423,89,5b1f9ae0d65338030d7e16a4ef5a970a23c02abb8768e6178252df390d0b3f9a
2023-11-08,13,2022-06-14,2023-11-07,512,431,81,af06b9d76542f8dc8e5fd5031ebefc90ba8852589c52d699f5bc95adce0a983d
2023-11-08,21,2022-06-14,2023-11-07,512,433,79,3b1d7a74b60ecd87e210b794e0ed62570c856aa2d55f8ec0f51780cca0daee8a
2023-11-08,82,2022-06-14,2023-11-07,512,432,80,535e8147dadf0cd3556a96e42349616067ccb85ff4acf500f3c77d377a88f30c
2023-11-09,11,2022-06-15,2023-11-08,512,434,78,5cff7aeba5ae41108500f29e61c017bb7e68a29d8e043aa05a3b6c0bf8d7f861
2023-11-09,12,2022-06-15,2023-11-08,512,423,89,afb3ab61b6a2f390d69d1b6ee51575f84d99b6a692dd6aed6ac5e899a7a8c387
2023-11-09,13,2022-06-15,2023-11-08,512,431,81,6d368bebcd3867c144953045c7e6c33f6cfd9c53bb88644798872464fbeef387
2023-11-09,21,2022-06-15,2023-11-08,512,433,79,263b00bbcfbf6e47a47672d038fa929538cdbeeb6e9f4e87e14c918b8e73a558
2023-11-09,35,2022-06-15,2023-11-08,512,427,85,03e623552f8e3ba385b0325ac276c141db906f42d34541ea05b669ad4b414564
2023-11-09,82,2022-06-15,2023-11-08,512,432,80,b8cc82823e2ebd6dcc187385aa2728788da70b27ac1825501f5fa0d2e8b0d75f
2023-11-10,11,2022-06-16,2023-11-09,512,434,78,0daae3c231d0386dcb402f8c8f7e9646a1029b24194eb1f359ef1b507cfaedc2
2023-11-10,12,2022-06-16,2023-11-09,512,423,89,8c9382ef12a933f3e6241297c46f5213e6dac166ba461e838a2babf9528abe34
2023-11-10,13,2022-06-16,2023-11-09,512,431,81,e5762b84a0158889925902bb251a43da98d71ca54208e7ad7b6528ddcac09feb
2023-11-10,21,2022-06-16,2023-11-09,512,433,79,5e90ba8ed026360951a28482f695f5d3d7acdf4544483d174187a958fba03193
2023-11-10,35,2022-06-16,2023-11-09,512,427,85,85ba4c445ff1c0b0314df19b7b2353be1b7148e96014c9605ce452f3c3e7ec10
2023-11-10,82,2022-06-16,2023-11-09,512,432,80,16a30833177350584d2dc1b5ea2ce1e54c11a965870eb133364e90fdaa423538
2023-11-11,11,2022-06-17,2023-11-10,512,434,78,9811d409648c73da8a558502b4efda27492d70aeccf0e191280b6615da15d0d6
2023-11-11,13,2022-06-17,2023-11-10,512,431,81,16c7689e91decc07d501e869bc2b559fdb4cb7f361441177722270c5781942c3
2023-11-11,21,2022-06-17,2023-11-10,512,433,79,0ab858ac558c3f6b83d9415b6f6cfe2f0d99c1cc922f69e51deede97c5e5aacf
2023-11-11,35,2022-06-17,2023-11-10,512,427,85,03083693001129564a82c2e6784a8d890e6b6a37417bf3b616ec1f67a84279ba
2023-11-11,82,2022-06-17,2023-11-10,512,432,80,110c5a12ae8dbb4ef54bf02f3edabf08805bfc86ca569dd0eed3872debedb62e
2023-11-12,11,2022-06-18,2023-11-11,512,434,78,d1b1b042f6bfdd56e14dadd8f87bf1082bd6582d25cb5c03b462b98136e0e8e6
2023-11-12,12,2022-06-18,2023-11-11,512,422,90,716273d827968759081605dc988022c86e246446f055f9f5986f6f567190de6c
2023-11-12,13,2022-06-18,2023-11-11,512,431,81,c83ff31380f0287a9884b4f74466ade2115bca2f449580e5f0839f0995d0c96e
2023-11-12,21,2022-06-18,2023-11-11,512,433,79,ecf80320699b520bc2596351b369f2f127b1d5d4d69819cd93ed353e4cc6bbce
2023-11-12,35,2022-06-18,2023-11-11,512,427,85,225b100e909ad87bac6004770f1a20adfb0ab09ae0475900e1583f715d3155bd
2023-11-12,82,2022-06-18,2023-11-11,512,432,80,e4420a00941ff2a9bedcf99028456a15ed910a004b51d52af8cc56f27c7597d3
2023-11-13,11,2022-06-19,2023-11-12,512,434,78,0b63876977468f0ad6129e883e32c2388ac6d85538fadf7cec8a5a1f7c61ad94
2023-11-13,12,2022-06-19,2023-11-12,512,422,90,dd543c760ed67f7f86d486ada66e66366b4a163d8d2a3cc8d3d520d91bf0df18
2023-11-13,13,2022-06-19,2023-11-12,512,431,81,933db507716ee5d6a6fc2f784ffe41063abbfe20713a8cdc66c28b6978f50c07
2023-11-13,21,2022-06-19,2023-11-12,512,433,79,09b3e4f83cf84c986c878289c41b076b6e723c182d92cb7858c67ca30f1824a8
2023-11-13,35,2022-06-19,2023-11-12,512,427,85,4d885aaab0628e1e251233191ed7bbaf55407ae1081551a1feed6930068208c8
2023-11-13,82,2022-06-19,2023-11-12,512,432,80,b3113104b929fcde69593da0c48e464d4d5749743ea4b4131821261117749e7e
2023-11-14,11,2022-06-20,2023-11-13,512,434,78,0ac4559d21aec7142238aabc27da7659c5cf55ad9ab82e6e7493588477dfbe9e
2023-11-14,12,2022-06-20,2023-11-13,512,422,90,43ad7316845c3f953ba89450a280235ff24a4e1e282826370cd1682d4bf1ab94
2023-11-14,13,2022-06-20,2023-11-13,512,431,81,6028e485f2e5f7b80b9b2467938bd7864156c9f94bce4926b01e1b3ff1239e29
2023-11-14,21,2022-06-20,2023-11-13,512,433,79,db157248e275fa5bd0d2570f6a674b41265e46306ca80105428f4f311ec76181
2023-11-14,35,2022-06-20,2023-11-13,512,427,85,a78c4b4eadc0030e9307dedce825f0f4da834d7acb1a5ba4a60c06be83edca01
2023-11-14,82,2022-06-20,2023-11-13,512,432,80,30f109973c1c23705d9f4c5d96dd6b1660bbcd67b385af11bd9f87bdbd99a7a9
2023-11-15,11,2022-06-21,2023-11-14,512,434,78,8684915923dfc800a032a87383fec921da4448a3bac0ce3db1c89ae7000b64e8
2023-11-15,12,2022-06-21,2023-11-14,512,422,90,5807f11af553dcd5ad1316b14a577a83f9f103afa96ffdc0cd184e24b2b66efa
2023-11-15,13,2022-06-21,2023-11-14,512,431,81,99233d7d17a006b9a87f8940260300965924ef153cb1a6de4da5e0f59cddc28d
2023-11-15,21,2022-06-21,2023-11-14,512,433,79,9f97b4037540c70e8528704c7c7fd63bbeca99f953eef464829405c1a6b9e971
2023-11-15,35,2022-06-21,2023-11-14,512,427,85,e5bdfc73fb880b14bf6abef805747d515481fa80f0e6f3b9ffbad08d3f744e15
2023-11-15,82,2022-06-21,2023-11-14,512,432,80,a65450d40822eef0745326bb1b9faee1cf7ec6a0dc041b4bda8304657046badd
2023-11-17,11,2022-06-23,2023-11-16,512,433,79,41d3df33c909f783dfd4096b547dff0868789958be42a814a3da81754d6c3f64
2023-11-17,12,2022-06-23,2023-11-16,512,421,91,717d05d5546d63fbca6aa7196073d270fa135a5b92fe00db55f6728519a6da5e
2023-11-17,13,2022-06-23,2023-11-16,512,431,81,a89a222c62bd86f4b748d61e2a509e84331bb159fd4b6908714c3fcf58b58fe7
2023-11-17,21,2022-06-23,2023-11-16,512,432,80,1bafe64a6534fca44f3ea3b4e55f6101a29614b768342b17e49c700137a7aafb
2023-11-17,35,2022-06-23,2023-11-16,512,426,86,68626542041bfd47f9aa8a18d611ea83f5f06f436407091ea22be50aa0e2d989
2023-11-17,82,2022-06-23,2023-11-16,512,431,81,3013140055161597761271b099ef8e922d29005f754a7fee3f36b6cef7fa38d5
2023-11-18,11,2022-06-24,2023-11-17,512,433,79,c79521d3941b17e331c7ad1d1f51352ecfdf22526d9b71131ebda3398e7c6815
2023-11-18,12,2022-06-24,2023-11-17,512,421,91,dc8aaef55e77fe0007f3b7f725687b82ff13a75eae5701a62972d86960bbc433
2023-11-18,13,2022-06-24,2023-11-17,512,431,81,7eb9798caece853fd9079b7bd254472d73c411d3fae5bd67410f7c0fccf011a4
2023-11-18,21,2022-06-24,2023-11-17,512,432,80,d708ef13ef28155da414cb359fc0bb59a85986d1ecbc8fee03644aa399c6e9cb
2023-11-18,35,2022-06-24,2023-11-17,512,426,86,654ce7822d6e9a7c5d8fad3e91261c6a734e35a48236b9c0820c35a618ceba27
2023-11-18,82,2022-06-24,2023-11-17,512,431,81,bf4fcf01b1f3a290ff56c2bca32eda1bf9e475127ed0318c019dcd8eb96c0b06
2023-11-19,11,2022-06-25,2023-11-18,512,433,79,65d6b7073c23275c166ea257e3e1515e5332f8a050dfcdf485f72a292d5daad2
2023-11-19,12,2022-06-25,2023-11-18,512,421,91,d4e5ee69bc6a1d93c3aeb60de0539dad21d964d834a19d76a9fef146b8dd535a
2023-11-19,13,2022-06-25,2023-11-18,512,431,81,e71e348c192548a29ee20495fdaaf475724bed1b741f1c4271e6041f05fa5476
2023-11-19,21,2022-06-25,2023-11-18,512,432,80,6569cafc72e0487b8a99ffa22fd1c2df309456990d48075e5018b0bfb103ea51
2023-11-19,35,2022-06-25,2023-11-18,512,426,86,772d2714031d2272217619174480439b84acae0da2df319c98766424ceaf7fc8
2023-11-19,82,2022-06-25,2023-11-18,512,431,81,3fd13b802e36bc0f11aeb03c2be11ab18b2f3da9a7d7b06bf217aeaa61af584d
2023-11-20,11,2022-06-26,2023-11-19,512,433,79,0cc138c46afda9eec74d9c9c52d63c66c2b6c4dac3db7ca84840a21a6e1c6ac1
2023-11-20,12,2022-06-26,2023-11-19,512,421,91,42edc575e5da02c151d749793ad8e04f0b37e9f9221e857e605a990235819f5d
2023-11-20,13,2022-06-26,2023-11-19,512,431,81,b3ee12f7019be25a230dd2f08a48a5252f0a7445caedeff315c50e7d95882f98
2023-11-20,21,2022-06-26,2023-11-19,512,432,80,3eba637be519b80096b0edd6a233501cec89629ba53721f90d8a51fbb0a3625b
2023-11-20,35,2022-06-26,2023-11-19,512,426,86,2e0ed2466c2f91897861b15cf730d00d773690d43a8a6f895c575bebad409338
2023-11-20,82,2022-06-26,2023-11-19,512,431,81,95fc3841a565a0a9af72917f102872661df329baf17929df5c2a356c99235c2b
2023-11-21,11,2022-06-27,2023-11-20,512,433,79,1e131ffe431c7f27d7375ff53b96ee8630594e32089bb94ec2a21593e9710213
2023-11-21,12,2022-06-27,2023-11-20,512,421,91,588613670a15aff4b57b03246eaefb1c695f210e5c3193f583c0dc4eab6a6c81
2023-11-21,13,2022-06-27,2023-11-20,512,431,81,cb99263c826974d1cab4748a5dccf0e2bc4254bc7fecfcfffa0e905406ddbc3c
2023-11-21,21,2022-06-27,2023-11-20,512,432,80,7d47bf8c68b28f8adaa51a9ffaa2dd7baac0681627587351715235700361e1d0
2023-11-21,35,2022-06-27,2023-11-20,512,426,86,d169d539ef64fa3573db930a31a6cefd6a570876a69c67a070f3b1a8e88d152a
2023-11-21,82,2022-06-27,2023-11-20,512,431,81,4c7bb062067bcb8135b5f4c3d7fe68555653b33d1b48b876b689aef1990db3c0
2023-11-22,11,2022-06-28,2023-11-21,512,433,79,1f67a138b0604125a42e1775281ac4851eea9419f6472bdf716d79cbfd6132df
2023-11-22,12,2022-06-28,2023-11-21,512,421,91,8afa53bc87d836c4625acce182f1e7e3f1b0a67e7e80265d0ef036c013e9655e
2023-11-22,13,2022-06-28,2023-11-21,512,431,81,c39c1cbae8d3a8147a58717cf5acc9af319135ae766dad5602caf2db0239657f
2023-11-22,21,2022-06-28,2023-11-21,512,432,80,b314439219647021e0632bcc39216e00f62a2b574d4aa364a3b642277dafdea8
2023-11-22,35,2022-06-28,2023-11-21,512,426,86,0480455bcebbbde1853d3e34bdd97a5f890a17bebc3bb8da52f87ff1b0b19d8a
2023-11-22,82,2022-06-28,2023-11-21,512,431,81,48a44b22eb71db3a858f5318c5ba2625bde8dd9e98a27cd3c7b4b3acf1d9af53
2023-11-23,11,2022-06-29,2023-11-22,512,433,79,eb4957edf108d85df31b9dc7d25dcfd43eb968378530752f036618dfb46e1d1f
2023-11-23,12,2022-06-29,2023-11-22,512,421,91,2729197de1b6ca2ec9e0b9838b4f25d32cdc7b44b65acd09bb60821a1e2de6ab
2023-11-23,13,2022-06-29,2023-11-22,512,431,81,41a83a7231687b443762e8f654d34ce11805bcc767b6f967169531c6a5ce9c16
2023-11-23,21,2022-06-29,2023-11-22,512,432,80,c255e29f15bc1fafc856db657a5687ff06cc8e65945761668adad2999be01caf
2023-11-23,35,2022-06-29,2023-11-22,512,426,86,ab5639229b0e8198b2bca3edbbcdef832c90911aa9da7417280685271d5cac15
2023-11-23,82,2022-06-29,2023-11-22,512,431,81,a1bbd06fef198c67bd8593d3e82671f140711596568ea820d7c37d619d6f82c3
2023-11-24,11,2022-06-30,2023-11-23,512,433,79,cc45c427ffce59a75d61068efd42177d366e1827bcb8b80eb773c34376443034
2023-11-24,12,2022-06-30,2023-11-23,512,421,91,8bbe6676757fe87d5949f0be66955bbea86283806ef1758d39519d75fa6801db
2023-11-24,13,2022-06-30,2023-11-23,512,431,81,8a099ba88550f7b4c5f646b36091ee0b4eb8e8780e89b2e821823291d7cd2bfc
2023-11-24,21,2022-06-30,2023-11-23,512,432,80,d6133f1c378542d5605b6489dcc2b3586df607f30451fae8b9ba85bb7587fdd2
2023-11-24,35,2022-06-30,2023-11-23,512,426,86,28d68ac489d62b601d8503c6b1299b9be6892aa9a7104e3fde46db1c5dcbffc0
2023-11-24,82,2022-06-30,2023-11-23,512,431,81,347542641f7bfaf12fdd45c9d4a94225f57598f74731dd67855ee44074a7b42b
2023-11-25,11,2022-07-01,2023-11-24,512,433,79,0304bfa5b010d031042f0c8f5b6feba5887cf5fb503a419a7a78e44bff425ddc
2023-11-25,12,2022-07-01,2023-11-24,512,421,91,55c464d355db83cb7eccea8ffcbb07103ee71feea19a3bae51243888850c5b91
2023-11-25,13,2022-07-01,2023-11-24,512,431,81,e3107dc78d04a5c714b94be13a7bf53a376d159c4b9fa3263e92fcbdd88ebb47
2023-11-25,21,2022-07-01,2023-11-24,512,432,80,59c9be062f622f382f427b12a9a632a63f927b1bce635e96ffd3c30b76104663
2023-11-25,35,2022-07-01,2023-11-24,512,426,86,f0e2f323228a5fe1c7e39a68ab821f679a6fe8b35777279be82f2d5c33f33dd4
2023-11-25,82,2022-07-01,2023-11-24,512,431,81,9226dfd52b59135f93cf387f1621f4f28cd6e25bc6ae262974401e24c383c4fd
2023-11-26,11,2022-07-02,2023-11-25,512,433,79,a17fb09e8f7b320078be5a0b806d81273ae60a7b418aeafe3f8da30363deb436
2023-11-26,12,2022-07-02,2023-11-25,512,421,91,0328501967b1af2d940766500bf3f98fe879514e8d91400a585eb5763a1bacbe
2023-11-26,13,2022-07-02,2023-11-25,512,431,81,3bb8bd6df0856ee29a8cb56aabc8f8ee851f37e177f292a373d592f33150ae4e
2023-11-26,21,2022-07-02,2023-11-25,512,432,80,38c9ea5994d52297bf5a59404387d14987c018ac1029eda08224caef85aba38b
2023-11-26,35,2022-07-02,2023-11-25,512,426,86,1190d2ef5dab5a4c2f1ed944d0782cb5b614dc69069574b46ead0096ee8a75d0
2023-11-26,82,2022-07-02,2023-11-25,512,431,81,275f7dfe0e35facc7f45ee305299c7e0452f6f3d8e1f5cd95db969c1e1770245
2023-11-27,11,2022-07-03,2023-11-26,512,433,79,c3e1d2a67b1018dbdece67933acc0c1c5f13bb521a49f98fc6a7a3351e7fdf21
2023-11-27,12,2022-07-03,2023-11-26,512,421,91,b9d7e18a051355a3ea33f7413c6a7317eb2aa295d1b0336887263641b015aee7
2023-11-27,13,2022-07-03,2023-11-26,512,431,81,ac2d0aa55dbf482c02e48547735a2dcffed6dfd072feb5a4cb0fc1c875752528
2023-11-27,21,2022-07-03,2023-11-26,512,432,80,41a7910625886a6150606258bb871e1a5f359dfdcb0400eb8183206936297d82
2023-11-27,35,2022-07-03,2023-11-26,512,427,85,7060ff6e583046b26ab073f0b47df7f4e488ec9dec6bbda5b47290f7e95ea615
2023-11-27,82,2022-07-03,2023-11-26,512,431,81,b74add51b9be2c5b82c3604825bfde7fb820abbcf71a2c0ad4a0a6b9de8b8f29
2023-11-28,11,2022-07-04,2023-11-27,512,433,79,05c57d4ee845386adc4ef395c86ed16de637f3f76a18b81fb742d1297dda9e6d
2023-11-28,12,2022-07-04,2023-11-27,512,421,91,600d5a28d5c160f7bdfb25422f9ae01bdb570f640073b2d255b5a74440ca03a8
2023-11-28,13,2022-07-04,2023-11-27,512,431,81,03b419c5d74833f92ebe9cc678b548b87284508d72da02e3afef513ec85215aa
2023-11-28,21,2022-07-04,2023-11-27,512,432,80,83e8e9c5fe8f1550c2c67b3202239867f0f88cdb607a44a7fd74c38bb5454029
2023-11-28,35,2022-07-04,2023-11-27,512,427,85,917554434872615c1f686a40c1e9ea4f57a157a2e4ccfbc24106d22a61f84f75
2023-11-28,82,2022-07-04,2023-11-27,512,431,81,9a2b5175ee294c7b49c2aeb2bc60ffdfb34d7c0da3313ecd02cdc12d62e0381e
2023-11-29,11,2022-07-05,2023-11-28,512,433,79,0f139c4ff483c1636388480b5f3ae2a7b185dc18c1ec986493df6a17e6aba250
2023-11-29,12,2022-07-05,2023-11-28,512,421,91,e11a9abb8b39612ac74aadc933a4a78f87989f7aa0261bac332da90929376ce3
2023-11-29,13,2022-07-05,2023-11-28,512,431,81,8ace33e91206eb7e5afb3e85730414e9430cbdacb32889ed4308e5abf3eaa327
2023-11-29,21,2022-07-05,2023-11-28,512,432,80,d6bc7448fc25f7cfbaf58627e43b699ec2dde22feff6432633aa501178f3cff0
2023-11-29,35,2022-07-05,2023-11-28,512,427,85,74faa8e1002e092be2509cb98dedb15ebdcf694ffb947090a8ea21b09deed8b3
2023-11-29,82,2022-07-05,2023-11-28,512,431,81,0cef308f3986d7ae3692a66b4f104da18ae98fc6784635cc0ce3be01dcdd80cb
2023-11-30,11,2022-07-06,2023-11-29,512,433,79,1dbc5933555a5b0e39a7ebbfb2838d0aa676f8ba0b7de398b35807c65daba197
2023-11-30,12,2022-07-06,2023-11-29,512,421,91,e3e5ae31bc3169337e72560011f9557d2cba05a56383308a27ca9baed0c448f3
2023-11-30,13,2022-07-06,2023-11-29,512,431,81,7dfa2a85c6c8e2341394d8997c2653216b3899c22a7593b5cc75ec9488c8f4cd
2023-11-30,21,2022-07-06,2023-11-29,512,432,80,ee1bce514fff6cd794dce4ca3f995dde0b2f4ecabc8edce64b22304c02794842
2023-11-30,35,2022-07-06,2023-11-29,512,427,85,b4bacb12dac34b55042be93e922276d15e41a91a14775891131b5592e03fd6b5
2023-11-30,82,2022-07-06,2023-11-29,512,431,81,de03caf3d76b073eaa990e7b2af1f8941005df284ab82c85abd5112acc3bab9b
2023-12-01,11,2022-07-07,2023-11-30,512,433,79,00efdadf1ed19f18db6b72cf5a5d625d0f1d4fa86b1b812cc4f33eb8865a650f
2023-12-01,12,2022-07-07,2023-11-30,512,421,91,8c15bd56bd2e864bf36aa6682116399bab3f2180b34ca1dd07473d9bb68e2b12
2023-12-01,13,2022-07-07,2023-11-30,512,431,81,045140494b44e3e6865c7d874606b7359ae05b32a38033456661e1c893a78f18
2023-12-01,21,2022-07-07,2023-11-30,512,432,80,ee6966be4f5c397f444777cf1b5766def97b4eb83d32b5adb2f3d2794113ae35
2023-12-01,35,2022-07-07,2023-11-30,512,427,85,7088d1daa9a6e3632bfcfa9e77fb8835e8223bc1a56b041ebfba24bdab76017c
2023-12-01,82,2022-07-07,2023-11-30,512,431,81,2d3c0d02d312da36e7e45ca36286e9d0e3a8a84a03ed76893370438a730b287e
2023-12-02,11,2022-07-08,2023-12-01,512,433,79,6d45944f233d8ddc8db5f7df2fcd762e46b96423cdb488181bd641d21bb8cfa5
2023-12-02,12,2022-07-08,2023-12-01,512,421,91,78bd2c935b8dc8e0802ee8350a41b965d691865340c44e01802c4748286480c3
2023-12-02,13,2022-07-08,2023-12-01,512,432,80,50dee6d84ae8be4f9bac74d68a3de908331344417f99132a46a2e088ba1ca1d7
2023-12-02,21,2022-07-08,2023-12-01,512,432,80,a6bc35c4baa4ac6fc876e3d15666080e6b239c1a3f86eef1504b12cf5ac603b8
2023-12-02,35,2022-07-08,2023-12-01,512,427,85,7ac7cdeb7651f250610f395eabf4e273ac66d18c192e775a870ec78d7bbe265a
2023-12-02,82,2022-07-08,2023-12-01,512,431,81,b10a59d2cc87c66cdce740f09f07524f7ee5f76067f923f9af3583236e0f7bd0
2023-12-03,11,2022-07-09,2023-12-02,512,433,79,336f39fa8f9dd4f0038db51b2d1c4b20095d382d4e45ce7ff1f51a3681c34726
2023-12-03,12,2022-07-09,2023-12-02,512,421,91,09cf27fc54519b70b1c2311d917c8c705fd86e0c2c28607d093eaafd24b27416
2023-12-03,13,2022-07-09,2023-12-02,512,432,80,2a73e6f2b8409921edcba1e37a919bbf343702d71719e9a74b0c6a93a34a9246
2023-12-03,21,2022-07-09,2023-12-02,512,432,80,037b6a610880842add71a358abe9a0df2f22c6fccbf4c622116eedc3d187f9d5
2023-12-03,35,2022-07-09,2023-12-02,512,427,85,ccaf4b8df38847cecca962cf0ce4f11b90353b4f087841111fcefc5cafcc7b40
2023-12-03,82,2022-07-09,2023-12-02,512,431,81,541fe898696969052786f675aca4a67ab5d0431f6379969e7850b1d0fc239550
2023-12-04,11,2022-07-10,2023-12-03,512,433,79,54c77af442596e36c673253ca3e6b837f7cae0483f8ade16b2360e32dbf95de0
2023-12-04,12,2022-07-10,2023-12-03,512,422,90,f0db647f915add3fa899632a9911903d25bb61a6e069ef41ba40e5f593feb410
2023-12-04,13,2022-07-10,2023-12-03,512,433,79,70aeb2df1a53c5d9aed08cc0970801e8b47c7be36f340f0491c6ddf70eea74cd
2023-12-04,21,2022-07-10,2023-12-03,512,433,79,2c90d532294ca726f03a7d919af402a6c27dacf4353091560307d4a9e8a0bcd1
2023-12-04,35,2022-07-10,2023-12-03,512,428,84,dda3f2393c45547433e8979dea49b1cfc60631bee94ef586da7e5d181979f4ce
2023-12-04,82,2022-07-10,2023-12-03,512,432,80,5245b4a80d014529e2913d0100e2a335532cad3d2eb4e05f67eb9aad9447f584
2023-12-05,11,2022-07-11,2023-12-04,512,433,79,ce52085b96d187e6fb0cbe140b0d6dc29826a756502a417c78d5752097c94328
2023-12-05,12,2022-07-11,2023-12-04,512,422,90,d21515e7b172dbf9b5af75ab02fcb2a28ea55da963cdc34d3b05868a754c53c7
2023-12-05,13,2022-07-11,2023-12-04,512,433,79,f31a4eca17e7f961d4d438acdfa9568919bc000365a1d0e1f6e78a37beec2039
2023-12-05,21,2022-07-11,2023-12-04,512,433,79,b999c616864a537b349e3f7e20541d6a2bf5b03090b0f659f04e301ed272ceff
2023-12-05,35,2022-07-11,2023-12-04,512,429,83,e054e3b4657fbe3a76d26f3619ac3918a55cb1266dba4dbebc72d35c3769041e
2023-12-05,82,2022-07-11,2023-12-04,512,433,79,8f6df7ae12051beeb8e3da32a598ba613ed10298098495ba9292631e55a4cef0
2023-12-06,11,2022-07-12,2023-12-05,512,433,79,000007c6d5c5b34235f80243cf489a8190d9f4fcef6c6298961be6ecb45a240b
2023-12-06,12,2022-07-12,2023-12-05,512,422,90,e1cf4e83da5cc4268973695b96cc2eaf917bd13be99e58f3c8795b7a923d26c3
2023-12-06,13,2022-07-12,2023-12-05,512,433,79,266c03e0216f464fcccdd537acad0981e6aac27310f90670705121c0cd9b2418
2023-12-06,21,2022-07-12,2023-12-05,512,433,79,1e7627247877a1327d6f9a4c37bb1d9a4b20977616f549c93908852e42a23dcb
2023-12-06,35,2022-07-12,2023-12-05,512,429,83,1da5e8c285793ec0077404e874c2f15c9b0891ac2c8ec0a446a04fedfa250986
2023-12-06,82,2022-07-12,2023-12-05,512,433,79,dfa15072231749027b20a42adabe56ce96292f9881a754e9076577c7148a6169
2023-12-07,11,2022-07-13,2023-12-06,512,433,79,d470fe3d3521094763c339303dff56286f5993d0c098795e338ae30e9d3e6c8f
2023-12-07,12,2022-07-13,2023-12-06,512,422,90,cae72da21df9bf9dbf8a61f2bdd756c6caa2140ab16d407a11da6e02539145b6
2023-12-07,13,2022-07-13,2023-12-06,512,433,79,746287293a5459dfd8292be2616e00260ab0fd16526b43558187016ad4f04fde
2023-12-07,21,2022-07-13,2023-12-06,512,433,79,f450c8dce9e5b73b5d4d9ae9b96081bb47ab4c4dc4f731f2bf9032de631f4bf1
2023-12-07,35,2022-07-13,2023-12-06,512,429,83,528d036df3a90f99fd61b2feae9fa5c15a51665d78a352f21213be7d28e39a73
2023-12-07,82,2022-07-13,2023-12-06,512,433,79,4502380e43a239c2789b035eb7d711054902b61bafb5281fd0a026115d355528
2023-12-08,11,2022-07-14,2023-12-07,512,433,79,6e8a19f3759a6b36dd3062731c6482a749a029c57f3fbf5fcf37ee08956fd776
2023-12-08,12,2022-07-14,2023-12-07,512,422,90,c51a22de7ff3d4a5afe5c1338e0b1d18756eb99d48a554d8b5fcdeeb23784330
2023-12-08,13,2022-07-14,2023-12-07,512,433,79,4995462bb8b69da144d3f464a6d92ceac7973f72704e0724f43bbf4c14eb3706
2023-12-08,21,2022-07-14,2023-12-07,512,433,79,efeb044777e0662dd3a29df99fb74dca4446b5a5d7fc2f3d61d56dbbce781624
2023-12-08,35,2022-07-14,2023-12-07,512,429,83,cc9cfae4bdf24015353c6806a28a5e5e949c6d909d41972a4ebd81a9f39f8c64
2023-12-08,82,2022-07-14,2023-12-07,512,433,79,6b3afc1d483c6fa4ba66fe284da37a973b618eff928a35894e26bcee48f0d1ca
2023-12-09,11,2022-07-15,2023-12-08,512,433,79,8ab80d7970a9fed8f347981287ee1f86689d69638c6ce02b9c31d8f32a5cab5e
2023-12-09,12,2022-07-15,2023-12-08,512,422,90,7173748e2b8602d1bfea338476313e5a6e175fa337ef64198b01bdc635ffabf2
2023-12-09,13,2022-07-15,2023-12-08,512,433,79,c27fb14f4a91d05cf6e25e33b5ce9ae6f93d7debdc1aaf32d52f09e6803ea822
2023-12-09,21,2022-07-15,2023-12-08,512,433,79,f773c4a514f9a9cb7292e40634c09894b416d8f7f44208c7e727493d9bb0ebe1
2023-12-09,35,2022-07-15,2023-12-08,512,429,83,42c4d70021ce5d53290bd552d2ae81ab6308efdc78bce3983cf84f7c821b238d
2023-12-09,82,2022-07-15,2023-12-08,512,433,79,b2b66829f872e4c113a8c93abe45d49506bd87769e33e32f290e07a239bd91f2
2023-12-10,11,2022-07-16,2023-12-09,512,433,79,c2f2ae31d1f2c73c8da50dbf0a07a7f07bac01e7d417448a1c0f5afe0576229d
2023-12-10,12,2022-07-16,2023-12-09,512,422,90,a805e4cd0397dfde65f0ececbee9ed90bee815fdcdb08e04a9c4a321ceca260a
2023-12-10,13,2022-07-16,2023-12-09,512,433,79,c68c25d94076c364c3cb9e59b8a976e702942894cd47209368bd00d7f84a076b
2023-12-10,21,2022-07-16,2023-12-09,512,433,79,0591aa5034c8d3bd0da833efb22113b139ee4424d645c06b9d5101676f9a26ad
2023-12-10,35,2022-07-16,2023-12-09,512,429,83,97bd4b33228aaccef2f8abbbde3bf8f9ae14ee369e83ac1e135ede9aae2db976
2023-12-10,82,2022-07-16,2023-12-09,512,433,79,1e0bae0019579c664041ac4683396790408ff8075f0bc746a01c4252f8d6b3a8
2023-12-11,11,2022-07-17,2023-12-10,512,433,79,97b5eba602041ee1e21ff6d86a75ff58149fc3a8b4f366970095f23171466349
2023-12-11,12,2022-07-17,2023-12-10,512,422,90,95ea03d1510989a1712fd73a65b52d0ed92d2e8d17682dba7261107a0a48549d
2023-12-11,13,2022-07-17,2023-12-10,512,433,79,b695d427791d2ddc28a44b084a1bb2217bf060305fac3e862644f25dc82ae3f2
2023-12-11,21,2022-07-17,2023-12-10,512,433,79,9da0f4680fbde6a23f87eb2244565c01df6e0423ced7a9ec24cd63a9045925e5
2023-12-11,35,2022-07-17,2023-12-10,512,429,83,56ccfd3322d237b584d720253e9f8eca06038632ea109e47179c0c0c9d18c7f8
2023-12-11,82,2022-07-17,2023-12-10,512,433,79,18efb2ba08e534b488b23846ed4650f2eb8c8c24d574999370673ebd689a1d24
