seriesId,variantId,modelId,group,splitId,date,product,y,p50,q75,quantity
custom/custom-weekly-daily,custom-weekly-daily,custom-final,custom,split-1,2023-07-01,11,13,15.446753713876646,20.993548359638918,21
custom/custom-weekly-daily,custom-weekly-daily,custom-final,custom,split-1,2023-07-01,12,15,11.00103625341119,12.904245483386573,13
custom/custom-weekly-daily,custom-weekly-daily,custom-final,custom,split-1,2023-07-01,13,9,19.297037915634945,25.560451727440906,26
custom/custom-weekly-daily,custom-weekly-daily,custom-final,custom,split-1,2023-07-01,21,13,27.397229956409983,32.393727921464688,33
custom/custom-weekly-daily,custom-weekly-daily,custom-final,custom,split-1,2023-07-01,35,15,27.934704664142799,36.183447596646957,37
custom/custom-weekly-daily,custom-weekly-daily,custom-final,custom,split-1,2023-07-01,82,22,24.505066587808422,27.776725249373577,28
custom/custom-weekly-daily,custom-weekly-daily,custom-final,custom,split-1,2023-07-02,11,12,16.144927428849822,21.762624225243272,22
custom/custom-weekly-daily,custom-weekly-daily,custom-final,custom,split-1,2023-07-02,12,11,12.794949039763676,15.785175565604119,16
custom/custom-weekly-daily,custom-weekly-daily,custom-final,custom,split-1,2023-07-02,13,29,15.714719921057695,20.521595893909613,21
custom/custom-weekly-daily,custom-weekly-daily,custom-final,custom,split-1,2023-07-02,21,24,24.163759092104375,29.693820971679472,30
custom/custom-weekly-daily,custom-weekly-daily,custom-final,custom,split-1,2023-07-02,35,34,25.78122216294193,33.855697492794349,34
custom/custom-weekly-daily,custom-weekly-daily,custom-final,custom,split-1,2023-07-02,82,17,24.743943235866425,29.01426458434662,30
custom/custom-weekly-daily,custom-weekly-daily,custom-final,custom,split-1,2023-07-03,11,42,20.593475193549338,25.514175988487601,26
custom/custom-weekly-daily,custom-weekly-daily,custom-final,custom,split-1,2023-07-03,12,14,15.021034231419788,18.102448942395753,19
custom/custom-weekly-daily,custom-weekly-daily,custom-final,custom,split-1,2023-07-03,13,31,23.01031023730603,29.609579525582177,30
custom/custom-weekly-daily,custom-weekly-daily,custom-final,custom,split-1,2023-07-03,21,27,35.012502348836264,40.623166470867361,41
custom/custom-weekly-daily,custom-weekly-daily,custom-final,custom,split-1,2023-07-03,35,49,37.850031776638588,46.907063150667497,47
custom/custom-weekly-daily,custom-weekly-daily,custom-final,custom,split-1,2023-07-03,82,23,29.458630755167974,34.054894862866277,35
custom/custom-weekly-daily,custom-weekly-daily,custom-final,custom,split-1,2023-07-04,11,20,16.794586033197071,23.279872266348047,24
custom/custom-weekly-daily,custom-weekly-daily,custom-final,custom,split-1,2023-07-04,12,14,11.847798797037392,14.518827212347873,15
custom/custom-weekly-daily,custom-weekly-daily,custom-final,custom,split-1,2023-07-04,13,27,16.722754468353799,21.631256909913695,22
custom/custom-weekly-daily,custom-weekly-daily,custom-final,custom,split-1,2023-07-04,21,28,23.430472670895352,29.145325139307523,30
custom/custom-weekly-daily,custom-weekly-daily,custom-final,custom,split-1,2023-07-04,35,41,27.934699107938261,37.19945700173492,38
custom/custom-weekly-daily,custom-weekly-daily,custom-final,custom,split-1,2023-07-04,82,24,23.549490485524682,26.40740904386551,27
custom/custom-weekly-daily,custom-weekly-daily,custom-final,custom,split-1,2023-07-05,11,24,16.982421423664643,22.524088245598286,23
custom/custom-weekly-daily,custom-weekly-daily,custom-final,custom,split-1,2023-07-05,12,10,11.897115365588832,14.491614640465073,15
custom/custom-weekly-daily,custom-weekly-daily,custom-final,custom,split-1,2023-07-05,13,13,22.006639148201021,27.165488537608233,28
custom/custom-weekly-daily,custom-weekly-daily,custom-final,custom,split-1,2023-07-05,21,23,24.513228240738044,29.053443826219613,30
custom/custom-weekly-daily,custom-weekly-daily,custom-final,custom,split-1,2023-07-05,35,28,28.483423603158045,37.74944575306877,38
custom/custom-weekly-daily,custom-weekly-daily,custom-final,custom,split-1,2023-07-05,82,17,23.345138731450128,26.300612070598277,27
custom/custom-weekly-daily,custom-weekly-daily,custom-final,custom,split-1,2023-07-06,11,20,18.84900629522739,24.633495109261894,25
custom/custom-weekly-daily,custom-weekly-daily,custom-final,custom,split-1,2023-07-06,12,14,11.251843376851314,13.521121853493387,14
custom/custom-weekly-daily,custom-weekly-daily,custom-final,custom,split-1,2023-07-06,13,15,18.289835074052732,25.214250528122335,26
custom/custom-weekly-daily,custom-weekly-daily,custom-final,custom,split-1,2023-07-06,21,46,22.329145826004481,27.181854150184957,28
custom/custom-weekly-daily,custom-weekly-daily,custom-final,custom,split-1,2023-07-06,35,31,26.626752197210443,35.88938541527618,36
custom/custom-weekly-daily,custom-weekly-daily,custom-final,custom,split-1,2023-07-06,82,20,22.28205890526425,25.337106991270574,26
custom/custom-weekly-daily,custom-weekly-daily,custom-final,custom,split-1,2023-07-07,11,18,21.429904304227247,26.648284641161627,27
custom/custom-weekly-daily,custom-weekly-daily,custom-final,custom,split-1,2023-07-07,12,7,13.484220573399835,16.460289913636853,17
custom/custom-weekly-daily,custom-weekly-daily,custom-final,custom,split-1,2023-07-07,13,18,20.00987609573675,26.837822836238779,27
custom/custom-weekly-daily,custom-weekly-daily,custom-final,custom,split-1,2023-07-07,21,22,28.32138539980831,33.406361424875371,34
custom/custom-weekly-daily,custom-weekly-daily,custom-final,custom,split-1,2023-07-07,35,26,30.881940997791681,39.903926817975616,40
custom/custom-weekly-daily,custom-weekly-daily,custom-final,custom,split-1,2023-07-07,82,21,23.485786067485549,26.838215047556641,27
custom/custom-weekly-daily,custom-weekly-daily,custom-final,custom,split-1,2023-07-08,11,29,21.294634066427712,27.022945049126012,28
custom/custom-weekly-daily,custom-weekly-daily,custom-final,custom,split-1,2023-07-08,12,15,12.56318004146809,15.019545280326188,16
custom/custom-weekly-daily,custom-weekly-daily,custom-final,custom,split-1,2023-07-08,13,23,19.060899696953239,24.422531390691535,25
custom/custom-weekly-daily,custom-weekly-daily,custom-final,custom,split-1,2023-07-08,21,39,25.105442753848664,30.70900527270576,31
custom/custom-weekly-daily,custom-weekly-daily,custom-final,custom,split-1,2023-07-08,35,37,28.90118867374051,37.905541417018433,38
custom/custom-weekly-daily,custom-weekly-daily,custom-final,custom,split-1,2023-07-08,82,24,23.653752272155238,27.33433102170541,28
custom/custom-weekly-daily,custom-weekly-daily,custom-final,custom,split-1,2023-07-09,11,28,23.29540370078146,30.530244357362964,31
custom/custom-weekly-daily,custom-weekly-daily,custom-final,custom,split-1,2023-07-09,12,15,13.732901380562041,16.27257299232075,17
custom/custom-weekly-daily,custom-weekly-daily,custom-final,custom,split-1,2023-07-09,13,40,22.364056804720459,28.204715416273757,29
custom/custom-weekly-daily,custom-weekly-daily,custom-final,custom,split-1,2023-07-09,21,21,28.873678070490481,33.874068069071413,34
custom/custom-weekly-daily,custom-weekly-daily,custom-final,custom,split-1,2023-07-09,35,48,32.14639328078178,41.984025337089882,42
custom/custom-weekly-daily,custom-weekly-daily,custom-final,custom,split-1,2023-07-09,82,24,24.173730014524295,28.57598469025298,29
custom/custom-weekly-daily,custom-weekly-daily,custom-final,custom,split-1,2023-07-10,11,28,30.761716407033838,38.137788625150137,39
custom/custom-weekly-daily,custom-weekly-daily,custom-final,custom,split-1,2023-07-10,12,29,17.360371010535495,21.203534504202864,22
custom/custom-weekly-daily,custom-weekly-daily,custom-final,custom,split-1,2023-07-10,13,39,31.099557341425623,38.265297807636351,39
custom/custom-weekly-daily,custom-weekly-daily,custom-final,custom,split-1,2023-07-10,21,69,36.477663656532322,43.36641068331069,44
custom/custom-weekly-daily,custom-weekly-daily,custom-final,custom,split-1,2023-07-10,35,65,45.849651841182734,56.608667651000189,57
custom/custom-weekly-daily,custom-weekly-daily,custom-final,custom,split-1,2023-07-10,82,34,30.681921878895558,36.456716330595945,37
custom/custom-weekly-daily,custom-weekly-daily,custom-final,custom,split-1,2023-07-11,11,33,22.309729285632343,27.996253833489003,28
custom/custom-weekly-daily,custom-weekly-daily,custom-final,custom,split-1,2023-07-11,12,19,15.634439371072558,18.713513088053375,19
custom/custom-weekly-daily,custom-weekly-daily,custom-final,custom,split-1,2023-07-11,13,55,25.249356742465068,31.777747930690914,32
custom/custom-weekly-daily,custom-weekly-daily,custom-final,custom,split-1,2023-07-11,21,44,31.294028952170393,36.276079613845418,37
custom/custom-weekly-daily,custom-weekly-daily,custom-final,custom,split-1,2023-07-11,35,71,35.498555915570421,44.89712689169842,45
custom/custom-weekly-daily,custom-weekly-daily,custom-final,custom,split-1,2023-07-11,82,23,25.989622570423251,30.040422855883193,31
custom/custom-weekly-daily,custom-weekly-daily,custom-final,custom,split-1,2023-07-12,11,15,24.700457585198535,31.310462391150182,32
custom/custom-weekly-daily,custom-weekly-daily,custom-final,custom,split-1,2023-07-12,12,13,14.964653881122461,17.859130262921465,18
custom/custom-weekly-daily,custom-weekly-daily,custom-final,custom,split-1,2023-07-12,13,17,28.126203965672222,34.014953533312216,35
custom/custom-weekly-daily,custom-weekly-daily,custom-final,custom,split-1,2023-07-12,21,14,30.969385801589063,37.221138067471728,38
custom/custom-weekly-daily,custom-weekly-daily,custom-final,custom,split-1,2023-07-12,35,33,35.82799765153915,45.531425643858299,46
custom/custom-weekly-daily,custom-weekly-daily,custom-final,custom,split-1,2023-07-12,82,14,23.550254280728389,26.437935789782983,27
custom/custom-weekly-daily,custom-weekly-daily,custom-final,custom,split-1,2023-07-13,11,33,22.159248401094924,27.685324179964468,28
custom/custom-weekly-daily,custom-weekly-daily,custom-final,custom,split-1,2023-07-13,12,21,14.855318325730551,17.203961895059038,18
custom/custom-weekly-daily,custom-weekly-daily,custom-final,custom,split-1,2023-07-13,13,25,24.09784738030546,31.116229794362503,32
custom/custom-weekly-daily,custom-weekly-daily,custom-final,custom,split-1,2023-07-13,21,51,29.118390765170371,35.368537120002792,36
custom/custom-weekly-daily,custom-weekly-daily,custom-final,custom,split-1,2023-07-13,35,71,33.072637349214588,44.006986039613786,45
custom/custom-weekly-daily,custom-weekly-daily,custom-final,custom,split-1,2023-07-13,82,36,23.132174179735951,26.449139937205945,27
custom/custom-weekly-daily,custom-weekly-daily,custom-final,custom,split-1,2023-07-14,11,16,25.247379352015479,32.530029309612061,33
custom/custom-weekly-daily,custom-weekly-daily,custom-final,custom,split-1,2023-07-14,12,11,15.838162163789397,19.185132055085543,20
custom/custom-weekly-daily,custom-weekly-daily,custom-final,custom,split-1,2023-07-14,13,25,25.858798636665441,32.958886991508408,33
custom/custom-weekly-daily,custom-weekly-daily,custom-final,custom,split-1,2023-07-14,21,36,32.214813739804192,37.811905317748753,38
custom/custom-weekly-daily,custom-weekly-daily,custom-final,custom,split-1,2023-07-14,35,61,36.821510301326789,51.40800223775404,52
custom/custom-weekly-daily,custom-weekly-daily,custom-final,custom,split-1,2023-07-14,82,19,27.294140993972256,31.502966412648721,32
custom/custom-weekly-daily,custom-weekly-daily,custom-final,custom,split-1,2023-07-15,11,20,23.781121543657779,30.963773704191148,31
custom/custom-weekly-daily,custom-weekly-daily,custom-final,custom,split-1,2023-07-15,12,14,15.626660758728294,18.367697801685551,19
custom/custom-weekly-daily,custom-weekly-daily,custom-final,custom,split-1,2023-07-15,13,24,26.655214673520714,33.790813075198187,34
custom/custom-weekly-daily,custom-weekly-daily,custom-final,custom,split-1,2023-07-15,21,24,32.961401825479733,37.372563188692794,38
custom/custom-weekly-daily,custom-weekly-daily,custom-final,custom,split-1,2023-07-15,35,35,37.334895478289489,49.315820083919753,50
custom/custom-weekly-daily,custom-weekly-daily,custom-final,custom,split-1,2023-07-15,82,24,24.899950746907521,27.649674598639088,28
custom/custom-weekly-daily,custom-weekly-daily,custom-final,custom,split-1,2023-07-16,11,29,23.144027138426427,30.357872666460231,31
custom/custom-weekly-daily,custom-weekly-daily,custom-final,custom,split-1,2023-07-16,12,17,15.668654812563286,18.956666771389511,19
custom/custom-weekly-daily,custom-weekly-daily,custom-final,custom,split-1,2023-07-16,13,25,27.268172711421943,33.800813318185959,34
custom/custom-weekly-daily,custom-weekly-daily,custom-final,custom,split-1,2023-07-16,21,47,31.394439209392058,36.034841962313642,37
custom/custom-weekly-daily,custom-weekly-daily,custom-final,custom,split-1,2023-07-16,35,37,37.205081586000709,50.967063055843127,51
custom/custom-weekly-daily,custom-weekly-daily,custom-final,custom,split-1,2023-07-16,82,42,25.703876325170402,30.540579008173033,31
custom/custom-weekly-daily,custom-weekly-daily,custom-final,custom,split-1,2023-07-17,11,26,34.16026710184633,42.644395944984637,43
custom/custom-weekly-daily,custom-weekly-daily,custom-final,custom,split-1,2023-07-17,12,14,21.307274315467637,24.431453896227048,25
custom/custom-weekly-daily,custom-weekly-daily,custom-final,custom,split-1,2023-07-17,13,48,35.148269279144671,43.309970084505402,44
custom/custom-weekly-daily,custom-weekly-daily,custom-final,custom,split-1,2023-07-17,21,52,43.627632898297449,51.957380094465208,52
custom/custom-weekly-daily,custom-weekly-daily,custom-final,custom,split-1,2023-07-17,35,62,47.5518027392839,59.856535409366472,60
custom/custom-weekly-daily,custom-weekly-daily,custom-final,custom,split-1,2023-07-17,82,33,34.997909085420062,40.526860951686054,41
custom/custom-weekly-daily,custom-weekly-daily,custom-final,custom,split-1,2023-07-18,11,30,23.439383521685041,30.586652772571604,31
custom/custom-weekly-daily,custom-weekly-daily,custom-final,custom,split-1,2023-07-18,12,14,15.236919737566932,17.572850488260435,18
custom/custom-weekly-daily,custom-weekly-daily,custom-final,custom,split-1,2023-07-18,13,51,28.090535750590632,35.576693590950512,36
custom/custom-weekly-daily,custom-weekly-daily,custom-final,custom,split-1,2023-07-18,21,51,34.207241576262078,39.927645584686495,40
custom/custom-weekly-daily,custom-weekly-daily,custom-final,custom,split-1,2023-07-18,35,65,40.297110829279788,51.977607696958813,52
custom/custom-weekly-daily,custom-weekly-daily,custom-final,custom,split-1,2023-07-18,82,29,26.280229654617965,31.642998147942542,32
custom/custom-weekly-daily,custom-weekly-daily,custom-final,custom,split-1,2023-07-19,11,30,24.087717570353078,30.54594879845969,31
custom/custom-weekly-daily,custom-weekly-daily,custom-final,custom,split-1,2023-07-19,12,17,14.456935549119958,16.886028168532285,17
custom/custom-weekly-daily,custom-weekly-daily,custom-final,custom,split-1,2023-07-19,13,37,28.732444365725268,35.855244926021918,36
custom/custom-weekly-daily,custom-weekly-daily,custom-final,custom,split-1,2023-07-19,21,43,33.711610624722276,38.818766471653745,39
custom/custom-weekly-daily,custom-weekly-daily,custom-final,custom,split-1,2023-07-19,35,58,37.640351654082068,48.348840510917562,49
custom/custom-weekly-daily,custom-weekly-daily,custom-final,custom,split-1,2023-07-19,82,22,26.221016217937681,30.690929348011888,31
custom/custom-weekly-daily,custom-weekly-daily,custom-final,custom,split-1,2023-07-20,11,31,24.819846790929326,30.999863131060629,31
custom/custom-weekly-daily,custom-weekly-daily,custom-final,custom,split-1,2023-07-20,12,16,15.416055286420976,17.467774065673868,18
custom/custom-weekly-daily,custom-weekly-daily,custom-final,custom,split-1,2023-07-20,13,39,28.836195330133972,35.171468543830073,36
custom/custom-weekly-daily,custom-weekly-daily,custom-final,custom,split-1,2023-07-20,21,36,34.090956863994734,42.015940940609006,43
custom/custom-weekly-daily,custom-weekly-daily,custom-final,custom,split-1,2023-07-20,35,60,39.052908092592148,48.648607913716305,49
custom/custom-weekly-daily,custom-weekly-daily,custom-final,custom,split-1,2023-07-20,82,23,25.6408269210512,29.332809492539194,30
custom/custom-weekly-daily,custom-weekly-daily,custom-final,custom,split-1,2023-07-21,11,30,26.547831816849161,33.286035936896553,34
custom/custom-weekly-daily,custom-weekly-daily,custom-final,custom,split-1,2023-07-21,12,12,15.252830483643185,17.614115434003249,18
custom/custom-weekly-daily,custom-weekly-daily,custom-final,custom,split-1,2023-07-21,13,22,31.063301768510303,37.155365373216036,38
custom/custom-weekly-daily,custom-weekly-daily,custom-final,custom,split-1,2023-07-21,21,34,34.358596517947454,40.776197017807412,41
custom/custom-weekly-daily,custom-weekly-daily,custom-final,custom,split-1,2023-07-21,35,52,40.524098852896955,54.29893374424551,55
custom/custom-weekly-daily,custom-weekly-daily,custom-final,custom,split-1,2023-07-21,82,21,26.307778895865994,30.485309570735467,31
custom/custom-weekly-daily,custom-weekly-daily,custom-final,custom,split-1,2023-07-22,11,34,27.699349424669101,35.602355371843288,36
custom/custom-weekly-daily,custom-weekly-daily,custom-final,custom,split-1,2023-07-22,12,18,15.972200354131658,18.118955553927847,19
custom/custom-weekly-daily,custom-weekly-daily,custom-final,custom,split-1,2023-07-22,13,28,29.5673522225403,36.022312416827795,37
custom/custom-weekly-daily,custom-weekly-daily,custom-final,custom,split-1,2023-07-22,21,51,33.307291569353289,40.755038259746271,41
custom/custom-weekly-daily,custom-weekly-daily,custom-final,custom,split-1,2023-07-22,35,58,40.051004062727742,53.136992416903816,54
custom/custom-weekly-daily,custom-weekly-daily,custom-final,custom,split-1,2023-07-22,82,31,26.186933054957816,30.069505956520992,31
custom/custom-weekly-daily,custom-weekly-daily,custom-final,custom,split-1,2023-07-23,11,41,28.820914623237861,36.19841262240638,37
custom/custom-weekly-daily,custom-weekly-daily,custom-final,custom,split-1,2023-07-23,12,12,16.60579482017733,19.26478956856327,20
custom/custom-weekly-daily,custom-weekly-daily,custom-final,custom,split-1,2023-07-23,13,33,30.881134967127593,37.292904000489798,38
custom/custom-weekly-daily,custom-weekly-daily,custom-final,custom,split-1,2023-07-23,21,33,38.18789569864969,45.535187294036675,46
custom/custom-weekly-daily,custom-weekly-daily,custom-final,custom,split-1,2023-07-23,35,59,42.003675499893582,56.781843836549037,57
custom/custom-weekly-daily,custom-weekly-daily,custom-final,custom,split-1,2023-07-23,82,31,29.549321201447931,32.380182066664943,33
custom/custom-weekly-daily,custom-weekly-daily,custom-final,custom,split-1,2023-07-24,11,40,40.032682017716674,48.586568730983068,49
custom/custom-weekly-daily,custom-weekly-daily,custom-final,custom,split-1,2023-07-24,12,29,19.761693502514618,22.591895692858934,23
custom/custom-weekly-daily,custom-weekly-daily,custom-final,custom,split-1,2023-07-24,13,60,42.689356483794953,50.01220284623497,51
custom/custom-weekly-daily,custom-weekly-daily,custom-final,custom,split-1,2023-07-24,21,61,45.198864719958323,55.708433603975593,56
custom/custom-weekly-daily,custom-weekly-daily,custom-final,custom,split-1,2023-07-24,35,71,57.152807603274638,68.904012606914023,69
custom/custom-weekly-daily,custom-weekly-daily,custom-final,custom,split-1,2023-07-24,82,48,37.731530477464254,42.944547560775391,43
custom/custom-weekly-daily,custom-weekly-daily,custom-final,custom,split-1,2023-07-25,11,57,29.778280388660821,36.497036800714845,37
custom/custom-weekly-daily,custom-weekly-daily,custom-final,custom,split-1,2023-07-25,13,46,32.733950471134754,41.096456770217316,42
custom/custom-weekly-daily,custom-weekly-daily,custom-final,custom,split-1,2023-07-25,21,70,35.769782040932981,45.154468665902399,46
custom/custom-weekly-daily,custom-weekly-daily,custom-final,custom,split-1,2023-07-25,35,76,47.591634544276467,60.48807631677937,61
custom/custom-weekly-daily,custom-weekly-daily,custom-final,custom,split-1,2023-07-25,82,37,29.391110011205033,33.17121157050741,34
custom/custom-weekly-daily,custom-weekly-daily,custom-final,custom,split-1,2023-07-26,11,42,32.283835168861472,38.552738094265642,39
custom/custom-weekly-daily,custom-weekly-daily,custom-final,custom,split-1,2023-07-26,13,38,32.41476971912256,39.828865358091896,40
custom/custom-weekly-daily,custom-weekly-daily,custom-final,custom,split-1,2023-07-26,21,36,37.268946066333555,46.324106988437791,47
custom/custom-weekly-daily,custom-weekly-daily,custom-final,custom,split-1,2023-07-26,35,60,46.517107495531704,57.726342806197906,58
custom/custom-weekly-daily,custom-weekly-daily,custom-final,custom,split-1,2023-07-26,82,37,30.427987713782294,33.330168770947466,34
custom/custom-weekly-daily,custom-weekly-daily,custom-final,custom,split-1,2023-07-27,11,42,32.252715238321372,38.405701674798948,39
custom/custom-weekly-daily,custom-weekly-daily,custom-final,custom,split-1,2023-07-27,12,14,16.243432998595853,19.616472077923866,20
custom/custom-weekly-daily,custom-weekly-daily,custom-final,custom,split-1,2023-07-27,13,24,30.493317883173571,37.594535281377958,38
custom/custom-weekly-daily,custom-weekly-daily,custom-final,custom,split-1,2023-07-27,21,31,33.655710825351591,43.392263499696767,44
custom/custom-weekly-daily,custom-weekly-daily,custom-final,custom,split-1,2023-07-27,35,56,48.87138007130801,56.459587926843149,57
custom/custom-weekly-daily,custom-weekly-daily,custom-final,custom,split-1,2023-07-27,82,35,30.58344832419391,33.089608761122854,34
custom/custom-weekly-daily,custom-weekly-daily,custom-final,custom,split-1,2023-07-28,11,33,33.735200240082278,40.748405302250085,41
custom/custom-weekly-daily,custom-weekly-daily,custom-final,custom,split-1,2023-07-28,12,11,13.973530289156789,18.0234470591577,19
custom/custom-weekly-daily,custom-weekly-daily,custom-final,custom,split-1,2023-07-28,13,32,29.889696194755821,37.44782721058418,38
custom/custom-weekly-daily,custom-weekly-daily,custom-final,custom,split-1,2023-07-28,21,37,33.48853165421675,42.082194930280977,43
custom/custom-weekly-daily,custom-weekly-daily,custom-final,custom,split-1,2023-07-28,35,68,48.321431864998274,55.078546401441116,56
custom/custom-weekly-daily,custom-weekly-daily,custom-final,custom,split-1,2023-07-28,82,34,31.552797535163194,34.9377398551337,35
custom/custom-weekly-daily,custom-weekly-daily,custom-final,custom,split-1,2023-07-29,11,32,35.410172198085988,42.448681220746494,43
custom/custom-weekly-daily,custom-weekly-daily,custom-final,custom,split-1,2023-07-29,12,7,14.797961973203183,18.894816958034408,19
custom/custom-weekly-daily,custom-weekly-daily,custom-final,custom,split-1,2023-07-29,13,32,31.339514457371035,38.793986064432602,39
custom/custom-weekly-daily,custom-weekly-daily,custom-final,custom,split-1,2023-07-29,21,41,35.624418483354788,44.632872711282815,45
custom/custom-weekly-daily,custom-weekly-daily,custom-final,custom,split-1,2023-07-29,35,55,52.5470183638473,59.793714622079307,60
custom/custom-weekly-daily,custom-weekly-daily,custom-final,custom,split-1,2023-07-29,82,35,33.254164960017562,35.787034557156026,36
custom/custom-weekly-daily,custom-weekly-daily,custom-final,custom,split-1,2023-07-30,11,78,33.977031667031838,40.398498267193418,41
custom/custom-weekly-daily,custom-weekly-daily,custom-final,custom,split-1,2023-07-30,12,19,13.346907452362236,17.628701736951989,18
custom/custom-weekly-daily,custom-weekly-daily,custom-final,custom,split-1,2023-07-30,13,50,33.364835364183399,40.375895025703933,41
custom/custom-weekly-daily,custom-weekly-daily,custom-final,custom,split-1,2023-07-30,21,22,36.201809982966203,42.49830298441924,43
custom/custom-weekly-daily,custom-weekly-daily,custom-final,custom,split-1,2023-07-30,35,71,52.627940187657273,63.098587901500018,64
custom/custom-weekly-daily,custom-weekly-daily,custom-final,custom,split-1,2023-07-30,82,62,33.523233364037601,36.229482043390611,37
custom/custom-weekly-daily,custom-weekly-daily,custom-final,custom,split-1,2023-07-31,11,43,50.199534221386976,60.952422950835725,61
custom/custom-weekly-daily,custom-weekly-daily,custom-final,custom,split-1,2023-07-31,12,32,20.44409574061681,25.125452077501144,26
custom/custom-weekly-daily,custom-weekly-daily,custom-final,custom,split-1,2023-07-31,13,47,47.715805760251541,58.910832330733619,59
custom/custom-weekly-daily,custom-weekly-daily,custom-final,custom,split-1,2023-07-31,21,60,49.363201337235225,60.479616399551375,61
custom/custom-weekly-daily,custom-weekly-daily,custom-final,custom,split-1,2023-07-31,35,83,70.689358921077627,83.169169801667294,84
custom/custom-weekly-daily,custom-weekly-daily,custom-final,custom,split-1,2023-07-31,82,45,46.66369535721401,51.081917261411931,52
custom/custom-weekly-daily,custom-weekly-daily,custom-final,custom,split-1,2023-08-01,11,42,37.094725874911035,45.09280979550536,46
custom/custom-weekly-daily,custom-weekly-daily,custom-final,custom,split-1,2023-08-01,12,12,15.525650667786444,19.871745750730874,20
custom/custom-weekly-daily,custom-weekly-daily,custom-final,custom,split-1,2023-08-01,13,47,34.548696278749837,45.079203008685354,46
custom/custom-weekly-daily,custom-weekly-daily,custom-final,custom,split-1,2023-08-01,21,37,37.059770937846089,44.702622525895279,45
custom/custom-weekly-daily,custom-weekly-daily,custom-final,custom,split-1,2023-08-01,35,51,58.568356266917441,68.485141437362515,69
custom/custom-weekly-daily,custom-weekly-daily,custom-final,custom,split-1,2023-08-01,82,42,33.603211578550713,36.858475842720928,37
custom/custom-weekly-daily,custom-weekly-daily,custom-final,custom,split-1,2023-08-02,11,19,37.089291272630383,45.216170415234828,46
custom/custom-weekly-daily,custom-weekly-daily,custom-final,custom,split-1,2023-08-02,12,13,13.076999796181058,16.369537480566922,17
custom/custom-weekly-daily,custom-weekly-daily,custom-final,custom,split-1,2023-08-02,13,33,33.203029125240732,41.581633183744046,42
custom/custom-weekly-daily,custom-weekly-daily,custom-final,custom,split-1,2023-08-02,21,15,29.826729702623147,36.506280318485381,37
custom/custom-weekly-daily,custom-weekly-daily,custom-final,custom,split-1,2023-08-02,35,53,51.04603774392821,60.571399723521871,61
custom/custom-weekly-daily,custom-weekly-daily,custom-final,custom,split-1,2023-08-02,82,42,34.773508935059724,37.478563448300875,38
custom/custom-weekly-daily,custom-weekly-daily,custom-final,custom,split-1,2023-08-03,11,20,33.693360568137301,40.552202557767856,41
custom/custom-weekly-daily,custom-weekly-daily,custom-final,custom,split-1,2023-08-03,12,13,12.503066079399121,15.273217166108711,16
custom/custom-weekly-daily,custom-weekly-daily,custom-final,custom,split-1,2023-08-03,13,24,30.348873247584336,38.520758931047297,39
custom/custom-weekly-daily,custom-weekly-daily,custom-final,custom,split-1,2023-08-03,21,24,29.356118832410004,35.756286367928119,36
custom/custom-weekly-daily,custom-weekly-daily,custom-final,custom,split-1,2023-08-03,35,42,52.169721423299485,63.571778146412804,64
custom/custom-weekly-daily,custom-weekly-daily,custom-final,custom,split-1,2023-08-03,82,34,34.58637160119207,37.751056888255391,38
custom/custom-weekly-daily,custom-weekly-daily,custom-final,custom,split-1,2023-08-04,11,28,32.860177348096272,40.263252197875573,41
custom/custom-weekly-daily,custom-weekly-daily,custom-final,custom,split-1,2023-08-04,12,9,12.697800334431705,15.402468663756999,16
custom/custom-weekly-daily,custom-weekly-daily,custom-final,custom,split-1,2023-08-04,13,31,29.104040799293408,38.25399664464431,39
custom/custom-weekly-daily,custom-weekly-daily,custom-final,custom,split-1,2023-08-04,21,23,29.663096531683266,35.761011949130221,36
custom/custom-weekly-daily,custom-weekly-daily,custom-final,custom,split-1,2023-08-04,35,64,50.556848581340724,61.643658853531335,62
custom/custom-weekly-daily,custom-weekly-daily,custom-final,custom,split-1,2023-08-04,82,34,34.332728343456296,37.229766446543998,38
custom/custom-weekly-daily,custom-weekly-daily,custom-final,custom,split-1,2023-08-05,11,37,34.924754122822662,41.176048586039045,42
custom/custom-weekly-daily,custom-weekly-daily,custom-final,custom,split-1,2023-08-05,12,17,12.92966020308112,16.233461267407936,17
custom/custom-weekly-daily,custom-weekly-daily,custom-final,custom,split-1,2023-08-05,13,34,29.653147505437417,36.844246569946066,37
custom/custom-weekly-daily,custom-weekly-daily,custom-final,custom,split-1,2023-08-05,21,20,26.433371051553564,32.327304096287527,33
custom/custom-weekly-daily,custom-weekly-daily,custom-final,custom,split-1,2023-08-05,35,49,51.261157636080249,60.982655457050626,61
custom/custom-weekly-daily,custom-weekly-daily,custom-final,custom,split-1,2023-08-05,82,35,34.24407729666828,37.662829103636703,38
custom/custom-weekly-daily,custom-weekly-daily,custom-final,custom,split-1,2023-08-06,11,18,35.95876734709428,41.717587640787059,42
custom/custom-weekly-daily,custom-weekly-daily,custom-final,custom,split-1,2023-08-06,12,12,13.68146436496678,17.800552256907881,18
custom/custom-weekly-daily,custom-weekly-daily,custom-final,custom,split-1,2023-08-06,13,18,32.893428186959582,39.167272027641509,40
custom/custom-weekly-daily,custom-weekly-daily,custom-final,custom,split-1,2023-08-06,21,33,26.055124014347271,31.958667079014138,32
custom/custom-weekly-daily,custom-weekly-daily,custom-final,custom,split-1,2023-08-06,35,59,50.46926776557266,62.287935707015905,63
custom/custom-weekly-daily,custom-weekly-daily,custom-final,custom,split-1,2023-08-06,82,35,33.740356046183095,37.940315023192824,38
custom/custom-weekly-daily,custom-weekly-daily,custom-final,custom,split-1,2023-08-07,11,84,40.929533643502282,48.009154296464025,49
custom/custom-weekly-daily,custom-weekly-daily,custom-final,custom,split-1,2023-08-07,12,54,17.685603902221786,22.310062420721287,23
custom/custom-weekly-daily,custom-weekly-daily,custom-final,custom,split-1,2023-08-07,13,43,41.282537388835671,49.906833922157986,50
custom/custom-weekly-daily,custom-weekly-daily,custom-final,custom,split-1,2023-08-07,21,62,41.483612090877514,50.896745865013948,51
custom/custom-weekly-daily,custom-weekly-daily,custom-final,custom,split-1,2023-08-07,35,67,65.095950946728578,75.019600886366959,76
custom/custom-weekly-daily,custom-weekly-daily,custom-final,custom,split-1,2023-08-07,82,45,44.65252912448603,49.836587474501712,50
custom/custom-weekly-daily,custom-weekly-daily,custom-final,custom,split-1,2023-08-08,11,29,34.073968621771101,40.991610526704491,41
custom/custom-weekly-daily,custom-weekly-daily,custom-final,custom,split-1,2023-08-08,12,29,16.608654035962527,21.886578388960281,22
custom/custom-weekly-daily,custom-weekly-daily,custom-final,custom,split-1,2023-08-08,13,99,33.804454687221465,39.420692346872656,40
custom/custom-weekly-daily,custom-weekly-daily,custom-final,custom,split-1,2023-08-08,21,41,29.329509615059823,37.430425531089007,38
custom/custom-weekly-daily,custom-weekly-daily,custom-final,custom,split-1,2023-08-08,35,83,49.049223079053029,58.830033250289084,59
custom/custom-weekly-daily,custom-weekly-daily,custom-final,custom,split-1,2023-08-08,82,33,33.866035619199799,37.669752514854764,38
custom/custom-weekly-daily,custom-weekly-daily,custom-final,custom,split-1,2023-08-09,11,9,29.354025475642004,35.952187111051288,36
custom/custom-weekly-daily,custom-weekly-daily,custom-final,custom,split-1,2023-08-09,12,4,16.947351569774916,23.119801193809202,24
custom/custom-weekly-daily,custom-weekly-daily,custom-final,custom,split-1,2023-08-09,13,15,37.229694453368765,45.33637862855916,46
custom/custom-weekly-daily,custom-weekly-daily,custom-final,custom,split-1,2023-08-09,21,25,25.93144156726752,32.420642132306909,33
custom/custom-weekly-daily,custom-weekly-daily,custom-final,custom,split-1,2023-08-09,35,22,49.947594408402921,60.92895364867703,61
custom/custom-weekly-daily,custom-weekly-daily,custom-final,custom,split-1,2023-08-09,82,12,31.549521053874038,35.17527344193482,36
custom/custom-weekly-daily,custom-weekly-daily,custom-final,custom,split-1,2023-08-10,11,29,28.096091476042865,34.33084898830726,35
custom/custom-weekly-daily,custom-weekly-daily,custom-final,custom,split-1,2023-08-10,12,16,13.998561756919575,17.909091317568144,18
custom/custom-weekly-daily,custom-weekly-daily,custom-final,custom,split-1,2023-08-10,13,34,29.466616543623235,35.659691511931605,36
custom/custom-weekly-daily,custom-weekly-daily,custom-final,custom,split-1,2023-08-10,21,45,25.128284364675771,31.307318332813587,32
custom/custom-weekly-daily,custom-weekly-daily,custom-final,custom,split-1,2023-08-10,35,87,44.233313139091187,54.176107212819161,55
custom/custom-weekly-daily,custom-weekly-daily,custom-final,custom,split-1,2023-08-10,82,58,27.29469649934574,30.040455325715282,31
custom/custom-weekly-daily,custom-weekly-daily,custom-final,custom,split-1,2023-08-11,11,16,30.481356910553675,37.001505946931374,38
custom/custom-weekly-daily,custom-weekly-daily,custom-final,custom,split-1,2023-08-11,12,18,15.342051589801265,19.795597685554714,20
custom/custom-weekly-daily,custom-weekly-daily,custom-final,custom,split-1,2023-08-11,13,28,30.414442862536841,36.067821499694844,37
custom/custom-weekly-daily,custom-weekly-daily,custom-final,custom,split-1,2023-08-11,21,35,30.549749120334823,34.96303788682863,35
custom/custom-weekly-daily,custom-weekly-daily,custom-final,custom,split-1,2023-08-11,35,57,52.077299118751093,60.377233901200512,61
custom/custom-weekly-daily,custom-weekly-daily,custom-final,custom,split-1,2023-08-11,82,45,31.524584787877885,35.057672261197098,36
custom/custom-weekly-daily,custom-weekly-daily,custom-final,custom,split-1,2023-08-12,11,24,30.073018402496153,35.988349641914802,36
custom/custom-weekly-daily,custom-weekly-daily,custom-final,custom,split-1,2023-08-12,12,9,16.238593108946418,20.909502376668687,21
custom/custom-weekly-daily,custom-weekly-daily,custom-final,custom,split-1,2023-08-12,13,31,29.919216064352167,35.538895681881606,36
custom/custom-weekly-daily,custom-weekly-daily,custom-final,custom,split-1,2023-08-12,21,27,31.376009269386643,35.756311106335275,36
custom/custom-weekly-daily,custom-weekly-daily,custom-final,custom,split-1,2023-08-12,35,47,49.084517486676717,57.035387250374484,58
custom/custom-weekly-daily,custom-weekly-daily,custom-final,custom,split-1,2023-08-12,82,52,31.977481871805779,36.608807120330169,37
custom/custom-weekly-daily,custom-weekly-daily,custom-final,custom,split-1,2023-08-13,11,30,28.580862665971047,34.034109333000202,35
custom/custom-weekly-daily,custom-weekly-daily,custom-final,custom,split-1,2023-08-13,12,16,15.386233778442964,19.513761165396293,20
custom/custom-weekly-daily,custom-weekly-daily,custom-final,custom,split-1,2023-08-13,13,18,31.615497876530874,36.089436227991953,37
custom/custom-weekly-daily,custom-weekly-daily,custom-final,custom,split-1,2023-08-13,21,26,35.454784999623925,38.01697898756175,39
custom/custom-weekly-daily,custom-weekly-daily,custom-final,custom,split-1,2023-08-13,35,40,50.382456136406077,59.30823125999428,60
custom/custom-weekly-daily,custom-weekly-daily,custom-final,custom,split-1,2023-08-13,82,34,37.55783756979055,41.952423387944258,42
custom/custom-weekly-daily,custom-weekly-daily,custom-final,custom,split-1,2023-08-14,11,60,43.470698855800954,51.533926583700151,52
custom/custom-weekly-daily,custom-weekly-daily,custom-final,custom,split-1,2023-08-14,12,28,24.174921886337835,29.782622432909477,30
custom/custom-weekly-daily,custom-weekly-daily,custom-final,custom,split-1,2023-08-14,13,52,46.045865597366308,56.176324378536691,57
custom/custom-weekly-daily,custom-weekly-daily,custom-final,custom,split-1,2023-08-14,21,64,49.743599679047342,58.357372804984529,59
custom/custom-weekly-daily,custom-weekly-daily,custom-final,custom,split-1,2023-08-14,35,77,67.519682707046741,76.046103017905196,77
custom/custom-weekly-daily,custom-weekly-daily,custom-final,custom,split-1,2023-08-14,82,47,48.549935873614736,56.170306663484709,57
custom/custom-weekly-daily,custom-weekly-daily,custom-final,custom,split-1,2023-08-15,11,36,31.365485215844924,35.918057061199768,36
custom/custom-weekly-daily,custom-weekly-daily,custom-final,custom,split-1,2023-08-15,12,23,16.467974233316905,19.618994106663791,20
custom/custom-weekly-daily,custom-weekly-daily,custom-final,custom,split-1,2023-08-15,13,41,37.688861618402392,44.249636374081284,45
custom/custom-weekly-daily,custom-weekly-daily,custom-final,custom,split-1,2023-08-15,21,47,37.771328997551031,44.610516853163574,45
custom/custom-weekly-daily,custom-weekly-daily,custom-final,custom,split-1,2023-08-15,35,62,56.119850781479499,62.749000636076161,63
custom/custom-weekly-daily,custom-weekly-daily,custom-final,custom,split-1,2023-08-15,82,35,35.969188472433473,41.991886156730956,42
custom/custom-weekly-daily,custom-weekly-daily,custom-final,custom,split-1,2023-08-16,11,26,29.482334938159266,33.645533611646258,34
custom/custom-weekly-daily,custom-weekly-daily,custom-final,custom,split-1,2023-08-16,12,11,15.876880865927411,18.438438280297333,19
custom/custom-weekly-daily,custom-weekly-daily,custom-final,custom,split-1,2023-08-16,13,43,27.438711661906069,32.959363517268784,33
custom/custom-weekly-daily,custom-weekly-daily,custom-final,custom,split-1,2023-08-16,21,32,34.899611162700253,39.173177389512738,40
custom/custom-weekly-daily,custom-weekly-daily,custom-final,custom,split-1,2023-08-16,35,54,49.252892229825839,53.7196550101879,54
custom/custom-weekly-daily,custom-weekly-daily,custom-final,custom,split-1,2023-08-16,82,23,32.520230921838731,37.217224775814216,38
custom/custom-weekly-daily,custom-weekly-daily,custom-final,custom,split-1,2023-08-17,11,25,29.202453400532406,33.526488210667907,34
custom/custom-weekly-daily,custom-weekly-daily,custom-final,custom,split-1,2023-08-17,12,6,14.432076273704602,16.680880634159053,17
custom/custom-weekly-daily,custom-weekly-daily,custom-final,custom,split-1,2023-08-17,13,44,30.194939690222188,34.841135619478088,35
custom/custom-weekly-daily,custom-weekly-daily,custom-final,custom,split-1,2023-08-17,21,37,34.552252316006381,39.931833623670038,40
custom/custom-weekly-daily,custom-weekly-daily,custom-final,custom,split-1,2023-08-17,35,74,53.043960803181953,59.12022998447955,60
custom/custom-weekly-daily,custom-weekly-daily,custom-final,custom,split-1,2023-08-17,82,38,34.287462850599766,38.441285094121177,39
custom/custom-weekly-daily,custom-weekly-daily,custom-final,custom,split-1,2023-08-18,11,22,28.605881619506601,32.801925571100156,33
custom/custom-weekly-daily,custom-weekly-daily,custom-final,custom,split-1,2023-08-18,12,13,13.442274441284511,14.97111876950494,15
custom/custom-weekly-daily,custom-weekly-daily,custom-final,custom,split-1,2023-08-18,13,42,31.921306622585941,38.540692050601663,39
custom/custom-weekly-daily,custom-weekly-daily,custom-final,custom,split-1,2023-08-18,21,31,35.221454397114016,38.697529395826052,39
custom/custom-weekly-daily,custom-weekly-daily,custom-final,custom,split-1,2023-08-18,35,67,56.441824274883956,63.762911762137627,64
custom/custom-weekly-daily,custom-weekly-daily,custom-final,custom,split-1,2023-08-18,82,32,32.639093805002901,36.813612516096953,37
custom/custom-weekly-daily,custom-weekly-daily,custom-final,custom,split-1,2023-08-19,11,33,30.963518519058525,34.761837555350326,35
custom/custom-weekly-daily,custom-weekly-daily,custom-final,custom,split-1,2023-08-19,12,14,13.67468044066265,15.173688625123113,16
custom/custom-weekly-daily,custom-weekly-daily,custom-final,custom,split-1,2023-08-19,13,46,33.425113973013545,40.815184861285061,41
custom/custom-weekly-daily,custom-weekly-daily,custom-final,custom,split-1,2023-08-19,21,41,34.301230187431244,38.004419434417009,39
custom/custom-weekly-daily,custom-weekly-daily,custom-final,custom,split-1,2023-08-19,35,53,55.874602239627855,61.69332722824651,62
custom/custom-weekly-daily,custom-weekly-daily,custom-final,custom,split-1,2023-08-19,82,30,33.10617923568649,36.277971503385061,37
custom/custom-weekly-daily,custom-weekly-daily,custom-final,custom,split-1,2023-08-20,11,28,33.764207495238814,37.528313255729117,38
custom/custom-weekly-daily,custom-weekly-daily,custom-final,custom,split-1,2023-08-20,12,16,13.387560154708684,15.25389142064228,16
custom/custom-weekly-daily,custom-weekly-daily,custom-final,custom,split-1,2023-08-20,13,40,37.74045180363693,45.788634632665762,46
custom/custom-weekly-daily,custom-weekly-daily,custom-final,custom,split-1,2023-08-20,21,52,35.433326115356266,40.640004033134147,41
custom/custom-weekly-daily,custom-weekly-daily,custom-final,custom,split-1,2023-08-20,35,51,54.948236152052957,63.139616125206459,64
custom/custom-weekly-daily,custom-weekly-daily,custom-final,custom,split-1,2023-08-20,82,39,33.631970314703892,36.201151215942218,37
custom/custom-weekly-daily,custom-weekly-daily,custom-final,custom,split-1,2023-08-21,11,53,44.908864695887146,51.95113411413967,52
custom/custom-weekly-daily,custom-weekly-daily,custom-final,custom,split-1,2023-08-21,12,26,22.552753408925668,26.017338182671612,27
custom/custom-weekly-daily,custom-weekly-daily,custom-final,custom,split-1,2023-08-21,13,52,51.143116947062367,61.608070515993759,62
custom/custom-weekly-daily,custom-weekly-daily,custom-final,custom,split-1,2023-08-21,21,76,57.279521994403474,66.379031274171297,67
custom/custom-weekly-daily,custom-weekly-daily,custom-final,custom,split-1,2023-08-21,35,87,70.099152765013557,80.007808122761759,81
custom/custom-weekly-daily,custom-weekly-daily,custom-final,custom,split-1,2023-08-21,82,46,46.68940687591482,53.59139185479588,54
custom/custom-weekly-daily,custom-weekly-daily,custom-final,custom,split-1,2023-08-22,11,51,29.253688731103249,34.776703959317615,35
custom/custom-weekly-daily,custom-weekly-daily,custom-final,custom,split-1,2023-08-22,12,19,13.78755481590226,17.086899042901585,18
custom/custom-weekly-daily,custom-weekly-daily,custom-final,custom,split-1,2023-08-22,13,32,37.655684283414629,46.341324125433125,47
custom/custom-weekly-daily,custom-weekly-daily,custom-final,custom,split-1,2023-08-22,21,49,40.81967007477644,50.145168427127373,51
custom/custom-weekly-daily,custom-weekly-daily,custom-final,custom,split-1,2023-08-22,35,55,57.406577122906,66.149277537228301,67
custom/custom-weekly-daily,custom-weekly-daily,custom-final,custom,split-1,2023-08-22,82,46,31.888906929638154,36.652492411509968,37
custom/custom-weekly-daily,custom-weekly-daily,custom-final,custom,split-1,2023-08-23,11,23,30.643382648788872,36.383229923642126,37
custom/custom-weekly-daily,custom-weekly-daily,custom-final,custom,split-1,2023-08-23,12,14,12.365927758573338,14.174460579752118,15
custom/custom-weekly-daily,custom-weekly-daily,custom-final,custom,split-1,2023-08-23,13,39,31.817454729749301,40.056803556780494,41
custom/custom-weekly-daily,custom-weekly-daily,custom-final,custom,split-1,2023-08-23,21,46,37.745724862442529,45.198962745632102,46
custom/custom-weekly-daily,custom-weekly-daily,custom-final,custom,split-1,2023-08-23,35,51,52.421712344054271,59.483725744806748,60
custom/custom-weekly-daily,custom-weekly-daily,custom-final,custom,split-1,2023-08-23,82,33,31.852605623787088,36.115661996761233,37
custom/custom-weekly-daily,custom-weekly-daily,custom-final,custom,split-1,2023-08-24,11,25,28.384018003021325,33.782174848759446,34
custom/custom-weekly-daily,custom-weekly-daily,custom-final,custom,split-1,2023-08-24,12,15,12.480904065679951,13.852997973397246,14
custom/custom-weekly-daily,custom-weekly-daily,custom-final,custom,split-1,2023-08-24,13,27,31.071309083815219,38.09559656267858,39
custom/custom-weekly-daily,custom-weekly-daily,custom-final,custom,split-1,2023-08-24,21,53,37.952433753566488,45.890082697477318,46
custom/custom-weekly-daily,custom-weekly-daily,custom-final,custom,split-1,2023-08-24,35,49,52.57759982894887,59.303256998210543,60
custom/custom-weekly-daily,custom-weekly-daily,custom-final,custom,split-1,2023-08-24,82,32,33.098088119227199,36.23608815557165,37
custom/custom-weekly-daily,custom-weekly-daily,custom-final,custom,split-1,2023-08-25,11,28,28.646909446560038,34.780594055174809,35
custom/custom-weekly-daily,custom-weekly-daily,custom-final,custom,split-1,2023-08-25,12,14,13.71167846417692,15.456774299383465,16
custom/custom-weekly-daily,custom-weekly-daily,custom-final,custom,split-1,2023-08-25,13,25,31.301301090649254,37.655505537442764,38
custom/custom-weekly-daily,custom-weekly-daily,custom-final,custom,split-1,2023-08-25,21,41,40.245767643000228,47.796952172637177,48
custom/custom-weekly-daily,custom-weekly-daily,custom-final,custom,split-1,2023-08-25,35,41,52.213115381689555,59.109272226504814,60
custom/custom-weekly-daily,custom-weekly-daily,custom-final,custom,split-1,2023-08-25,82,36,31.225255680234,33.975790779849092,34
custom/custom-weekly-daily,custom-weekly-daily,custom-final,custom,split-1,2023-08-26,11,26,30.869649485194813,36.743482208290914,37
custom/custom-weekly-daily,custom-weekly-daily,custom-final,custom,split-1,2023-08-26,12,15,14.076889795576477,15.71057777733899,16
custom/custom-weekly-daily,custom-weekly-daily,custom-final,custom,split-1,2023-08-26,13,24,30.838824816885879,36.866802941763559,37
custom/custom-weekly-daily,custom-weekly-daily,custom-final,custom,split-1,2023-08-26,21,38,39.372551746869206,47.868719470895087,48
custom/custom-weekly-daily,custom-weekly-daily,custom-final,custom,split-1,2023-08-26,35,32,49.373451388213709,54.297404128944081,55
custom/custom-weekly-daily,custom-weekly-daily,custom-final,custom,split-1,2023-08-26,82,32,33.59022221846265,36.764682932821614,37
custom/custom-weekly-daily,custom-weekly-daily,custom-final,custom,split-1,2023-08-27,11,23,30.666235658665233,36.52510261920132,37
custom/custom-weekly-daily,custom-weekly-daily,custom-final,custom,split-1,2023-08-27,12,7,14.563088783923437,16.137036615228538,17
custom/custom-weekly-daily,custom-weekly-daily,custom-final,custom,split-1,2023-08-27,13,49,29.547191662962568,35.822555134077199,36
custom/custom-weekly-daily,custom-weekly-daily,custom-final,custom,split-1,2023-08-27,21,36,38.003418780338393,46.58783851150568,47
custom/custom-weekly-daily,custom-weekly-daily,custom-final,custom,split-1,2023-08-27,35,43,48.60158867912736,54.876550878236777,55
custom/custom-weekly-daily,custom-weekly-daily,custom-final,custom,split-1,2023-08-27,82,38,33.653932824245814,37.075430038314956,38
custom/custom-weekly-daily,custom-weekly-daily,custom-final,custom,split-1,2023-08-28,11,45,40.93150746925452,49.101872612736372,50
custom/custom-weekly-daily,custom-weekly-daily,custom-final,custom,split-1,2023-08-28,12,21,20.889305284287961,22.872349122981607,23
custom/custom-weekly-daily,custom-weekly-daily,custom-final,custom,split-1,2023-08-28,13,62,43.992736147548904,51.249980785485207,52
custom/custom-weekly-daily,custom-weekly-daily,custom-final,custom,split-1,2023-08-28,21,56,49.92213956714825,61.629966546212664,62
custom/custom-weekly-daily,custom-weekly-daily,custom-final,custom,split-1,2023-08-28,35,60,59.844678096753,66.597877690265804,67
custom/custom-weekly-daily,custom-weekly-daily,custom-final,custom,split-1,2023-08-28,82,45,44.909822668226973,50.219244884160062,51
custom/custom-weekly-daily,custom-weekly-daily,custom-final,custom,split-1,2023-08-29,11,26,29.112877921721825,34.645468637162956,35
custom/custom-weekly-daily,custom-weekly-daily,custom-final,custom,split-1,2023-08-29,12,8,14.885537068301606,16.396970974836819,17
custom/custom-weekly-daily,custom-weekly-daily,custom-final,custom,split-1,2023-08-29,13,30,34.288874544766088,42.759910141329726,43
custom/custom-weekly-daily,custom-weekly-daily,custom-final,custom,split-1,2023-08-29,21,49,41.259265039486181,51.029923170077893,52
custom/custom-weekly-daily,custom-weekly-daily,custom-final,custom,split-1,2023-08-29,35,57,47.620424678276493,53.318505841173334,54
custom/custom-weekly-daily,custom-weekly-daily,custom-final,custom,split-1,2023-08-29,82,33,33.43987918391133,37.204402955602838,38
custom/custom-weekly-daily,custom-weekly-daily,custom-final,custom,split-1,2023-08-30,11,30,25.35024314026511,28.74473682289824,29
custom/custom-weekly-daily,custom-weekly-daily,custom-final,custom,split-1,2023-08-30,12,13,12.057418412248548,13.301275533201014,14
custom/custom-weekly-daily,custom-weekly-daily,custom-final,custom,split-1,2023-08-30,13,37,29.449238134183773,35.57802777855953,36
custom/custom-weekly-daily,custom-weekly-daily,custom-final,custom,split-1,2023-08-30,21,39,40.623456581117992,47.015922815149153,48
custom/custom-weekly-daily,custom-weekly-daily,custom-final,custom,split-1,2023-08-30,35,57,47.066180419296984,50.951188270403051,51
custom/custom-weekly-daily,custom-weekly-daily,custom-final,custom,split-1,2023-08-30,82,30,30.26152414036131,33.475061505775592,34
custom/custom-weekly-daily,custom-weekly-daily,custom-final,custom,split-1,2023-08-31,11,39,25.515113911504145,30.309878813044165,31
custom/custom-weekly-daily,custom-weekly-daily,custom-final,custom,split-1,2023-08-31,12,11,12.008912486327922,13.194223041581239,14
custom/custom-weekly-daily,custom-weekly-daily,custom-final,custom,split-1,2023-08-31,13,32,27.444676876945287,33.392743074178185,34
custom/custom-weekly-daily,custom-weekly-daily,custom-final,custom,split-1,2023-08-31,21,31,39.003785115685119,45.44500444186373,46
custom/custom-weekly-daily,custom-weekly-daily,custom-final,custom,split-1,2023-08-31,35,45,47.007659409850319,52.505144218494088,53
custom/custom-weekly-daily,custom-weekly-daily,custom-final,custom,split-1,2023-08-31,82,38,30.737764409180748,34.230696715069548,35
rolling/extra-trees,rolling-daily,extra-trees,rolling,split-1,2023-07-01,11,13,15,20,20
rolling/extra-trees,rolling-daily,extra-trees,rolling,split-1,2023-07-01,12,15,10,11,11
rolling/extra-trees,rolling-daily,extra-trees,rolling,split-1,2023-07-01,13,9,19,25,25
rolling/extra-trees,rolling-daily,extra-trees,rolling,split-1,2023-07-01,21,13,26,31,31
rolling/extra-trees,rolling-daily,extra-trees,rolling,split-1,2023-07-01,35,15,27.5,35.75,36
rolling/extra-trees,rolling-daily,extra-trees,rolling,split-1,2023-07-01,82,22,24,27,27
rolling/extra-trees,rolling-daily,extra-trees,rolling,split-1,2023-07-02,11,12,17,23,23
rolling/extra-trees,rolling-daily,extra-trees,rolling,split-1,2023-07-02,12,11,11,14,14
rolling/extra-trees,rolling-daily,extra-trees,rolling,split-1,2023-07-02,13,29,15.5,20,20
rolling/extra-trees,rolling-daily,extra-trees,rolling,split-1,2023-07-02,21,24,23,30,30
rolling/extra-trees,rolling-daily,extra-trees,rolling,split-1,2023-07-02,35,34,27,34.5,35
rolling/extra-trees,rolling-daily,extra-trees,rolling,split-1,2023-07-02,82,17,24,29,29
rolling/extra-trees,rolling-daily,extra-trees,rolling,split-1,2023-07-03,11,42,21,25,25
rolling/extra-trees,rolling-daily,extra-trees,rolling,split-1,2023-07-03,12,14,13,16,16
rolling/extra-trees,rolling-daily,extra-trees,rolling,split-1,2023-07-03,13,31,23,30,30
rolling/extra-trees,rolling-daily,extra-trees,rolling,split-1,2023-07-03,21,27,37,44,44
rolling/extra-trees,rolling-daily,extra-trees,rolling,split-1,2023-07-03,35,49,40.5,47.75,48
rolling/extra-trees,rolling-daily,extra-trees,rolling,split-1,2023-07-03,82,23,30,34.75,35
rolling/extra-trees,rolling-daily,extra-trees,rolling,split-1,2023-07-04,11,20,16,23,23
rolling/extra-trees,rolling-daily,extra-trees,rolling,split-1,2023-07-04,12,14,12,14,14
rolling/extra-trees,rolling-daily,extra-trees,rolling,split-1,2023-07-04,13,27,17,21,21
rolling/extra-trees,rolling-daily,extra-trees,rolling,split-1,2023-07-04,21,28,23,30,30
rolling/extra-trees,rolling-daily,extra-trees,rolling,split-1,2023-07-04,35,41,28,35.75,36
rolling/extra-trees,rolling-daily,extra-trees,rolling,split-1,2023-07-04,82,24,23,24.75,25
rolling/extra-trees,rolling-daily,extra-trees,rolling,split-1,2023-07-05,11,24,17,23,23
rolling/extra-trees,rolling-daily,extra-trees,rolling,split-1,2023-07-05,12,10,12,14,14
rolling/extra-trees,rolling-daily,extra-trees,rolling,split-1,2023-07-05,13,13,22,28.75,29
rolling/extra-trees,rolling-daily,extra-trees,rolling,split-1,2023-07-05,21,23,25,31,31
rolling/extra-trees,rolling-daily,extra-trees,rolling,split-1,2023-07-05,35,28,29,36,36
rolling/extra-trees,rolling-daily,extra-trees,rolling,split-1,2023-07-05,82,17,24,25.75,26
rolling/extra-trees,rolling-daily,extra-trees,rolling,split-1,2023-07-06,11,20,18,24.75,25
rolling/extra-trees,rolling-daily,extra-trees,rolling,split-1,2023-07-06,12,14,11,12,12
rolling/extra-trees,rolling-daily,extra-trees,rolling,split-1,2023-07-06,13,15,19,25.75,26
rolling/extra-trees,rolling-daily,extra-trees,rolling,split-1,2023-07-06,21,46,23,27.75,28
rolling/extra-trees,rolling-daily,extra-trees,rolling,split-1,2023-07-06,35,31,28,35,35
rolling/extra-trees,rolling-daily,extra-trees,rolling,split-1,2023-07-06,82,20,22,23.75,24
rolling/extra-trees,rolling-daily,extra-trees,rolling,split-1,2023-07-07,11,18,21.5,26.75,27
rolling/extra-trees,rolling-daily,extra-trees,rolling,split-1,2023-07-07,12,7,13,16,16
rolling/extra-trees,rolling-daily,extra-trees,rolling,split-1,2023-07-07,13,18,20,26.75,27
rolling/extra-trees,rolling-daily,extra-trees,rolling,split-1,2023-07-07,21,22,28,32.75,33
rolling/extra-trees,rolling-daily,extra-trees,rolling,split-1,2023-07-07,35,26,32,39,39
rolling/extra-trees,rolling-daily,extra-trees,rolling,split-1,2023-07-07,82,21,23,25.75,26
rolling/extra-trees,rolling-daily,extra-trees,rolling,split-1,2023-07-08,11,29,22.5,26.75,27
rolling/extra-trees,rolling-daily,extra-trees,rolling,split-1,2023-07-08,12,15,12,14,14
rolling/extra-trees,rolling-daily,extra-trees,rolling,split-1,2023-07-08,13,23,19,23.75,24
rolling/extra-trees,rolling-daily,extra-trees,rolling,split-1,2023-07-08,21,39,25,30.75,31
rolling/extra-trees,rolling-daily,extra-trees,rolling,split-1,2023-07-08,35,37,30,37,37
rolling/extra-trees,rolling-daily,extra-trees,rolling,split-1,2023-07-08,82,24,23,26.75,27
rolling/extra-trees,rolling-daily,extra-trees,rolling,split-1,2023-07-09,11,28,24,32,32
rolling/extra-trees,rolling-daily,extra-trees,rolling,split-1,2023-07-09,12,15,12,16,16
rolling/extra-trees,rolling-daily,extra-trees,rolling,split-1,2023-07-09,13,40,22,29.75,30
rolling/extra-trees,rolling-daily,extra-trees,rolling,split-1,2023-07-09,21,21,27,33,33
rolling/extra-trees,rolling-daily,extra-trees,rolling,split-1,2023-07-09,35,48,34.5,43,43
rolling/extra-trees,rolling-daily,extra-trees,rolling,split-1,2023-07-09,82,24,24,29,29
rolling/extra-trees,rolling-daily,extra-trees,rolling,split-1,2023-07-10,11,28,31,38.75,39
rolling/extra-trees,rolling-daily,extra-trees,rolling,split-1,2023-07-10,12,29,16,22,22
rolling/extra-trees,rolling-daily,extra-trees,rolling,split-1,2023-07-10,13,39,30.5,39,39
rolling/extra-trees,rolling-daily,extra-trees,rolling,split-1,2023-07-10,21,69,40,47,47
rolling/extra-trees,rolling-daily,extra-trees,rolling,split-1,2023-07-10,35,65,46.5,54,54
rolling/extra-trees,rolling-daily,extra-trees,rolling,split-1,2023-07-10,82,34,31,38,38
rolling/extra-trees,rolling-daily,extra-trees,rolling,split-1,2023-07-11,11,33,22.5,26,26
rolling/extra-trees,rolling-daily,extra-trees,rolling,split-1,2023-07-11,12,19,14,18,18
rolling/extra-trees,rolling-daily,extra-trees,rolling,split-1,2023-07-11,13,55,25,32,32
rolling/extra-trees,rolling-daily,extra-trees,rolling,split-1,2023-07-11,21,44,28,34.75,35
rolling/extra-trees,rolling-daily,extra-trees,rolling,split-1,2023-07-11,35,71,33.5,39.75,40
rolling/extra-trees,rolling-daily,extra-trees,rolling,split-1,2023-07-11,82,23,25,30,30
rolling/extra-trees,rolling-daily,extra-trees,rolling,split-1,2023-07-12,11,15,25,31.75,32
rolling/extra-trees,rolling-daily,extra-trees,rolling,split-1,2023-07-12,12,13,15,19,19
rolling/extra-trees,rolling-daily,extra-trees,rolling,split-1,2023-07-12,13,17,29,35,35
rolling/extra-trees,rolling-daily,extra-trees,rolling,split-1,2023-07-12,21,14,29,35.75,36
rolling/extra-trees,rolling-daily,extra-trees,rolling,split-1,2023-07-12,35,33,35.5,43.75,44
rolling/extra-trees,rolling-daily,extra-trees,rolling,split-1,2023-07-12,82,14,24,26,26
rolling/extra-trees,rolling-daily,extra-trees,rolling,split-1,2023-07-13,11,33,22.5,27,27
rolling/extra-trees,rolling-daily,extra-trees,rolling,split-1,2023-07-13,12,21,15,18,18
rolling/extra-trees,rolling-daily,extra-trees,rolling,split-1,2023-07-13,13,25,23.5,32,32
rolling/extra-trees,rolling-daily,extra-trees,rolling,split-1,2023-07-13,21,51,31,36,36
rolling/extra-trees,rolling-daily,extra-trees,rolling,split-1,2023-07-13,35,71,34.5,43.75,44
rolling/extra-trees,rolling-daily,extra-trees,rolling,split-1,2023-07-13,82,36,23,26,26
rolling/extra-trees,rolling-daily,extra-trees,rolling,split-1,2023-07-14,11,16,25,32.75,33
rolling/extra-trees,rolling-daily,extra-trees,rolling,split-1,2023-07-14,12,11,15,20,20
rolling/extra-trees,rolling-daily,extra-trees,rolling,split-1,2023-07-14,13,25,24.5,32.75,33
rolling/extra-trees,rolling-daily,extra-trees,rolling,split-1,2023-07-14,21,36,29,35,35
rolling/extra-trees,rolling-daily,extra-trees,rolling,split-1,2023-07-14,35,61,36.5,51.75,52
rolling/extra-trees,rolling-daily,extra-trees,rolling,split-1,2023-07-14,82,19,27,32,32
rolling/extra-trees,rolling-daily,extra-trees,rolling,split-1,2023-07-15,11,20,23.5,29,29
rolling/extra-trees,rolling-daily,extra-trees,rolling,split-1,2023-07-15,12,14,14,18,18
rolling/extra-trees,rolling-daily,extra-trees,rolling,split-1,2023-07-15,13,24,25.5,33.75,34
rolling/extra-trees,rolling-daily,extra-trees,rolling,split-1,2023-07-15,21,24,31,35,35
rolling/extra-trees,rolling-daily,extra-trees,rolling,split-1,2023-07-15,35,35,36.5,46.75,47
rolling/extra-trees,rolling-daily,extra-trees,rolling,split-1,2023-07-15,82,24,23.5,28,28
rolling/extra-trees,rolling-daily,extra-trees,rolling,split-1,2023-07-16,11,29,23,28.75,29
rolling/extra-trees,rolling-daily,extra-trees,rolling,split-1,2023-07-16,12,17,15,19,19
rolling/extra-trees,rolling-daily,extra-trees,rolling,split-1,2023-07-16,13,25,24.5,32.75,33
rolling/extra-trees,rolling-daily,extra-trees,rolling,split-1,2023-07-16,21,47,32,35.75,36
rolling/extra-trees,rolling-daily,extra-trees,rolling,split-1,2023-07-16,35,37,37.5,51.75,52
rolling/extra-trees,rolling-daily,extra-trees,rolling,split-1,2023-07-16,82,42,25.5,32,32
rolling/extra-trees,rolling-daily,extra-trees,rolling,split-1,2023-07-17,11,26,36.5,46,46
rolling/extra-trees,rolling-daily,extra-trees,rolling,split-1,2023-07-17,12,14,22,26,26
rolling/extra-trees,rolling-daily,extra-trees,rolling,split-1,2023-07-17,13,48,38.5,49,49
rolling/extra-trees,rolling-daily,extra-trees,rolling,split-1,2023-07-17,21,52,46,57,57
rolling/extra-trees,rolling-daily,extra-trees,rolling,split-1,2023-07-17,35,62,46,55,55
rolling/extra-trees,rolling-daily,extra-trees,rolling,split-1,2023-07-17,82,33,37.5,44,44
rolling/extra-trees,rolling-daily,extra-trees,rolling,split-1,2023-07-18,11,30,22.5,29,29
rolling/extra-trees,rolling-daily,extra-trees,rolling,split-1,2023-07-18,12,14,15,18,18
rolling/extra-trees,rolling-daily,extra-trees,rolling,split-1,2023-07-18,13,51,26,33,33
rolling/extra-trees,rolling-daily,extra-trees,rolling,split-1,2023-07-18,21,51,31,35,35
rolling/extra-trees,rolling-daily,extra-trees,rolling,split-1,2023-07-18,35,65,36.5,44.75,45
rolling/extra-trees,rolling-daily,extra-trees,rolling,split-1,2023-07-18,82,29,25,32,32
rolling/extra-trees,rolling-daily,extra-trees,rolling,split-1,2023-07-19,11,30,24,30.75,31
rolling/extra-trees,rolling-daily,extra-trees,rolling,split-1,2023-07-19,12,17,14,17,17
rolling/extra-trees,rolling-daily,extra-trees,rolling,split-1,2023-07-19,13,37,28,36.75,37
rolling/extra-trees,rolling-daily,extra-trees,rolling,split-1,2023-07-19,21,43,31,36.75,37
rolling/extra-trees,rolling-daily,extra-trees,rolling,split-1,2023-07-19,35,58,36.5,47.75,48
rolling/extra-trees,rolling-daily,extra-trees,rolling,split-1,2023-07-19,82,22,26.5,32,32
rolling/extra-trees,rolling-daily,extra-trees,rolling,split-1,2023-07-20,11,31,25.5,31.75,32
rolling/extra-trees,rolling-daily,extra-trees,rolling,split-1,2023-07-20,12,16,14,17,17
rolling/extra-trees,rolling-daily,extra-trees,rolling,split-1,2023-07-20,13,39,28.5,35,35
rolling/extra-trees,rolling-daily,extra-trees,rolling,split-1,2023-07-20,21,36,31.5,38,38
rolling/extra-trees,rolling-daily,extra-trees,rolling,split-1,2023-07-20,35,60,37.5,49,49
rolling/extra-trees,rolling-daily,extra-trees,rolling,split-1,2023-07-20,82,23,24.5,30,30
rolling/extra-trees,rolling-daily,extra-trees,rolling,split-1,2023-07-21,11,30,26,33.75,34
rolling/extra-trees,rolling-daily,extra-trees,rolling,split-1,2023-07-21,12,12,15,17,17
rolling/extra-trees,rolling-daily,extra-trees,rolling,split-1,2023-07-21,13,22,28.5,35,35
rolling/extra-trees,rolling-daily,extra-trees,rolling,split-1,2023-07-21,21,34,32.5,36,36
rolling/extra-trees,rolling-daily,extra-trees,rolling,split-1,2023-07-21,35,52,37.5,49.75,50
rolling/extra-trees,rolling-daily,extra-trees,rolling,split-1,2023-07-21,82,21,26.5,33,33
rolling/extra-trees,rolling-daily,extra-trees,rolling,split-1,2023-07-22,11,34,26,33.75,34
rolling/extra-trees,rolling-daily,extra-trees,rolling,split-1,2023-07-22,12,18,15,18,18
rolling/extra-trees,rolling-daily,extra-trees,rolling,split-1,2023-07-22,13,28,28.5,35,35
rolling/extra-trees,rolling-daily,extra-trees,rolling,split-1,2023-07-22,21,51,31.5,35.75,36
rolling/extra-trees,rolling-daily,extra-trees,rolling,split-1,2023-07-22,35,58,37.5,50.75,51
rolling/extra-trees,rolling-daily,extra-trees,rolling,split-1,2023-07-22,82,31,25.5,32,32
rolling/extra-trees,rolling-daily,extra-trees,rolling,split-1,2023-07-23,11,41,27,34.75,35
rolling/extra-trees,rolling-daily,extra-trees,rolling,split-1,2023-07-23,12,12,15,19,19
rolling/extra-trees,rolling-daily,extra-trees,rolling,split-1,2023-07-23,13,33,30,35.75,36
rolling/extra-trees,rolling-daily,extra-trees,rolling,split-1,2023-07-23,21,33,36.5,39.75,40
rolling/extra-trees,rolling-daily,extra-trees,rolling,split-1,2023-07-23,35,59,38.5,55.75,56
rolling/extra-trees,rolling-daily,extra-trees,rolling,split-1,2023-07-23,82,31,29.5,32.75,33
rolling/extra-trees,rolling-daily,extra-trees,rolling,split-1,2023-07-24,11,40,43,52.75,53
rolling/extra-trees,rolling-daily,extra-trees,rolling,split-1,2023-07-24,12,29,20,23,23
rolling/extra-trees,rolling-daily,extra-trees,rolling,split-1,2023-07-24,13,60,45.5,53.75,54
rolling/extra-trees,rolling-daily,extra-trees,rolling,split-1,2023-07-24,21,61,47.5,56.75,57
rolling/extra-trees,rolling-daily,extra-trees,rolling,split-1,2023-07-24,35,71,48.5,61.75,62
rolling/extra-trees,rolling-daily,extra-trees,rolling,split-1,2023-07-24,82,48,40.5,47,47
rolling/extra-trees,rolling-daily,extra-trees,rolling,split-1,2023-07-25,11,57,27.5,34,34
rolling/extra-trees,rolling-daily,extra-trees,rolling,split-1,2023-07-25,13,46,28.5,34.75,35
rolling/extra-trees,rolling-daily,extra-trees,rolling,split-1,2023-07-25,21,70,31.5,36.75,37
rolling/extra-trees,rolling-daily,extra-trees,rolling,split-1,2023-07-25,35,76,37.5,50.75,51
rolling/extra-trees,rolling-daily,extra-trees,rolling,split-1,2023-07-25,82,37,27.5,32,32
rolling/extra-trees,rolling-daily,extra-trees,rolling,split-1,2023-07-26,11,42,31.5,37.75,38
rolling/extra-trees,rolling-daily,extra-trees,rolling,split-1,2023-07-26,13,38,29.5,35.75,36
rolling/extra-trees,rolling-daily,extra-trees,rolling,split-1,2023-07-26,21,36,33.5,39.75,40
rolling/extra-trees,rolling-daily,extra-trees,rolling,split-1,2023-07-26,35,60,38.5,51.75,52
rolling/extra-trees,rolling-daily,extra-trees,rolling,split-1,2023-07-26,82,37,29.5,32,32
rolling/extra-trees,rolling-daily,extra-trees,rolling,split-1,2023-07-27,11,42,31,37,37
rolling/extra-trees,rolling-daily,extra-trees,rolling,split-1,2023-07-27,12,14,14,18,18
rolling/extra-trees,rolling-daily,extra-trees,rolling,split-1,2023-07-27,13,24,28.5,35,35
rolling/extra-trees,rolling-daily,extra-trees,rolling,split-1,2023-07-27,21,31,32.5,37.75,38
rolling/extra-trees,rolling-daily,extra-trees,rolling,split-1,2023-07-27,35,56,39,52.5,53
rolling/extra-trees,rolling-daily,extra-trees,rolling,split-1,2023-07-27,82,35,28.5,31,31
rolling/extra-trees,rolling-daily,extra-trees,rolling,split-1,2023-07-28,11,33,33,38,38
rolling/extra-trees,rolling-daily,extra-trees,rolling,split-1,2023-07-28,12,11,14,18,18
rolling/extra-trees,rolling-daily,extra-trees,rolling,split-1,2023-07-28,13,32,28,35,35
rolling/extra-trees,rolling-daily,extra-trees,rolling,split-1,2023-07-28,21,37,32.5,36.75,37
rolling/extra-trees,rolling-daily,extra-trees,rolling,split-1,2023-07-28,35,68,39,54,54
rolling/extra-trees,rolling-daily,extra-trees,rolling,split-1,2023-07-28,82,34,31,33.75,34
rolling/extra-trees,rolling-daily,extra-trees,rolling,split-1,2023-07-29,11,32,33,38,38
rolling/extra-trees,rolling-daily,extra-trees,rolling,split-1,2023-07-29,12,7,14,18,18
rolling/extra-trees,rolling-daily,extra-trees,rolling,split-1,2023-07-29,13,32,28,35,35
rolling/extra-trees,rolling-daily,extra-trees,rolling,split-1,2023-07-29,21,41,33,38,38
rolling/extra-trees,rolling-daily,extra-trees,rolling,split-1,2023-07-29,35,55,40,54.75,55
rolling/extra-trees,rolling-daily,extra-trees,rolling,split-1,2023-07-29,82,35,31,33,33
rolling/extra-trees,rolling-daily,extra-trees,rolling,split-1,2023-07-30,11,78,33,38,38
rolling/extra-trees,rolling-daily,extra-trees,rolling,split-1,2023-07-30,12,19,14,19,19
rolling/extra-trees,rolling-daily,extra-trees,rolling,split-1,2023-07-30,13,50,31,36,36
rolling/extra-trees,rolling-daily,extra-trees,rolling,split-1,2023-07-30,21,22,35,40,40
rolling/extra-trees,rolling-daily,extra-trees,rolling,split-1,2023-07-30,35,71,41.5,59,59
rolling/extra-trees,rolling-daily,extra-trees,rolling,split-1,2023-07-30,82,62,31,34,34
rolling/extra-trees,rolling-daily,extra-trees,rolling,split-1,2023-07-31,11,43,48,59,59
rolling/extra-trees,rolling-daily,extra-trees,rolling,split-1,2023-07-31,12,32,22,26,26
rolling/extra-trees,rolling-daily,extra-trees,rolling,split-1,2023-07-31,13,47,47.5,57,57
rolling/extra-trees,rolling-daily,extra-trees,rolling,split-1,2023-07-31,21,60,48,58,58
rolling/extra-trees,rolling-daily,extra-trees,rolling,split-1,2023-07-31,35,83,51,64,64
rolling/extra-trees,rolling-daily,extra-trees,rolling,split-1,2023-07-31,82,45,47,51,51
rolling/extra-trees,rolling-daily,extra-trees,rolling,split-1,2023-08-01,11,42,33,39,39
rolling/extra-trees,rolling-daily,extra-trees,rolling,split-1,2023-08-01,12,12,16,20,20
rolling/extra-trees,rolling-daily,extra-trees,rolling,split-1,2023-08-01,13,47,28.5,34,34
rolling/extra-trees,rolling-daily,extra-trees,rolling,split-1,2023-08-01,21,37,31,38.5,39
rolling/extra-trees,rolling-daily,extra-trees,rolling,split-1,2023-08-01,35,51,41.5,54,54
rolling/extra-trees,rolling-daily,extra-trees,rolling,split-1,2023-08-01,82,42,30,33,33
rolling/extra-trees,rolling-daily,extra-trees,rolling,split-1,2023-08-02,11,19,33,40,40
rolling/extra-trees,rolling-daily,extra-trees,rolling,split-1,2023-08-02,12,13,14,17,17
rolling/extra-trees,rolling-daily,extra-trees,rolling,split-1,2023-08-02,13,33,29,36.5,37
rolling/extra-trees,rolling-daily,extra-trees,rolling,split-1,2023-08-02,21,15,31.5,37.5,38
rolling/extra-trees,rolling-daily,extra-trees,rolling,split-1,2023-08-02,35,53,41.5,54,54
rolling/extra-trees,rolling-daily,extra-trees,rolling,split-1,2023-08-02,82,42,32,34,34
rolling/extra-trees,rolling-daily,extra-trees,rolling,split-1,2023-08-03,11,20,33,37,37
rolling/extra-trees,rolling-daily,extra-trees,rolling,split-1,2023-08-03,12,13,13,15,15
rolling/extra-trees,rolling-daily,extra-trees,rolling,split-1,2023-08-03,13,24,29,35.5,36
rolling/extra-trees,rolling-daily,extra-trees,rolling,split-1,2023-08-03,21,24,33.5,38.5,39
rolling/extra-trees,rolling-daily,extra-trees,rolling,split-1,2023-08-03,35,42,42.5,52,52
rolling/extra-trees,rolling-daily,extra-trees,rolling,split-1,2023-08-03,82,34,32,33,33
rolling/extra-trees,rolling-daily,extra-trees,rolling,split-1,2023-08-04,11,28,31,37,37
rolling/extra-trees,rolling-daily,extra-trees,rolling,split-1,2023-08-04,12,9,14,16,16
rolling/extra-trees,rolling-daily,extra-trees,rolling,split-1,2023-08-04,13,31,29,36.5,37
rolling/extra-trees,rolling-daily,extra-trees,rolling,split-1,2023-08-04,21,23,32.5,38.5,39
rolling/extra-trees,rolling-daily,extra-trees,rolling,split-1,2023-08-04,35,64,42.5,55,55
rolling/extra-trees,rolling-daily,extra-trees,rolling,split-1,2023-08-04,82,34,32,33.75,34
rolling/extra-trees,rolling-daily,extra-trees,rolling,split-1,2023-08-05,11,37,31,37,37
rolling/extra-trees,rolling-daily,extra-trees,rolling,split-1,2023-08-05,12,17,13,16,16
rolling/extra-trees,rolling-daily,extra-trees,rolling,split-1,2023-08-05,13,34,28,35.5,36
rolling/extra-trees,rolling-daily,extra-trees,rolling,split-1,2023-08-05,21,20,29.5,36.5,37
rolling/extra-trees,rolling-daily,extra-trees,rolling,split-1,2023-08-05,35,49,43.5,54.5,55
rolling/extra-trees,rolling-daily,extra-trees,rolling,split-1,2023-08-05,82,35,31.5,34,34
rolling/extra-trees,rolling-daily,extra-trees,rolling,split-1,2023-08-06,11,18,34,38,38
rolling/extra-trees,rolling-daily,extra-trees,rolling,split-1,2023-08-06,12,12,14,18,18
rolling/extra-trees,rolling-daily,extra-trees,rolling,split-1,2023-08-06,13,18,32.5,39.5,40
rolling/extra-trees,rolling-daily,extra-trees,rolling,split-1,2023-08-06,21,33,31.5,39.5,40
rolling/extra-trees,rolling-daily,extra-trees,rolling,split-1,2023-08-06,35,59,48,61.5,62
rolling/extra-trees,rolling-daily,extra-trees,rolling,split-1,2023-08-06,82,35,33,35,35
rolling/extra-trees,rolling-daily,extra-trees,rolling,split-1,2023-08-07,11,84,48,56,56
rolling/extra-trees,rolling-daily,extra-trees,rolling,split-1,2023-08-07,12,54,21,23,23
rolling/extra-trees,rolling-daily,extra-trees,rolling,split-1,2023-08-07,13,43,46,55,55
rolling/extra-trees,rolling-daily,extra-trees,rolling,split-1,2023-08-07,21,62,49,59,59
rolling/extra-trees,rolling-daily,extra-trees,rolling,split-1,2023-08-07,35,67,59,66,66
rolling/extra-trees,rolling-daily,extra-trees,rolling,split-1,2023-08-07,82,45,48,53,53
rolling/extra-trees,rolling-daily,extra-trees,rolling,split-1,2023-08-08,11,29,31,37,37
rolling/extra-trees,rolling-daily,extra-trees,rolling,split-1,2023-08-08,12,29,15,21.25,22
rolling/extra-trees,rolling-daily,extra-trees,rolling,split-1,2023-08-08,13,99,29,36,36
rolling/extra-trees,rolling-daily,extra-trees,rolling,split-1,2023-08-08,21,41,31,38.5,39
rolling/extra-trees,rolling-daily,extra-trees,rolling,split-1,2023-08-08,35,83,46,53,53
rolling/extra-trees,rolling-daily,extra-trees,rolling,split-1,2023-08-08,82,33,31,33,33
rolling/extra-trees,rolling-daily,extra-trees,rolling,split-1,2023-08-09,11,9,29,37,37
rolling/extra-trees,rolling-daily,extra-trees,rolling,split-1,2023-08-09,12,4,17,26,26
rolling/extra-trees,rolling-daily,extra-trees,rolling,split-1,2023-08-09,13,15,28,35,35
rolling/extra-trees,rolling-daily,extra-trees,rolling,split-1,2023-08-09,21,25,32,39.5,40
rolling/extra-trees,rolling-daily,extra-trees,rolling,split-1,2023-08-09,35,22,47,53.5,54
rolling/extra-trees,rolling-daily,extra-trees,rolling,split-1,2023-08-09,82,12,31,34,34
rolling/extra-trees,rolling-daily,extra-trees,rolling,split-1,2023-08-10,11,29,29,36,36
rolling/extra-trees,rolling-daily,extra-trees,rolling,split-1,2023-08-10,12,16,14,18,18
rolling/extra-trees,rolling-daily,extra-trees,rolling,split-1,2023-08-10,13,34,29,36,36
rolling/extra-trees,rolling-daily,extra-trees,rolling,split-1,2023-08-10,21,45,31,37.5,38
rolling/extra-trees,rolling-daily,extra-trees,rolling,split-1,2023-08-10,35,87,46,53.5,54
rolling/extra-trees,rolling-daily,extra-trees,rolling,split-1,2023-08-10,82,58,31,33,33
rolling/extra-trees,rolling-daily,extra-trees,rolling,split-1,2023-08-11,11,16,28,36,36
rolling/extra-trees,rolling-daily,extra-trees,rolling,split-1,2023-08-11,12,18,15,21,21
rolling/extra-trees,rolling-daily,extra-trees,rolling,split-1,2023-08-11,13,28,29,35,35
rolling/extra-trees,rolling-daily,extra-trees,rolling,split-1,2023-08-11,21,35,32,38,38
rolling/extra-trees,rolling-daily,extra-trees,rolling,split-1,2023-08-11,35,57,49,58,58
rolling/extra-trees,rolling-daily,extra-trees,rolling,split-1,2023-08-11,82,45,31,33.5,34
rolling/extra-trees,rolling-daily,extra-trees,rolling,split-1,2023-08-12,11,24,29,36,36
rolling/extra-trees,rolling-daily,extra-trees,rolling,split-1,2023-08-12,12,9,15,22,22
rolling/extra-trees,rolling-daily,extra-trees,rolling,split-1,2023-08-12,13,31,29,35,35
rolling/extra-trees,rolling-daily,extra-trees,rolling,split-1,2023-08-12,21,27,33,38,38
rolling/extra-trees,rolling-daily,extra-trees,rolling,split-1,2023-08-12,35,47,49,57,57
rolling/extra-trees,rolling-daily,extra-trees,rolling,split-1,2023-08-12,82,52,31,34,34
rolling/extra-trees,rolling-daily,extra-trees,rolling,split-1,2023-08-13,11,30,27,36,36
rolling/extra-trees,rolling-daily,extra-trees,rolling,split-1,2023-08-13,12,16,15,21,21
rolling/extra-trees,rolling-daily,extra-trees,rolling,split-1,2023-08-13,13,18,33,39,39
rolling/extra-trees,rolling-daily,extra-trees,rolling,split-1,2023-08-13,21,26,39,43,43
rolling/extra-trees,rolling-daily,extra-trees,rolling,split-1,2023-08-13,35,40,51,63,63
rolling/extra-trees,rolling-daily,extra-trees,rolling,split-1,2023-08-13,82,34,35,38,38
rolling/extra-trees,rolling-daily,extra-trees,rolling,split-1,2023-08-14,11,60,45,56,56
rolling/extra-trees,rolling-daily,extra-trees,rolling,split-1,2023-08-14,12,28,24,30,30
rolling/extra-trees,rolling-daily,extra-trees,rolling,split-1,2023-08-14,13,52,47,58,58
rolling/extra-trees,rolling-daily,extra-trees,rolling,split-1,2023-08-14,21,64,49,61,61
rolling/extra-trees,rolling-daily,extra-trees,rolling,split-1,2023-08-14,35,77,60,69,69
rolling/extra-trees,rolling-daily,extra-trees,rolling,split-1,2023-08-14,82,47,51,57,57
rolling/extra-trees,rolling-daily,extra-trees,rolling,split-1,2023-08-15,11,36,28,33,33
rolling/extra-trees,rolling-daily,extra-trees,rolling,split-1,2023-08-15,12,23,16,20,20
rolling/extra-trees,rolling-daily,extra-trees,rolling,split-1,2023-08-15,13,41,31,36,36
rolling/extra-trees,rolling-daily,extra-trees,rolling,split-1,2023-08-15,21,47,34,40.5,41
rolling/extra-trees,rolling-daily,extra-trees,rolling,split-1,2023-08-15,35,62,50,55,55
rolling/extra-trees,rolling-daily,extra-trees,rolling,split-1,2023-08-15,82,35,32,36,36
rolling/extra-trees,rolling-daily,extra-trees,rolling,split-1,2023-08-16,11,26,29,36,36
rolling/extra-trees,rolling-daily,extra-trees,rolling,split-1,2023-08-16,12,11,16,20,20
rolling/extra-trees,rolling-daily,extra-trees,rolling,split-1,2023-08-16,13,43,29,36,36
rolling/extra-trees,rolling-daily,extra-trees,rolling,split-1,2023-08-16,21,32,35,40.5,41
rolling/extra-trees,rolling-daily,extra-trees,rolling,split-1,2023-08-16,35,54,51,56,56
rolling/extra-trees,rolling-daily,extra-trees,rolling,split-1,2023-08-16,82,23,32,36,36
rolling/extra-trees,rolling-daily,extra-trees,rolling,split-1,2023-08-17,11,25,28,34,34
rolling/extra-trees,rolling-daily,extra-trees,rolling,split-1,2023-08-17,12,6,14,18,18
rolling/extra-trees,rolling-daily,extra-trees,rolling,split-1,2023-08-17,13,44,32,38.5,39
rolling/extra-trees,rolling-daily,extra-trees,rolling,split-1,2023-08-17,21,37,35,40.5,41
rolling/extra-trees,rolling-daily,extra-trees,rolling,split-1,2023-08-17,35,74,51,58,58
rolling/extra-trees,rolling-daily,extra-trees,rolling,split-1,2023-08-17,82,38,33,36,36
rolling/extra-trees,rolling-daily,extra-trees,rolling,split-1,2023-08-18,11,22,28,33,33
rolling/extra-trees,rolling-daily,extra-trees,rolling,split-1,2023-08-18,12,13,13,15,15
rolling/extra-trees,rolling-daily,extra-trees,rolling,split-1,2023-08-18,13,42,32,39.5,40
rolling/extra-trees,rolling-daily,extra-trees,rolling,split-1,2023-08-18,21,31,35,40.5,41
rolling/extra-trees,rolling-daily,extra-trees,rolling,split-1,2023-08-18,35,67,53,60.5,61
rolling/extra-trees,rolling-daily,extra-trees,rolling,split-1,2023-08-18,82,32,32,33,33
rolling/extra-trees,rolling-daily,extra-trees,rolling,split-1,2023-08-19,11,33,28,33,33
rolling/extra-trees,rolling-daily,extra-trees,rolling,split-1,2023-08-19,12,14,13,15,15
rolling/extra-trees,rolling-daily,extra-trees,rolling,split-1,2023-08-19,13,46,32,40,40
rolling/extra-trees,rolling-daily,extra-trees,rolling,split-1,2023-08-19,21,41,35,40.5,41
rolling/extra-trees,rolling-daily,extra-trees,rolling,split-1,2023-08-19,35,53,54,61.5,62
rolling/extra-trees,rolling-daily,extra-trees,rolling,split-1,2023-08-19,82,30,32,34,34
rolling/extra-trees,rolling-daily,extra-trees,rolling,split-1,2023-08-20,11,28,32,37,37
rolling/extra-trees,rolling-daily,extra-trees,rolling,split-1,2023-08-20,12,16,14.5,17,17
rolling/extra-trees,rolling-daily,extra-trees,rolling,split-1,2023-08-20,13,40,37,45.25,46
rolling/extra-trees,rolling-daily,extra-trees,rolling,split-1,2023-08-20,21,52,37,44,44
rolling/extra-trees,rolling-daily,extra-trees,rolling,split-1,2023-08-20,35,51,55.5,66.75,67
rolling/extra-trees,rolling-daily,extra-trees,rolling,split-1,2023-08-20,82,39,35,38,38
rolling/extra-trees,rolling-daily,extra-trees,rolling,split-1,2023-08-21,11,53,44.5,53,53
rolling/extra-trees,rolling-daily,extra-trees,rolling,split-1,2023-08-21,12,26,23,28,28
rolling/extra-trees,rolling-daily,extra-trees,rolling,split-1,2023-08-21,13,52,48,58,58
rolling/extra-trees,rolling-daily,extra-trees,rolling,split-1,2023-08-21,21,76,50,59,59
rolling/extra-trees,rolling-daily,extra-trees,rolling,split-1,2023-08-21,35,87,63.5,68.75,69
rolling/extra-trees,rolling-daily,extra-trees,rolling,split-1,2023-08-21,82,46,49,53.25,54
rolling/extra-trees,rolling-daily,extra-trees,rolling,split-1,2023-08-22,11,51,26.5,33,33
rolling/extra-trees,rolling-daily,extra-trees,rolling,split-1,2023-08-22,12,19,14,15,15
rolling/extra-trees,rolling-daily,extra-trees,rolling,split-1,2023-08-22,13,32,33.5,42,42
rolling/extra-trees,rolling-daily,extra-trees,rolling,split-1,2023-08-22,21,49,36.5,42.25,43
rolling/extra-trees,rolling-daily,extra-trees,rolling,split-1,2023-08-22,35,55,53,60.25,61
rolling/extra-trees,rolling-daily,extra-trees,rolling,split-1,2023-08-22,82,46,32,34.25,35
rolling/extra-trees,rolling-daily,extra-trees,rolling,split-1,2023-08-23,11,23,30,35.5,36
rolling/extra-trees,rolling-daily,extra-trees,rolling,split-1,2023-08-23,12,14,14,15,15
rolling/extra-trees,rolling-daily,extra-trees,rolling,split-1,2023-08-23,13,39,32.5,41,41
rolling/extra-trees,rolling-daily,extra-trees,rolling,split-1,2023-08-23,21,46,37,44,44
rolling/extra-trees,rolling-daily,extra-trees,rolling,split-1,2023-08-23,35,51,54.5,62.25,63
rolling/extra-trees,rolling-daily,extra-trees,rolling,split-1,2023-08-23,82,33,33,34.25,35
rolling/extra-trees,rolling-daily,extra-trees,rolling,split-1,2023-08-24,11,25,28,33.5,34
rolling/extra-trees,rolling-daily,extra-trees,rolling,split-1,2023-08-24,12,15,14,14,14
rolling/extra-trees,rolling-daily,extra-trees,rolling,split-1,2023-08-24,13,27,33.5,40,40
rolling/extra-trees,rolling-daily,extra-trees,rolling,split-1,2023-08-24,21,53,37,43.5,44
rolling/extra-trees,rolling-daily,extra-trees,rolling,split-1,2023-08-24,35,49,54.5,62.25,63
rolling/extra-trees,rolling-daily,extra-trees,rolling,split-1,2023-08-24,82,32,32,34.25,35
rolling/extra-trees,rolling-daily,extra-trees,rolling,split-1,2023-08-25,11,28,29,35.5,36
rolling/extra-trees,rolling-daily,extra-trees,rolling,split-1,2023-08-25,12,14,14,15.75,16
rolling/extra-trees,rolling-daily,extra-trees,rolling,split-1,2023-08-25,13,25,33.5,40,40
rolling/extra-trees,rolling-daily,extra-trees,rolling,split-1,2023-08-25,21,41,37.5,46,46
rolling/extra-trees,rolling-daily,extra-trees,rolling,split-1,2023-08-25,35,41,54.5,63.25,64
rolling/extra-trees,rolling-daily,extra-trees,rolling,split-1,2023-08-25,82,36,32,32.25,33
rolling/extra-trees,rolling-daily,extra-trees,rolling,split-1,2023-08-26,11,26,29,34.5,35
rolling/extra-trees,rolling-daily,extra-trees,rolling,split-1,2023-08-26,12,15,14,15.75,16
rolling/extra-trees,rolling-daily,extra-trees,rolling,split-1,2023-08-26,13,24,32.5,39.25,40
rolling/extra-trees,rolling-daily,extra-trees,rolling,split-1,2023-08-26,21,38,38.5,46,46
rolling/extra-trees,rolling-daily,extra-trees,rolling,split-1,2023-08-26,35,32,54.5,62.25,63
rolling/extra-trees,rolling-daily,extra-trees,rolling,split-1,2023-08-26,82,32,32,34,34
rolling/extra-trees,rolling-daily,extra-trees,rolling,split-1,2023-08-27,11,23,29,35.5,36
rolling/extra-trees,rolling-daily,extra-trees,rolling,split-1,2023-08-27,12,7,15,16,16
rolling/extra-trees,rolling-daily,extra-trees,rolling,split-1,2023-08-27,13,49,33.5,41.25,42
rolling/extra-trees,rolling-daily,extra-trees,rolling,split-1,2023-08-27,21,36,40.5,48,48
rolling/extra-trees,rolling-daily,extra-trees,rolling,split-1,2023-08-27,35,43,56.5,68.25,69
rolling/extra-trees,rolling-daily,extra-trees,rolling,split-1,2023-08-27,82,38,34,37,37
rolling/extra-trees,rolling-daily,extra-trees,rolling,split-1,2023-08-28,11,45,41,49.5,50
rolling/extra-trees,rolling-daily,extra-trees,rolling,split-1,2023-08-28,12,21,22,23,23
rolling/extra-trees,rolling-daily,extra-trees,rolling,split-1,2023-08-28,13,62,46.5,53.25,54
rolling/extra-trees,rolling-daily,extra-trees,rolling,split-1,2023-08-28,21,56,49.5,57,57
rolling/extra-trees,rolling-daily,extra-trees,rolling,split-1,2023-08-28,35,60,62.5,69.25,70
rolling/extra-trees,rolling-daily,extra-trees,rolling,split-1,2023-08-28,82,45,46,49.25,50
rolling/extra-trees,rolling-daily,extra-trees,rolling,split-1,2023-08-29,11,26,25,31,31
rolling/extra-trees,rolling-daily,extra-trees,rolling,split-1,2023-08-29,12,8,14,14,14
rolling/extra-trees,rolling-daily,extra-trees,rolling,split-1,2023-08-29,13,30,32.5,40,40
rolling/extra-trees,rolling-daily,extra-trees,rolling,split-1,2023-08-29,21,49,38,45,45
rolling/extra-trees,rolling-daily,extra-trees,rolling,split-1,2023-08-29,35,57,52.5,59.25,60
rolling/extra-trees,rolling-daily,extra-trees,rolling,split-1,2023-08-29,82,33,32,34.25,35
rolling/extra-trees,rolling-daily,extra-trees,rolling,split-1,2023-08-30,11,30,25,30,30
rolling/extra-trees,rolling-daily,extra-trees,rolling,split-1,2023-08-30,12,13,13,14,14
rolling/extra-trees,rolling-daily,extra-trees,rolling,split-1,2023-08-30,13,37,31,40,40
rolling/extra-trees,rolling-daily,extra-trees,rolling,split-1,2023-08-30,21,39,38.5,46.25,47
rolling/extra-trees,rolling-daily,extra-trees,rolling,split-1,2023-08-30,35,57,54,61.25,62
rolling/extra-trees,rolling-daily,extra-trees,rolling,split-1,2023-08-30,82,30,32,34.25,35
rolling/extra-trees,rolling-daily,extra-trees,rolling,split-1,2023-08-31,11,39,25,30,30
rolling/extra-trees,rolling-daily,extra-trees,rolling,split-1,2023-08-31,12,11,13,14,14
rolling/extra-trees,rolling-daily,extra-trees,rolling,split-1,2023-08-31,13,32,31.5,38,38
rolling/extra-trees,rolling-daily,extra-trees,rolling,split-1,2023-08-31,21,31,39,45.25,46
rolling/extra-trees,rolling-daily,extra-trees,rolling,split-1,2023-08-31,35,45,54.5,60.25,61
rolling/extra-trees,rolling-daily,extra-trees,rolling,split-1,2023-08-31,82,38,31,34.25,35
rolling/histogram-small,rolling-daily,histogram-small,rolling,split-1,2023-07-01,11,13,15.260842761859188,19.314263950040917,20
rolling/histogram-small,rolling-daily,histogram-small,rolling,split-1,2023-07-01,12,15,9.0061902863438128,9.6262647168125639,10
rolling/histogram-small,rolling-daily,histogram-small,rolling,split-1,2023-07-01,13,9,19.372279818204476,27.347690986450861,28
rolling/histogram-small,rolling-daily,histogram-small,rolling,split-1,2023-07-01,21,13,27.564827553316096,31.660564673709402,32
rolling/histogram-small,rolling-daily,histogram-small,rolling,split-1,2023-07-01,35,15,26.409530402990026,36.792259194361904,37
rolling/histogram-small,rolling-daily,histogram-small,rolling,split-1,2023-07-01,82,22,22.280387183128486,29.169673610242612,30
rolling/histogram-small,rolling-daily,histogram-small,rolling,split-1,2023-07-02,11,12,15.036612580208725,21.9784837557042,22
rolling/histogram-small,rolling-daily,histogram-small,rolling,split-1,2023-07-02,12,11,12.330751974290717,18.785345133699877,19
rolling/histogram-small,rolling-daily,histogram-small,rolling,split-1,2023-07-02,13,29,15.781239607083521,25.019466451352006,26
rolling/histogram-small,rolling-daily,histogram-small,rolling,split-1,2023-07-02,21,24,21.855483419970092,33.792195962591265,34
rolling/histogram-small,rolling-daily,histogram-small,rolling,split-1,2023-07-02,35,34,23.53103332013189,36.584211060681696,37
rolling/histogram-small,rolling-daily,histogram-small,rolling,split-1,2023-07-02,82,17,22.43297702588594,31.83243776040235,32
rolling/histogram-small,rolling-daily,histogram-small,rolling,split-1,2023-07-03,11,42,22.516524384311786,27.455362728640694,28
rolling/histogram-small,rolling-daily,histogram-small,rolling,split-1,2023-07-03,12,14,16.282681462583586,20.878425950847138,21
rolling/histogram-small,rolling-daily,histogram-small,rolling,split-1,2023-07-03,13,31,25.156679715295379,36.953304293121398,37
rolling/histogram-small,rolling-daily,histogram-small,rolling,split-1,2023-07-03,21,27,34.820132808008431,42.829087513597926,43
rolling/histogram-small,rolling-daily,histogram-small,rolling,split-1,2023-07-03,35,49,34.427639119750765,48.165584541484897,49
rolling/histogram-small,rolling-daily,histogram-small,rolling,split-1,2023-07-03,82,23,27.099172015369767,37.918590969684011,38
rolling/histogram-small,rolling-daily,histogram-small,rolling,split-1,2023-07-04,11,20,16.808485538390073,22.769366787227852,23
rolling/histogram-small,rolling-daily,histogram-small,rolling,split-1,2023-07-04,12,14,10.550868703050089,11.662512765471826,12
rolling/histogram-small,rolling-daily,histogram-small,rolling,split-1,2023-07-04,13,27,17.961195358385918,25.869202705538658,26
rolling/histogram-small,rolling-daily,histogram-small,rolling,split-1,2023-07-04,21,28,24.291129333844687,28.688456924399453,29
rolling/histogram-small,rolling-daily,histogram-small,rolling,split-1,2023-07-04,35,41,26.143500132134449,36.048699649323758,37
rolling/histogram-small,rolling-daily,histogram-small,rolling,split-1,2023-07-04,82,24,20.325092429065318,28.080248647834086,29
rolling/histogram-small,rolling-daily,histogram-small,rolling,split-1,2023-07-05,11,24,16.616541909242201,21.386151504062127,22
rolling/histogram-small,rolling-daily,histogram-small,rolling,split-1,2023-07-05,12,10,10.399773960533654,12.992177032113593,13
rolling/histogram-small,rolling-daily,histogram-small,rolling,split-1,2023-07-05,13,13,21.032433185069443,26.818966767249094,27
rolling/histogram-small,rolling-daily,histogram-small,rolling,split-1,2023-07-05,21,23,26.377609759552101,27.154099961468518,28
rolling/histogram-small,rolling-daily,histogram-small,rolling,split-1,2023-07-05,35,28,26.316615906079072,35.147070840536159,36
rolling/histogram-small,rolling-daily,histogram-small,rolling,split-1,2023-07-05,82,17,22.391312811852892,25.931213365459872,26
rolling/histogram-small,rolling-daily,histogram-small,rolling,split-1,2023-07-06,11,20,18.31918951442827,23.467950981623467,24
rolling/histogram-small,rolling-daily,histogram-small,rolling,split-1,2023-07-06,12,14,10.958499349594026,13.677988261461952,14
rolling/histogram-small,rolling-daily,histogram-small,rolling,split-1,2023-07-06,13,15,18.077344050412531,24.394489648945303,25
rolling/histogram-small,rolling-daily,histogram-small,rolling,split-1,2023-07-06,21,46,23.088047161873565,24.111479430697113,25
rolling/histogram-small,rolling-daily,histogram-small,rolling,split-1,2023-07-06,35,31,25.721935661129187,35.468732655509044,36
rolling/histogram-small,rolling-daily,histogram-small,rolling,split-1,2023-07-06,82,20,19.700079964109339,25.737194214461439,26
rolling/histogram-small,rolling-daily,histogram-small,rolling,split-1,2023-07-07,11,18,19.356399373456494,24.771900504194534,25
rolling/histogram-small,rolling-daily,histogram-small,rolling,split-1,2023-07-07,12,7,11.71649376064441,13.997071415736736,14
rolling/histogram-small,rolling-daily,histogram-small,rolling,split-1,2023-07-07,13,18,18.126012031186974,28.52158848366928,29
rolling/histogram-small,rolling-daily,histogram-small,rolling,split-1,2023-07-07,21,22,26.791604659657725,32.407634997792229,33
rolling/histogram-small,rolling-daily,histogram-small,rolling,split-1,2023-07-07,35,26,32.616729700341907,38.605355680219759,39
rolling/histogram-small,rolling-daily,histogram-small,rolling,split-1,2023-07-07,82,21,19.610090624515202,25.954763533888531,26
rolling/histogram-small,rolling-daily,histogram-small,rolling,split-1,2023-07-08,11,29,18.970698385407605,24.623664068174769,25
rolling/histogram-small,rolling-daily,histogram-small,rolling,split-1,2023-07-08,12,15,10.109744662473929,11.780236426435263,12
rolling/histogram-small,rolling-daily,histogram-small,rolling,split-1,2023-07-08,13,23,18.294471507273016,27.923555730504056,28
rolling/histogram-small,rolling-daily,histogram-small,rolling,split-1,2023-07-08,21,39,25.082197602259068,31.001649443523192,32
rolling/histogram-small,rolling-daily,histogram-small,rolling,split-1,2023-07-08,35,37,29.601176376218486,37.5845935028008,38
rolling/histogram-small,rolling-daily,histogram-small,rolling,split-1,2023-07-08,82,24,21.414011322649454,26.67440190144551,27
rolling/histogram-small,rolling-daily,histogram-small,rolling,split-1,2023-07-09,11,28,23.129428230105837,27.874179380380415,28
rolling/histogram-small,rolling-daily,histogram-small,rolling,split-1,2023-07-09,12,15,12.636733943342787,18.049439619949467,19
rolling/histogram-small,rolling-daily,histogram-small,rolling,split-1,2023-07-09,13,40,19.807380078714075,30.73422533722016,31
rolling/histogram-small,rolling-daily,histogram-small,rolling,split-1,2023-07-09,21,21,27.573431707203234,33.835502091632613,34
rolling/histogram-small,rolling-daily,histogram-small,rolling,split-1,2023-07-09,35,48,32.277276017988328,38.01967807491944,39
rolling/histogram-small,rolling-daily,histogram-small,rolling,split-1,2023-07-09,82,24,22.396337438199598,27.823151375660895,28
rolling/histogram-small,rolling-daily,histogram-small,rolling,split-1,2023-07-10,11,28,31.766566963994112,39.282525472477438,40
rolling/histogram-small,rolling-daily,histogram-small,rolling,split-1,2023-07-10,12,29,19.055449441325244,22.869231608586311,23
rolling/histogram-small,rolling-daily,histogram-small,rolling,split-1,2023-07-10,13,39,32.631412753403971,40.140709124667517,41
rolling/histogram-small,rolling-daily,histogram-small,rolling,split-1,2023-07-10,21,69,32.966015974286975,42.394731104981297,43
rolling/histogram-small,rolling-daily,histogram-small,rolling,split-1,2023-07-10,35,65,44.598136269019335,57.121063505205626,58
rolling/histogram-small,rolling-daily,histogram-small,rolling,split-1,2023-07-10,82,34,29.461136248141933,34.133201533324495,35
rolling/histogram-small,rolling-daily,histogram-small,rolling,split-1,2023-07-11,11,33,23.414680273227269,27.980140624068667,28
rolling/histogram-small,rolling-daily,histogram-small,rolling,split-1,2023-07-11,12,19,14.497665382776717,20.963505118267342,21
rolling/histogram-small,rolling-daily,histogram-small,rolling,split-1,2023-07-11,13,55,25.071340617403862,34.188135016669996,35
rolling/histogram-small,rolling-daily,histogram-small,rolling,split-1,2023-07-11,21,44,30.760067718698473,37.018944714577714,38
rolling/histogram-small,rolling-daily,histogram-small,rolling,split-1,2023-07-11,35,71,36.761521480721996,44.278001841866292,45
rolling/histogram-small,rolling-daily,histogram-small,rolling,split-1,2023-07-11,82,23,24.881311419482131,27.722678856266143,28
rolling/histogram-small,rolling-daily,histogram-small,rolling,split-1,2023-07-12,11,15,24.212245927786732,30.570865080915134,31
rolling/histogram-small,rolling-daily,histogram-small,rolling,split-1,2023-07-12,12,13,15.591991582654954,19.755895080116048,20
rolling/histogram-small,rolling-daily,histogram-small,rolling,split-1,2023-07-12,13,17,26.342841669232619,36.660844170617175,37
rolling/histogram-small,rolling-daily,histogram-small,rolling,split-1,2023-07-12,21,14,32.754266246075687,37.354424834664016,38
rolling/histogram-small,rolling-daily,histogram-small,rolling,split-1,2023-07-12,35,33,34.751674399269376,42.274454078368088,43
rolling/histogram-small,rolling-daily,histogram-small,rolling,split-1,2023-07-12,82,14,21.724332347447973,25.321324014205395,26
rolling/histogram-small,rolling-daily,histogram-small,rolling,split-1,2023-07-13,11,33,21.480806887898215,27.567523405854612,28
rolling/histogram-small,rolling-daily,histogram-small,rolling,split-1,2023-07-13,12,21,13.923694482665503,16.75392519214877,17
rolling/histogram-small,rolling-daily,histogram-small,rolling,split-1,2023-07-13,13,25,22.983906339983044,33.11350714316653,34
rolling/histogram-small,rolling-daily,histogram-small,rolling,split-1,2023-07-13,21,51,30.61698100772535,35.621647999550461,36
rolling/histogram-small,rolling-daily,histogram-small,rolling,split-1,2023-07-13,35,71,34.288461607622153,43.117334886977865,44
rolling/histogram-small,rolling-daily,histogram-small,rolling,split-1,2023-07-13,82,36,18.492389700992618,23.544771096761725,24
rolling/histogram-small,rolling-daily,histogram-small,rolling,split-1,2023-07-14,11,16,23.325961589146733,31.331413619196944,32
rolling/histogram-small,rolling-daily,histogram-small,rolling,split-1,2023-07-14,12,11,16.437562482551538,22.665971116659946,23
rolling/histogram-small,rolling-daily,histogram-small,rolling,split-1,2023-07-14,13,25,25.205846912301595,36.251840199994838,37
rolling/histogram-small,rolling-daily,histogram-small,rolling,split-1,2023-07-14,21,36,31.931337720908111,37.967791297626796,38
rolling/histogram-small,rolling-daily,histogram-small,rolling,split-1,2023-07-14,35,61,38.974416141907952,47.033945799090432,48
rolling/histogram-small,rolling-daily,histogram-small,rolling,split-1,2023-07-14,82,19,24.753625335930959,30.466940920171201,31
rolling/histogram-small,rolling-daily,histogram-small,rolling,split-1,2023-07-15,11,20,21.21585252854543,28.231435424880161,29
rolling/histogram-small,rolling-daily,histogram-small,rolling,split-1,2023-07-15,12,14,14.898814864110644,20.151569404461576,21
rolling/histogram-small,rolling-daily,histogram-small,rolling,split-1,2023-07-15,13,24,27.021541589849932,36.051040159168949,37
rolling/histogram-small,rolling-daily,histogram-small,rolling,split-1,2023-07-15,21,24,30.799176814982836,37.370829883635359,38
rolling/histogram-small,rolling-daily,histogram-small,rolling,split-1,2023-07-15,35,35,37.49766589801402,44.859047083286463,45
rolling/histogram-small,rolling-daily,histogram-small,rolling,split-1,2023-07-15,82,24,21.821201939226469,29.78985150459042,30
rolling/histogram-small,rolling-daily,histogram-small,rolling,split-1,2023-07-16,11,29,20.592900340432156,28.978031363248231,29
rolling/histogram-small,rolling-daily,histogram-small,rolling,split-1,2023-07-16,12,17,14.11755162208444,20.297596266063241,21
rolling/histogram-small,rolling-daily,histogram-small,rolling,split-1,2023-07-16,13,25,26.62702570364964,35.988472357436301,36
rolling/histogram-small,rolling-daily,histogram-small,rolling,split-1,2023-07-16,21,47,32.620450958691357,39.581029604601781,40
rolling/histogram-small,rolling-daily,histogram-small,rolling,split-1,2023-07-16,35,37,39.339200016672379,48.164267229271829,49
rolling/histogram-small,rolling-daily,histogram-small,rolling,split-1,2023-07-16,82,42,24.48213241306637,30.75802133150864,31
rolling/histogram-small,rolling-daily,histogram-small,rolling,split-1,2023-07-17,11,26,31.347983633725523,39.880361378773948,40
rolling/histogram-small,rolling-daily,histogram-small,rolling,split-1,2023-07-17,12,14,24.164995065413912,30.295756871213083,31
rolling/histogram-small,rolling-daily,histogram-small,rolling,split-1,2023-07-17,13,48,34.226006970679833,43.797960256718405,44
rolling/histogram-small,rolling-daily,histogram-small,rolling,split-1,2023-07-17,21,52,46.059322359608942,48.106317346568488,49
rolling/histogram-small,rolling-daily,histogram-small,rolling,split-1,2023-07-17,35,62,47.227163881971023,58.681006421282973,59
rolling/histogram-small,rolling-daily,histogram-small,rolling,split-1,2023-07-17,82,33,34.352055406858184,40.797197641564928,41
rolling/histogram-small,rolling-daily,histogram-small,rolling,split-1,2023-07-18,11,30,22.489382477720294,29.295211508730286,30
rolling/histogram-small,rolling-daily,histogram-small,rolling,split-1,2023-07-18,12,14,13.747183612058734,17.158999153953403,18
rolling/histogram-small,rolling-daily,histogram-small,rolling,split-1,2023-07-18,13,51,25.342832988381751,35.007695492631861,36
rolling/histogram-small,rolling-daily,histogram-small,rolling,split-1,2023-07-18,21,51,35.30114653864036,39.490845636972999,40
rolling/histogram-small,rolling-daily,histogram-small,rolling,split-1,2023-07-18,35,65,39.22679344587543,51.526795442628973,52
rolling/histogram-small,rolling-daily,histogram-small,rolling,split-1,2023-07-18,82,29,25.004195586232765,31.110685498187703,32
rolling/histogram-small,rolling-daily,histogram-small,rolling,split-1,2023-07-19,11,30,23.355843856486985,29.893961223657676,30
rolling/histogram-small,rolling-daily,histogram-small,rolling,split-1,2023-07-19,12,17,14.536744253174311,16.887379893973119,17
rolling/histogram-small,rolling-daily,histogram-small,rolling,split-1,2023-07-19,13,37,26.305264486161064,35.772745660870399,36
rolling/histogram-small,rolling-daily,histogram-small,rolling,split-1,2023-07-19,21,43,34.857180774443506,39.888605482075747,40
rolling/histogram-small,rolling-daily,histogram-small,rolling,split-1,2023-07-19,35,58,37.566180070703695,44.124020841769592,45
rolling/histogram-small,rolling-daily,histogram-small,rolling,split-1,2023-07-19,82,22,26.481200174204137,31.246324634764289,32
rolling/histogram-small,rolling-daily,histogram-small,rolling,split-1,2023-07-20,11,31,24.456189679138085,31.95260743056367,32
rolling/histogram-small,rolling-daily,histogram-small,rolling,split-1,2023-07-20,12,16,13.632316889812625,19.462341964187704,20
rolling/histogram-small,rolling-daily,histogram-small,rolling,split-1,2023-07-20,13,39,29.444755155363712,37.305273334448174,38
rolling/histogram-small,rolling-daily,histogram-small,rolling,split-1,2023-07-20,21,36,35.574305607394336,40.630745733795969,41
rolling/histogram-small,rolling-daily,histogram-small,rolling,split-1,2023-07-20,35,60,36.733364707324299,46.764238639442624,47
rolling/histogram-small,rolling-daily,histogram-small,rolling,split-1,2023-07-20,82,23,24.256293150090244,29.897642521014323,30
rolling/histogram-small,rolling-daily,histogram-small,rolling,split-1,2023-07-21,11,30,25.581271881493105,32.193205661611856,33
rolling/histogram-small,rolling-daily,histogram-small,rolling,split-1,2023-07-21,12,12,13.536731502922647,19.647783577831028,20
rolling/histogram-small,rolling-daily,histogram-small,rolling,split-1,2023-07-21,13,22,30.554589033295326,40.69609231886303,41
rolling/histogram-small,rolling-daily,histogram-small,rolling,split-1,2023-07-21,21,34,33.116677799395433,41.96567967762067,42
rolling/histogram-small,rolling-daily,histogram-small,rolling,split-1,2023-07-21,35,52,39.163350985643802,50.456247006324297,51
rolling/histogram-small,rolling-daily,histogram-small,rolling,split-1,2023-07-21,82,21,23.546775557923294,31.238052773372882,32
rolling/histogram-small,rolling-daily,histogram-small,rolling,split-1,2023-07-22,11,34,25.776370738885515,34.202270372444133,35
rolling/histogram-small,rolling-daily,histogram-small,rolling,split-1,2023-07-22,12,18,14.013191460444675,17.317149543220093,18
rolling/histogram-small,rolling-daily,histogram-small,rolling,split-1,2023-07-22,13,28,29.276812528132549,38.764229559096229,39
rolling/histogram-small,rolling-daily,histogram-small,rolling,split-1,2023-07-22,21,51,32.447765188086535,38.879875493114376,39
rolling/histogram-small,rolling-daily,histogram-small,rolling,split-1,2023-07-22,35,58,38.784767773673906,48.588887024297563,49
rolling/histogram-small,rolling-daily,histogram-small,rolling,split-1,2023-07-22,82,31,23.703983248269719,31.42464858761026,32
rolling/histogram-small,rolling-daily,histogram-small,rolling,split-1,2023-07-23,11,41,26.135544880643721,34.615562395944323,35
rolling/histogram-small,rolling-daily,histogram-small,rolling,split-1,2023-07-23,12,12,14.712064481029449,21.047857060481267,22
rolling/histogram-small,rolling-daily,histogram-small,rolling,split-1,2023-07-23,13,33,30.132395643006447,38.204966149204353,39
rolling/histogram-small,rolling-daily,histogram-small,rolling,split-1,2023-07-23,21,33,36.743702204094447,41.246342730500274,42
rolling/histogram-small,rolling-daily,histogram-small,rolling,split-1,2023-07-23,35,59,39.198303451652777,50.021022076827812,51
rolling/histogram-small,rolling-daily,histogram-small,rolling,split-1,2023-07-23,82,31,26.432566925507757,32.291255576786817,33
rolling/histogram-small,rolling-daily,histogram-small,rolling,split-1,2023-07-24,11,40,37.139598525528051,43.959153624155526,44
rolling/histogram-small,rolling-daily,histogram-small,rolling,split-1,2023-07-24,12,29,22.396116704954458,23.620040402239855,24
rolling/histogram-small,rolling-daily,histogram-small,rolling,split-1,2023-07-24,13,60,41.242660899876491,47.311328748956328,48
rolling/histogram-small,rolling-daily,histogram-small,rolling,split-1,2023-07-24,21,61,45.884159584648572,49.75359407435802,50
rolling/histogram-small,rolling-daily,histogram-small,rolling,split-1,2023-07-24,35,71,49.988004636213674,65.409677792580055,66
rolling/histogram-small,rolling-daily,histogram-small,rolling,split-1,2023-07-24,82,48,34.059756984455547,40.271415908055118,41
rolling/histogram-small,rolling-daily,histogram-small,rolling,split-1,2023-07-25,11,57,29.537037208165508,35.357740655718253,36
rolling/histogram-small,rolling-daily,histogram-small,rolling,split-1,2023-07-25,13,46,29.712282245375903,37.479347834242901,38
rolling/histogram-small,rolling-daily,histogram-small,rolling,split-1,2023-07-25,21,70,35.278452857060884,44.019170768628335,45
rolling/histogram-small,rolling-daily,histogram-small,rolling,split-1,2023-07-25,35,76,40.262453738433543,57.17234552818082,58
rolling/histogram-small,rolling-daily,histogram-small,rolling,split-1,2023-07-25,82,37,25.637989169054848,31.26561010825921,32
rolling/histogram-small,rolling-daily,histogram-small,rolling,split-1,2023-07-26,11,42,29.826845976007345,35.893046267831814,36
rolling/histogram-small,rolling-daily,histogram-small,rolling,split-1,2023-07-26,13,38,31.240672244182274,37.916541929931441,38
rolling/histogram-small,rolling-daily,histogram-small,rolling,split-1,2023-07-26,21,36,34.243069992464868,41.459259304809692,42
rolling/histogram-small,rolling-daily,histogram-small,rolling,split-1,2023-07-26,35,60,38.246897092574535,51.65198444249878,52
rolling/histogram-small,rolling-daily,histogram-small,rolling,split-1,2023-07-26,82,37,27.825362318689553,32.248938112017839,33
rolling/histogram-small,rolling-daily,histogram-small,rolling,split-1,2023-07-27,11,42,30.585735653714842,34.885287388336039,35
rolling/histogram-small,rolling-daily,histogram-small,rolling,split-1,2023-07-27,12,14,14.820547711428643,22.196129925993077,23
rolling/histogram-small,rolling-daily,histogram-small,rolling,split-1,2023-07-27,13,24,30.258419617719412,38.246125486127056,39
rolling/histogram-small,rolling-daily,histogram-small,rolling,split-1,2023-07-27,21,31,33.033846728425722,41.166974863355691,42
rolling/histogram-small,rolling-daily,histogram-small,rolling,split-1,2023-07-27,35,56,39.343758094767367,51.108772913747686,52
rolling/histogram-small,rolling-daily,histogram-small,rolling,split-1,2023-07-27,82,35,29.668049119257208,32.148393673471894,33
rolling/histogram-small,rolling-daily,histogram-small,rolling,split-1,2023-07-28,11,33,31.282047269276958,37.994704698844643,38
rolling/histogram-small,rolling-daily,histogram-small,rolling,split-1,2023-07-28,12,11,12.773969935141622,19.381864850314294,20
rolling/histogram-small,rolling-daily,histogram-small,rolling,split-1,2023-07-28,13,32,29.887957427936286,38.309313229436952,39
rolling/histogram-small,rolling-daily,histogram-small,rolling,split-1,2023-07-28,21,37,34.001894808926394,42.059502789261508,43
rolling/histogram-small,rolling-daily,histogram-small,rolling,split-1,2023-07-28,35,68,41.583024806372549,53.107931293501082,54
rolling/histogram-small,rolling-daily,histogram-small,rolling,split-1,2023-07-28,82,34,30.943124415960543,34.140667177456137,35
rolling/histogram-small,rolling-daily,histogram-small,rolling,split-1,2023-07-29,11,32,34.757325723177196,38.874891415830795,39
rolling/histogram-small,rolling-daily,histogram-small,rolling,split-1,2023-07-29,12,7,16.704764444086553,21.512779162962115,22
rolling/histogram-small,rolling-daily,histogram-small,rolling,split-1,2023-07-29,13,32,31.65527409161546,38.272677701345103,39
rolling/histogram-small,rolling-daily,histogram-small,rolling,split-1,2023-07-29,21,41,36.563413526586189,42.124258105453023,43
rolling/histogram-small,rolling-daily,histogram-small,rolling,split-1,2023-07-29,35,55,43.422152810498417,54.115417143968557,55
rolling/histogram-small,rolling-daily,histogram-small,rolling,split-1,2023-07-29,82,35,34.674290876470202,34.914266422181157,35
rolling/histogram-small,rolling-daily,histogram-small,rolling,split-1,2023-07-30,11,78,33.867942704211636,37.607908430105979,38
rolling/histogram-small,rolling-daily,histogram-small,rolling,split-1,2023-07-30,12,19,14.72580293138785,16.167708199365446,17
rolling/histogram-small,rolling-daily,histogram-small,rolling,split-1,2023-07-30,13,50,33.328700368879474,39.769628512452528,40
rolling/histogram-small,rolling-daily,histogram-small,rolling,split-1,2023-07-30,21,22,34.141381703383324,38.900662163029693,39
rolling/histogram-small,rolling-daily,histogram-small,rolling,split-1,2023-07-30,35,71,45.306807644789004,54.094606803278239,55
rolling/histogram-small,rolling-daily,histogram-small,rolling,split-1,2023-07-30,82,62,33.779569048703642,35.753091943138188,36
rolling/histogram-small,rolling-daily,histogram-small,rolling,split-1,2023-07-31,11,43,42.66463719874325,47.159839068681677,48
rolling/histogram-small,rolling-daily,histogram-small,rolling,split-1,2023-07-31,12,32,23.790104250587515,27.38882493628866,28
rolling/histogram-small,rolling-daily,histogram-small,rolling,split-1,2023-07-31,13,47,41.805799238363598,48.398855331208196,49
rolling/histogram-small,rolling-daily,histogram-small,rolling,split-1,2023-07-31,21,60,47.138087563135443,56.767067113739991,57
rolling/histogram-small,rolling-daily,histogram-small,rolling,split-1,2023-07-31,35,83,52.223916318659732,69.213101959436614,70
rolling/histogram-small,rolling-daily,histogram-small,rolling,split-1,2023-07-31,82,45,40.887026708975469,44.909331593485419,45
rolling/histogram-small,rolling-daily,histogram-small,rolling,split-1,2023-08-01,11,42,35.410268011301028,38.906030026533479,39
rolling/histogram-small,rolling-daily,histogram-small,rolling,split-1,2023-08-01,12,12,15.711287954128398,23.434809263676716,24
rolling/histogram-small,rolling-daily,histogram-small,rolling,split-1,2023-08-01,13,47,34.518559442801759,43.53509860283512,44
rolling/histogram-small,rolling-daily,histogram-small,rolling,split-1,2023-08-01,21,37,39.704762142770441,48.027103571124911,49
rolling/histogram-small,rolling-daily,histogram-small,rolling,split-1,2023-08-01,35,51,47.371109634168029,61.50369578482951,62
rolling/histogram-small,rolling-daily,histogram-small,rolling,split-1,2023-08-01,82,42,33.541196595158709,34.184218226140715,35
rolling/histogram-small,rolling-daily,histogram-small,rolling,split-1,2023-08-02,11,19,33.00872285796423,40.155918394770296,41
rolling/histogram-small,rolling-daily,histogram-small,rolling,split-1,2023-08-02,12,13,13.98933810148969,17.677176982614583,18
rolling/histogram-small,rolling-daily,histogram-small,rolling,split-1,2023-08-02,13,33,31.247521950822239,38.849788874565789,39
rolling/histogram-small,rolling-daily,histogram-small,rolling,split-1,2023-08-02,21,15,33.741164938907268,40.317875905331107,41
rolling/histogram-small,rolling-daily,histogram-small,rolling,split-1,2023-08-02,35,53,45.191158421966499,54.804790314644201,55
rolling/histogram-small,rolling-daily,histogram-small,rolling,split-1,2023-08-02,82,42,32.324008079971023,35.749459110020922,36
rolling/histogram-small,rolling-daily,histogram-small,rolling,split-1,2023-08-03,11,20,30.864035298243351,36.51080634530534,37
rolling/histogram-small,rolling-daily,histogram-small,rolling,split-1,2023-08-03,12,13,12.72738452892292,15.900299127624539,16
rolling/histogram-small,rolling-daily,histogram-small,rolling,split-1,2023-08-03,13,24,31.624130526844738,37.348273758407409,38
rolling/histogram-small,rolling-daily,histogram-small,rolling,split-1,2023-08-03,21,24,35.010285624970635,45.101504899772458,46
rolling/histogram-small,rolling-daily,histogram-small,rolling,split-1,2023-08-03,35,42,47.12689445232126,54.111443030408857,55
rolling/histogram-small,rolling-daily,histogram-small,rolling,split-1,2023-08-03,82,34,32.805495844478813,33.869885116584776,34
rolling/histogram-small,rolling-daily,histogram-small,rolling,split-1,2023-08-04,11,28,30.195890962735795,37.057346346600966,38
rolling/histogram-small,rolling-daily,histogram-small,rolling,split-1,2023-08-04,12,9,13.037749801248221,17.332268564770096,18
rolling/histogram-small,rolling-daily,histogram-small,rolling,split-1,2023-08-04,13,31,32.060861303556493,39.855940455527893,40
rolling/histogram-small,rolling-daily,histogram-small,rolling,split-1,2023-08-04,21,23,36.142720937871061,44.233447913008462,45
rolling/histogram-small,rolling-daily,histogram-small,rolling,split-1,2023-08-04,35,64,47.671680450834465,56.870176979735213,57
rolling/histogram-small,rolling-daily,histogram-small,rolling,split-1,2023-08-04,82,34,33.065359780134571,34.579465571475545,35
rolling/histogram-small,rolling-daily,histogram-small,rolling,split-1,2023-08-05,11,37,32.035348003021923,40.068234013663236,41
rolling/histogram-small,rolling-daily,histogram-small,rolling,split-1,2023-08-05,12,17,13.269169127988119,17.142334151609763,18
rolling/histogram-small,rolling-daily,histogram-small,rolling,split-1,2023-08-05,13,34,31.668243182251128,38.4054609710196,39
rolling/histogram-small,rolling-daily,histogram-small,rolling,split-1,2023-08-05,21,20,27.481528923746993,40.587619303057636,41
rolling/histogram-small,rolling-daily,histogram-small,rolling,split-1,2023-08-05,35,49,49.197578557058939,56.557895388447903,57
rolling/histogram-small,rolling-daily,histogram-small,rolling,split-1,2023-08-05,82,35,33.153463028069439,34.579465571475545,35
rolling/histogram-small,rolling-daily,histogram-small,rolling,split-1,2023-08-06,11,18,31.472333944120106,38.207894412647107,39
rolling/histogram-small,rolling-daily,histogram-small,rolling,split-1,2023-08-06,12,12,13.536064628192733,21.808627935533625,22
rolling/histogram-small,rolling-daily,histogram-small,rolling,split-1,2023-08-06,13,18,35.44283950322928,41.383927046765486,42
rolling/histogram-small,rolling-daily,histogram-small,rolling,split-1,2023-08-06,21,33,25.915053896018719,39.428459809287119,40
rolling/histogram-small,rolling-daily,histogram-small,rolling,split-1,2023-08-06,35,59,50.157253131698383,62.353040459653158,63
rolling/histogram-small,rolling-daily,histogram-small,rolling,split-1,2023-08-06,82,35,33.583630432322863,35.948525207538744,36
rolling/histogram-small,rolling-daily,histogram-small,rolling,split-1,2023-08-07,11,84,36.641872031935335,49.934502650431831,50
rolling/histogram-small,rolling-daily,histogram-small,rolling,split-1,2023-08-07,12,54,20.447629809632314,25.725020238837889,26
rolling/histogram-small,rolling-daily,histogram-small,rolling,split-1,2023-08-07,13,43,40.324612573831942,52.90620712497703,53
rolling/histogram-small,rolling-daily,histogram-small,rolling,split-1,2023-08-07,21,62,45.633403846848054,58.530008741743117,59
rolling/histogram-small,rolling-daily,histogram-small,rolling,split-1,2023-08-07,35,67,57.589982805155316,71.559920485429274,72
rolling/histogram-small,rolling-daily,histogram-small,rolling,split-1,2023-08-07,82,45,41.856640288101332,45.339727941981465,46
rolling/histogram-small,rolling-daily,histogram-small,rolling,split-1,2023-08-08,11,29,31.187914381103006,41.136725507708285,42
rolling/histogram-small,rolling-daily,histogram-small,rolling,split-1,2023-08-08,12,29,16.338479418703383,26.05958847662713,27
rolling/histogram-small,rolling-daily,histogram-small,rolling,split-1,2023-08-08,13,99,37.410559660200477,48.456112280036173,49
rolling/histogram-small,rolling-daily,histogram-small,rolling,split-1,2023-08-08,21,41,34.640476347638909,47.2358308275208,48
rolling/histogram-small,rolling-daily,histogram-small,rolling,split-1,2023-08-08,35,83,50.794108972195943,63.773794213738668,64
rolling/histogram-small,rolling-daily,histogram-small,rolling,split-1,2023-08-08,82,33,33.755633996311516,35.9571786247622,36
rolling/histogram-small,rolling-daily,histogram-small,rolling,split-1,2023-08-09,11,9,30.869080985501519,38.044608157475665,39
rolling/histogram-small,rolling-daily,histogram-small,rolling,split-1,2023-08-09,12,4,16.551980066148232,25.864176219392476,26
rolling/histogram-small,rolling-daily,histogram-small,rolling,split-1,2023-08-09,13,15,32.773946953095134,41.187024070005982,42
rolling/histogram-small,rolling-daily,histogram-small,rolling,split-1,2023-08-09,21,25,30.00915147558689,39.223535856116612,40
rolling/histogram-small,rolling-daily,histogram-small,rolling,split-1,2023-08-09,35,22,49.392650173353502,57.872649451589332,58
rolling/histogram-small,rolling-daily,histogram-small,rolling,split-1,2023-08-09,82,12,34.260331822425186,35.648821846638825,36
rolling/histogram-small,rolling-daily,histogram-small,rolling,split-1,2023-08-10,11,29,24.326048425880234,36.366503975670469,37
rolling/histogram-small,rolling-daily,histogram-small,rolling,split-1,2023-08-10,12,16,12.10464588336453,17.671971264779572,18
rolling/histogram-small,rolling-daily,histogram-small,rolling,split-1,2023-08-10,13,34,30.904880455170584,40.310986968828985,41
rolling/histogram-small,rolling-daily,histogram-small,rolling,split-1,2023-08-10,21,45,33.77069591308161,42.086579149760801,43
rolling/histogram-small,rolling-daily,histogram-small,rolling,split-1,2023-08-10,35,87,48.966765530417064,62.35957393900474,63
rolling/histogram-small,rolling-daily,histogram-small,rolling,split-1,2023-08-10,82,58,28.299480433107757,32.264756258774497,33
rolling/histogram-small,rolling-daily,histogram-small,rolling,split-1,2023-08-11,11,16,30.924093402449792,33.849723645837216,34
rolling/histogram-small,rolling-daily,histogram-small,rolling,split-1,2023-08-11,12,18,15.064148772188673,23.213638773036212,24
rolling/histogram-small,rolling-daily,histogram-small,rolling,split-1,2023-08-11,13,28,32.019178836260728,38.986965402888835,39
rolling/histogram-small,rolling-daily,histogram-small,rolling,split-1,2023-08-11,21,35,33.136734542706037,39.362109606303619,40
rolling/histogram-small,rolling-daily,histogram-small,rolling,split-1,2023-08-11,35,57,51.441154352130894,65.243563099203911,66
rolling/histogram-small,rolling-daily,histogram-small,rolling,split-1,2023-08-11,82,45,32.675868088689604,32.783522343216191,33
rolling/histogram-small,rolling-daily,histogram-small,rolling,split-1,2023-08-12,11,24,27.690929313674886,37.539026489192302,38
rolling/histogram-small,rolling-daily,histogram-small,rolling,split-1,2023-08-12,12,9,15.443467318401092,22.966730931170147,23
rolling/histogram-small,rolling-daily,histogram-small,rolling,split-1,2023-08-12,13,31,30.306503131407972,38.518609804199066,39
rolling/histogram-small,rolling-daily,histogram-small,rolling,split-1,2023-08-12,21,27,32.229615585126815,38.914607533646489,39
rolling/histogram-small,rolling-daily,histogram-small,rolling,split-1,2023-08-12,35,47,50.241480912981963,61.465059214652257,62
rolling/histogram-small,rolling-daily,histogram-small,rolling,split-1,2023-08-12,82,52,31.628536968113423,34.515770269009167,35
rolling/histogram-small,rolling-daily,histogram-small,rolling,split-1,2023-08-13,11,30,27.251172018626704,35.375633524994953,36
rolling/histogram-small,rolling-daily,histogram-small,rolling,split-1,2023-08-13,12,16,16.46943099698791,21.848541379942077,22
rolling/histogram-small,rolling-daily,histogram-small,rolling,split-1,2023-08-13,13,18,36.199266974174087,41.132774158119012,42
rolling/histogram-small,rolling-daily,histogram-small,rolling,split-1,2023-08-13,21,26,36.407723629108261,42.894964473876442,43
rolling/histogram-small,rolling-daily,histogram-small,rolling,split-1,2023-08-13,35,40,53.463441710668924,64.074919362288512,65
rolling/histogram-small,rolling-daily,histogram-small,rolling,split-1,2023-08-13,82,34,36.045362742723157,38.887634924565326,39
rolling/histogram-small,rolling-daily,histogram-small,rolling,split-1,2023-08-14,11,60,39.149770143913258,46.684911786792078,47
rolling/histogram-small,rolling-daily,histogram-small,rolling,split-1,2023-08-14,12,28,24.671030132065788,33.740782060387758,34
rolling/histogram-small,rolling-daily,histogram-small,rolling,split-1,2023-08-14,13,52,45.388452473682207,57.133179458618542,58
rolling/histogram-small,rolling-daily,histogram-small,rolling,split-1,2023-08-14,21,64,48.631531228250566,58.283798648088293,59
rolling/histogram-small,rolling-daily,histogram-small,rolling,split-1,2023-08-14,35,77,60.204487873943222,71.959518781659668,72
rolling/histogram-small,rolling-daily,histogram-small,rolling,split-1,2023-08-14,82,47,45.68267538755623,46.594468684164823,47
rolling/histogram-small,rolling-daily,histogram-small,rolling,split-1,2023-08-15,11,36,30.309078758042585,34.447350258612779,35
rolling/histogram-small,rolling-daily,histogram-small,rolling,split-1,2023-08-15,12,23,16.906236607771163,23.140865537023039,24
rolling/histogram-small,rolling-daily,histogram-small,rolling,split-1,2023-08-15,13,41,39.189534881693653,48.182260406545431,49
rolling/histogram-small,rolling-daily,histogram-small,rolling,split-1,2023-08-15,21,47,40.721513871699088,50.129644490322846,51
rolling/histogram-small,rolling-daily,histogram-small,rolling,split-1,2023-08-15,35,62,53.366907053344107,64.719597213631602,65
rolling/histogram-small,rolling-daily,histogram-small,rolling,split-1,2023-08-15,82,35,35.753653036504488,37.730501979600888,38
rolling/histogram-small,rolling-daily,histogram-small,rolling,split-1,2023-08-16,11,26,29.343816888573262,32.992155187442066,33
rolling/histogram-small,rolling-daily,histogram-small,rolling,split-1,2023-08-16,12,11,17.64826083878134,20.41675437329036,21
rolling/histogram-small,rolling-daily,histogram-small,rolling,split-1,2023-08-16,13,43,30.726781853183248,34.783458585694873,35
rolling/histogram-small,rolling-daily,histogram-small,rolling,split-1,2023-08-16,21,32,36.143548395687006,39.230344295099101,40
rolling/histogram-small,rolling-daily,histogram-small,rolling,split-1,2023-08-16,35,54,52.789258170225345,56.217395214692971,57
rolling/histogram-small,rolling-daily,histogram-small,rolling,split-1,2023-08-16,82,23,35.911858419017904,35.911858419017904,36
rolling/histogram-small,rolling-daily,histogram-small,rolling,split-1,2023-08-17,11,25,28.733896530056136,33.89660173838989,34
rolling/histogram-small,rolling-daily,histogram-small,rolling,split-1,2023-08-17,12,6,14.020424112520184,19.494321636024694,20
rolling/histogram-small,rolling-daily,histogram-small,rolling,split-1,2023-08-17,13,44,32.828790184660015,37.070608025850291,38
rolling/histogram-small,rolling-daily,histogram-small,rolling,split-1,2023-08-17,21,37,37.864687526424902,42.53319546594328,43
rolling/histogram-small,rolling-daily,histogram-small,rolling,split-1,2023-08-17,35,74,53.848606010999262,63.042045610779837,64
rolling/histogram-small,rolling-daily,histogram-small,rolling,split-1,2023-08-17,82,38,35.232354715049013,38.023743720714812,39
rolling/histogram-small,rolling-daily,histogram-small,rolling,split-1,2023-08-18,11,22,27.229741215622454,31.997107586982896,32
rolling/histogram-small,rolling-daily,histogram-small,rolling,split-1,2023-08-18,12,13,12.208999410523274,14.756891860895955,15
rolling/histogram-small,rolling-daily,histogram-small,rolling,split-1,2023-08-18,13,42,33.214985898966063,37.070302165706153,38
rolling/histogram-small,rolling-daily,histogram-small,rolling,split-1,2023-08-18,21,31,36.506527796752948,41.699940326325518,42
rolling/histogram-small,rolling-daily,histogram-small,rolling,split-1,2023-08-18,35,67,54.05041907586606,61.467543395163318,62
rolling/histogram-small,rolling-daily,histogram-small,rolling,split-1,2023-08-18,82,32,33.553266602112842,35.034523996738855,36
rolling/histogram-small,rolling-daily,histogram-small,rolling,split-1,2023-08-19,11,33,29.269834527009429,35.970180519764341,36
rolling/histogram-small,rolling-daily,histogram-small,rolling,split-1,2023-08-19,12,14,12.39986406728889,15.477574279066518,16
rolling/histogram-small,rolling-daily,histogram-small,rolling,split-1,2023-08-19,13,46,34.34154866648074,37.827464152600072,38
rolling/histogram-small,rolling-daily,histogram-small,rolling,split-1,2023-08-19,21,41,34.472246561075124,39.331763872870198,40
rolling/histogram-small,rolling-daily,histogram-small,rolling,split-1,2023-08-19,35,53,54.266918654479795,63.320628085721609,64
rolling/histogram-small,rolling-daily,histogram-small,rolling,split-1,2023-08-19,82,30,35.920916938952487,36.611439164963585,37
rolling/histogram-small,rolling-daily,histogram-small,rolling,split-1,2023-08-20,11,28,33.938840990257809,34.949624627115639,35
rolling/histogram-small,rolling-daily,histogram-small,rolling,split-1,2023-08-20,12,16,12.396078865008739,16.700796297037133,17
rolling/histogram-small,rolling-daily,histogram-small,rolling,split-1,2023-08-20,13,40,35.8161475174294,42.353583735926833,43
rolling/histogram-small,rolling-daily,histogram-small,rolling,split-1,2023-08-20,21,52,34.449525826173272,39.758038211384182,40
rolling/histogram-small,rolling-daily,histogram-small,rolling,split-1,2023-08-20,35,51,54.246551032314471,62.907039601524396,63
rolling/histogram-small,rolling-daily,histogram-small,rolling,split-1,2023-08-20,82,39,35.882737325361106,36.457441022072373,37
rolling/histogram-small,rolling-daily,histogram-small,rolling,split-1,2023-08-21,11,53,41.567091206808499,48.253098500675613,49
rolling/histogram-small,rolling-daily,histogram-small,rolling,split-1,2023-08-21,12,26,21.427814621729535,27.333248038343072,28
rolling/histogram-small,rolling-daily,histogram-small,rolling,split-1,2023-08-21,13,52,46.915632789195016,55.26517318686124,56
rolling/histogram-small,rolling-daily,histogram-small,rolling,split-1,2023-08-21,21,76,48.107793345648119,57.362635464475183,58
rolling/histogram-small,rolling-daily,histogram-small,rolling,split-1,2023-08-21,35,87,60.214377309634507,69.564483633273383,70
rolling/histogram-small,rolling-daily,histogram-small,rolling,split-1,2023-08-21,82,46,45.082049453432731,49.964595059774354,50
rolling/histogram-small,rolling-daily,histogram-small,rolling,split-1,2023-08-22,11,51,30.976929641238904,35.599061624356324,36
rolling/histogram-small,rolling-daily,histogram-small,rolling,split-1,2023-08-22,12,19,12.217315060807561,17.115527668040496,18
rolling/histogram-small,rolling-daily,histogram-small,rolling,split-1,2023-08-22,13,32,37.748214041406229,44.27309389716816,45
rolling/histogram-small,rolling-daily,histogram-small,rolling,split-1,2023-08-22,21,49,40.112663072563578,49.393995872846091,50
rolling/histogram-small,rolling-daily,histogram-small,rolling,split-1,2023-08-22,35,55,52.544469338573727,61.875720609439647,62
rolling/histogram-small,rolling-daily,histogram-small,rolling,split-1,2023-08-22,82,46,34.538712042609433,34.538712042609433,35
rolling/histogram-small,rolling-daily,histogram-small,rolling,split-1,2023-08-23,11,23,30.564577879284975,33.434399544153692,34
rolling/histogram-small,rolling-daily,histogram-small,rolling,split-1,2023-08-23,12,14,13.051667128545677,15.742355609204774,16
rolling/histogram-small,rolling-daily,histogram-small,rolling,split-1,2023-08-23,13,39,32.416086480435496,36.450668347497754,37
rolling/histogram-small,rolling-daily,histogram-small,rolling,split-1,2023-08-23,21,46,33.867529378799382,40.278113278972782,41
rolling/histogram-small,rolling-daily,histogram-small,rolling,split-1,2023-08-23,35,51,54.49727908212035,62.362464216589842,63
rolling/histogram-small,rolling-daily,histogram-small,rolling,split-1,2023-08-23,82,33,32.674865519733594,33.240142301954599,34
rolling/histogram-small,rolling-daily,histogram-small,rolling,split-1,2023-08-24,11,25,28.886873867973975,34.554919572344033,35
rolling/histogram-small,rolling-daily,histogram-small,rolling,split-1,2023-08-24,12,15,12.541436304794216,14.156358757375228,15
rolling/histogram-small,rolling-daily,histogram-small,rolling,split-1,2023-08-24,13,27,32.327706115921082,37.820839506096405,38
rolling/histogram-small,rolling-daily,histogram-small,rolling,split-1,2023-08-24,21,53,38.841116955719734,42.967740202948242,43
rolling/histogram-small,rolling-daily,histogram-small,rolling,split-1,2023-08-24,35,49,54.406019033416619,61.138921558167489,62
rolling/histogram-small,rolling-daily,histogram-small,rolling,split-1,2023-08-24,82,32,35.339671126057475,35.339671126057475,36
rolling/histogram-small,rolling-daily,histogram-small,rolling,split-1,2023-08-25,11,28,29.921879412902754,34.978801862965362,35
rolling/histogram-small,rolling-daily,histogram-small,rolling,split-1,2023-08-25,12,14,13.274890739325462,17.78238894527032,18
rolling/histogram-small,rolling-daily,histogram-small,rolling,split-1,2023-08-25,13,25,32.958843682613654,37.437107370750908,38
rolling/histogram-small,rolling-daily,histogram-small,rolling,split-1,2023-08-25,21,41,38.996624020079572,42.402566951181491,43
rolling/histogram-small,rolling-daily,histogram-small,rolling,split-1,2023-08-25,35,41,54.555385221689157,61.853159233852082,62
rolling/histogram-small,rolling-daily,histogram-small,rolling,split-1,2023-08-25,82,36,32.64338514685047,32.64338514685047,33
rolling/histogram-small,rolling-daily,histogram-small,rolling,split-1,2023-08-26,11,26,33.907822854181333,37.340673552087914,38
rolling/histogram-small,rolling-daily,histogram-small,rolling,split-1,2023-08-26,12,15,14.359660137640986,16.122554330801989,17
rolling/histogram-small,rolling-daily,histogram-small,rolling,split-1,2023-08-26,13,24,35.104327731812234,37.712064647019588,38
rolling/histogram-small,rolling-daily,histogram-small,rolling,split-1,2023-08-26,21,38,40.29399257121667,43.130061570827131,44
rolling/histogram-small,rolling-daily,histogram-small,rolling,split-1,2023-08-26,35,32,55.273023445924188,60.890657179893246,61
rolling/histogram-small,rolling-daily,histogram-small,rolling,split-1,2023-08-26,82,32,35.315920307972036,35.315920307972036,36
rolling/histogram-small,rolling-daily,histogram-small,rolling,split-1,2023-08-27,11,23,33.204208408814154,36.137083099414447,37
rolling/histogram-small,rolling-daily,histogram-small,rolling,split-1,2023-08-27,12,7,14.266673817495708,19.125330669453902,20
rolling/histogram-small,rolling-daily,histogram-small,rolling,split-1,2023-08-27,13,49,35.923886065467364,39.117026944765996,40
rolling/histogram-small,rolling-daily,histogram-small,rolling,split-1,2023-08-27,21,36,40.192118816927241,42.99598072727246,43
rolling/histogram-small,rolling-daily,histogram-small,rolling,split-1,2023-08-27,35,43,56.029697823231494,60.95360178752636,61
rolling/histogram-small,rolling-daily,histogram-small,rolling,split-1,2023-08-27,82,38,36.363844554171571,38.000237003422882,39
rolling/histogram-small,rolling-daily,histogram-small,rolling,split-1,2023-08-28,11,45,41.780580312776458,48.288475714824742,49
rolling/histogram-small,rolling-daily,histogram-small,rolling,split-1,2023-08-28,12,21,18.90966458204927,20.58907827992806,21
rolling/histogram-small,rolling-daily,histogram-small,rolling,split-1,2023-08-28,13,62,45.178056385330926,50.341588236896982,51
rolling/histogram-small,rolling-daily,histogram-small,rolling,split-1,2023-08-28,21,56,48.644032276305751,56.410290343264876,57
rolling/histogram-small,rolling-daily,histogram-small,rolling,split-1,2023-08-28,35,60,61.840791072708342,67.765638453980515,68
rolling/histogram-small,rolling-daily,histogram-small,rolling,split-1,2023-08-28,82,45,43.783320597643716,49.247445199188817,50
rolling/histogram-small,rolling-daily,histogram-small,rolling,split-1,2023-08-29,11,26,30.089904053833315,32.351703672561428,33
rolling/histogram-small,rolling-daily,histogram-small,rolling,split-1,2023-08-29,12,8,14.620461274126363,16.699008706855068,17
rolling/histogram-small,rolling-daily,histogram-small,rolling,split-1,2023-08-29,13,30,37.886419624545297,44.811104573755358,45
rolling/histogram-small,rolling-daily,histogram-small,rolling,split-1,2023-08-29,21,49,41.139181172622344,46.622359441152014,47
rolling/histogram-small,rolling-daily,histogram-small,rolling,split-1,2023-08-29,35,57,54.560450590885544,57.908932778824152,58
rolling/histogram-small,rolling-daily,histogram-small,rolling,split-1,2023-08-29,82,33,35.626398112521656,35.808301989814979,36
rolling/histogram-small,rolling-daily,histogram-small,rolling,split-1,2023-08-30,11,30,25.993755179124214,29.040743426942388,30
rolling/histogram-small,rolling-daily,histogram-small,rolling,split-1,2023-08-30,12,13,11.694017531916678,13.436087111410547,14
rolling/histogram-small,rolling-daily,histogram-small,rolling,split-1,2023-08-30,13,37,34.631095162201404,39.366799546492544,40
rolling/histogram-small,rolling-daily,histogram-small,rolling,split-1,2023-08-30,21,39,40.729255089439128,41.436672928048772,42
rolling/histogram-small,rolling-daily,histogram-small,rolling,split-1,2023-08-30,35,57,56.495189306099022,57.958880892238881,58
rolling/histogram-small,rolling-daily,histogram-small,rolling,split-1,2023-08-30,82,30,34.326419272344445,34.326419272344445,35
rolling/histogram-small,rolling-daily,histogram-small,rolling,split-1,2023-08-31,11,39,26.258549377990569,29.927280651682878,30
rolling/histogram-small,rolling-daily,histogram-small,rolling,split-1,2023-08-31,12,11,11.630255181492327,11.630255181492327,12
rolling/histogram-small,rolling-daily,histogram-small,rolling,split-1,2023-08-31,13,32,31.914602131000663,37.500189695943376,38
rolling/histogram-small,rolling-daily,histogram-small,rolling,split-1,2023-08-31,21,31,40.997799778226828,47.156680880307903,48
rolling/histogram-small,rolling-daily,histogram-small,rolling,split-1,2023-08-31,35,45,56.418467197860018,57.797127599973628,58
rolling/histogram-small,rolling-daily,histogram-small,rolling,split-1,2023-08-31,82,38,34.665168780689406,34.665168780689406,35
custom/custom-weekly-daily,custom-weekly-daily,custom-final,custom,split-2,2023-09-01,11,35,29.328587939287576,33.52734482822197,34
custom/custom-weekly-daily,custom-weekly-daily,custom-final,custom,split-2,2023-09-01,12,11,11.464286871603797,12.408356112613085,13
custom/custom-weekly-daily,custom-weekly-daily,custom-final,custom,split-2,2023-09-01,13,31,29.747437642271525,34.351943468287658,35
custom/custom-weekly-daily,custom-weekly-daily,custom-final,custom,split-2,2023-09-01,21,39,36.749241125631443,41.349119946554964,42
custom/custom-weekly-daily,custom-weekly-daily,custom-final,custom,split-2,2023-09-01,35,57,49.295574884101512,56.092214559680542,57
custom/custom-weekly-daily,custom-weekly-daily,custom-final,custom,split-2,2023-09-01,82,55,32.758370697772442,37.052569783381657,38
custom/custom-weekly-daily,custom-weekly-daily,custom-final,custom,split-2,2023-09-02,11,17,30.255852118919087,35.172474848386038,36
custom/custom-weekly-daily,custom-weekly-daily,custom-final,custom,split-2,2023-09-02,12,8,11.287919757705179,11.840378400126763,12
custom/custom-weekly-daily,custom-weekly-daily,custom-final,custom,split-2,2023-09-02,13,22,30.574813313777618,35.43531705814361,36
custom/custom-weekly-daily,custom-weekly-daily,custom-final,custom,split-2,2023-09-02,21,29,36.836029870549581,42.740546685383272,43
custom/custom-weekly-daily,custom-weekly-daily,custom-final,custom,split-2,2023-09-02,35,47,53.094373806662773,59.349913458978129,60
custom/custom-weekly-daily,custom-weekly-daily,custom-final,custom,split-2,2023-09-02,82,30,36.846582661530547,42.399525527932703,43
custom/custom-weekly-daily,custom-weekly-daily,custom-final,custom,split-2,2023-09-03,11,5,28.776133159395588,33.781272342163035,34
custom/custom-weekly-daily,custom-weekly-daily,custom-final,custom,split-2,2023-09-03,12,7,11.062246282215371,11.973131759841559,12
custom/custom-weekly-daily,custom-weekly-daily,custom-final,custom,split-2,2023-09-03,13,19,31.280966971910672,37.541880668741754,38
custom/custom-weekly-daily,custom-weekly-daily,custom-final,custom,split-2,2023-09-03,21,16,36.296424236122526,41.765372023758985,42
custom/custom-weekly-daily,custom-weekly-daily,custom-final,custom,split-2,2023-09-03,35,32,51.881610923595289,61.261582454779607,62
custom/custom-weekly-daily,custom-weekly-daily,custom-final,custom,split-2,2023-09-03,82,14,34.208481344627145,40.523986258199272,41
custom/custom-weekly-daily,custom-weekly-daily,custom-final,custom,split-2,2023-09-04,11,60,40.145204425363033,47.064592929965812,48
custom/custom-weekly-daily,custom-weekly-daily,custom-final,custom,split-2,2023-09-04,12,29,15.391912237458666,18.362198199038154,19
custom/custom-weekly-daily,custom-weekly-daily,custom-final,custom,split-2,2023-09-04,13,54,42.065923752653724,48.83870580429631,49
custom/custom-weekly-daily,custom-weekly-daily,custom-final,custom,split-2,2023-09-04,21,63,49.204950584789607,55.859482569959233,56
custom/custom-weekly-daily,custom-weekly-daily,custom-final,custom,split-2,2023-09-04,35,82,64.481843181612618,73.766130303406712,74
custom/custom-weekly-daily,custom-weekly-daily,custom-final,custom,split-2,2023-09-04,82,46,42.728414256432018,49.741213890137956,50
custom/custom-weekly-daily,custom-weekly-daily,custom-final,custom,split-2,2023-09-05,11,30,31.158470976819157,39.174165511324318,40
custom/custom-weekly-daily,custom-weekly-daily,custom-final,custom,split-2,2023-09-05,12,15,13.273092503663065,15.573459028407255,16
custom/custom-weekly-daily,custom-weekly-daily,custom-final,custom,split-2,2023-09-05,13,28,31.858888202002326,38.67330704474351,39
custom/custom-weekly-daily,custom-weekly-daily,custom-final,custom,split-2,2023-09-05,21,31,39.84201201042363,45.573122965571784,46
custom/custom-weekly-daily,custom-weekly-daily,custom-final,custom,split-2,2023-09-05,35,45,56.259772575044053,66.285461677861207,67
custom/custom-weekly-daily,custom-weekly-daily,custom-final,custom,split-2,2023-09-05,82,30,32.692618615745474,38.662354060544409,39
custom/custom-weekly-daily,custom-weekly-daily,custom-final,custom,split-2,2023-09-06,11,17,28.096401218723422,34.430693310123559,35
custom/custom-weekly-daily,custom-weekly-daily,custom-final,custom,split-2,2023-09-06,12,8,11.921993634978197,13.567108019151528,14
custom/custom-weekly-daily,custom-weekly-daily,custom-final,custom,split-2,2023-09-06,13,19,27.749215482975458,32.42833377123231,33
custom/custom-weekly-daily,custom-weekly-daily,custom-final,custom,split-2,2023-09-06,21,22,31.625172896320649,35.164958153185026,36
custom/custom-weekly-daily,custom-weekly-daily,custom-final,custom,split-2,2023-09-06,35,44,49.260498571422609,55.610868879944206,56
custom/custom-weekly-daily,custom-weekly-daily,custom-final,custom,split-2,2023-09-06,82,20,28.33868492182226,33.399395991663312,34
custom/custom-weekly-daily,custom-weekly-daily,custom-final,custom,split-2,2023-09-07,11,25,26.474275332004598,31.039960793031899,32
custom/custom-weekly-daily,custom-weekly-daily,custom-final,custom,split-2,2023-09-07,12,15,10.579415627251819,11.658815519489245,12
custom/custom-weekly-daily,custom-weekly-daily,custom-final,custom,split-2,2023-09-07,13,20,25.338928649692559,29.362962439798686,30
custom/custom-weekly-daily,custom-weekly-daily,custom-final,custom,split-2,2023-09-07,21,30,30.407711926916761,34.646842552499749,35
custom/custom-weekly-daily,custom-weekly-daily,custom-final,custom,split-2,2023-09-07,35,31,48.756573290006571,54.883985345716056,55
custom/custom-weekly-daily,custom-weekly-daily,custom-final,custom,split-2,2023-09-07,82,25,28.908577765712984,33.103407894637883,34
custom/custom-weekly-daily,custom-weekly-daily,custom-final,custom,split-2,2023-09-08,11,24,23.043269713312341,28.414730995298399,29
custom/custom-weekly-daily,custom-weekly-daily,custom-final,custom,split-2,2023-09-08,12,11,11.935717945283695,13.512488933703589,14
custom/custom-weekly-daily,custom-weekly-daily,custom-final,custom,split-2,2023-09-08,13,22,23.456103689394325,27.364610838948721,28
custom/custom-weekly-daily,custom-weekly-daily,custom-final,custom,split-2,2023-09-08,21,45,32.304073044714677,35.101173023915521,36
custom/custom-weekly-daily,custom-weekly-daily,custom-final,custom,split-2,2023-09-08,35,45,49.216693445858255,55.920432896691572,56
custom/custom-weekly-daily,custom-weekly-daily,custom-final,custom,split-2,2023-09-08,82,24,30.841939678145859,34.287162778794581,35
custom/custom-weekly-daily,custom-weekly-daily,custom-final,custom,split-2,2023-09-09,11,40,22.088715050783971,26.5168594651756,27
custom/custom-weekly-daily,custom-weekly-daily,custom-final,custom,split-2,2023-09-09,12,9,11.294415798087606,12.517243364012726,13
custom/custom-weekly-daily,custom-weekly-daily,custom-final,custom,split-2,2023-09-09,13,15,22.17124937975451,27.326600226350386,28
custom/custom-weekly-daily,custom-weekly-daily,custom-final,custom,split-2,2023-09-09,21,19,32.783304207344507,37.442351440586826,38
custom/custom-weekly-daily,custom-weekly-daily,custom-final,custom,split-2,2023-09-09,35,32,47.883814451382079,53.758824028280685,54
custom/custom-weekly-daily,custom-weekly-daily,custom-final,custom,split-2,2023-09-09,82,20,26.951933329517015,30.098690762289614,31
custom/custom-weekly-daily,custom-weekly-daily,custom-final,custom,split-2,2023-09-10,11,15,27.24385033642697,33.587253451586001,34
custom/custom-weekly-daily,custom-weekly-daily,custom-final,custom,split-2,2023-09-10,12,6,11.256120402604857,12.79140803937872,13
custom/custom-weekly-daily,custom-weekly-daily,custom-final,custom,split-2,2023-09-10,13,27,22.584052730615689,28.164033607495529,29
custom/custom-weekly-daily,custom-weekly-daily,custom-final,custom,split-2,2023-09-10,21,30,30.607152224276078,35.18766731908012,36
custom/custom-weekly-daily,custom-weekly-daily,custom-final,custom,split-2,2023-09-10,35,29,47.417963707180853,54.127679412828385,55
custom/custom-weekly-daily,custom-weekly-daily,custom-final,custom,split-2,2023-09-10,82,18,24.42887023007971,28.363394659879798,29
custom/custom-weekly-daily,custom-weekly-daily,custom-final,custom,split-2,2023-09-11,11,14,40.311468691223837,47.933428052741895,48
custom/custom-weekly-daily,custom-weekly-daily,custom-final,custom,split-2,2023-09-11,12,13,15.541070070257845,18.777148690569369,19
custom/custom-weekly-daily,custom-weekly-daily,custom-final,custom,split-2,2023-09-11,13,18,39.33632067031845,45.507506128272752,46
custom/custom-weekly-daily,custom-weekly-daily,custom-final,custom,split-2,2023-09-11,21,23,46.950127961598184,52.754233494829471,53
custom/custom-weekly-daily,custom-weekly-daily,custom-final,custom,split-2,2023-09-11,35,25,61.916434767351397,68.599007345706198,69
custom/custom-weekly-daily,custom-weekly-daily,custom-final,custom,split-2,2023-09-11,82,8,39.491010248973978,45.102595100055574,46
custom/custom-weekly-daily,custom-weekly-daily,custom-final,custom,split-2,2023-09-12,11,13,21.810171801176907,26.706894830002746,27
custom/custom-weekly-daily,custom-weekly-daily,custom-final,custom,split-2,2023-09-12,12,13,11.352614650278831,12.651434200503655,13
custom/custom-weekly-daily,custom-weekly-daily,custom-final,custom,split-2,2023-09-12,13,13,22.687231727238281,25.934980928738668,26
custom/custom-weekly-daily,custom-weekly-daily,custom-final,custom,split-2,2023-09-12,21,10,30.981446185489581,35.352137002471679,36
custom/custom-weekly-daily,custom-weekly-daily,custom-final,custom,split-2,2023-09-12,35,28,43.812715301660454,48.703326913002023,49
custom/custom-weekly-daily,custom-weekly-daily,custom-final,custom,split-2,2023-09-12,82,6,21.550275024939438,24.651348629211967,25
custom/custom-weekly-daily,custom-weekly-daily,custom-final,custom,split-2,2023-09-13,11,34,19.122699453238187,23.086725406343042,24
custom/custom-weekly-daily,custom-weekly-daily,custom-final,custom,split-2,2023-09-13,12,10,10.986195488489873,11.759904248484453,12
custom/custom-weekly-daily,custom-weekly-daily,custom-final,custom,split-2,2023-09-13,13,45,19.873708328288952,23.25124641675216,24
custom/custom-weekly-daily,custom-weekly-daily,custom-final,custom,split-2,2023-09-13,21,38,25.668372260097421,30.314797370121379,31
custom/custom-weekly-daily,custom-weekly-daily,custom-final,custom,split-2,2023-09-13,35,65,40.367800861612878,43.841483703389152,44
custom/custom-weekly-daily,custom-weekly-daily,custom-final,custom,split-2,2023-09-13,82,26,18.797299586407075,22.188507920498587,23
custom/custom-weekly-daily,custom-weekly-daily,custom-final,custom,split-2,2023-09-14,11,12,22.874112881420849,28.14618159688013,29
custom/custom-weekly-daily,custom-weekly-daily,custom-final,custom,split-2,2023-09-14,12,14,10.311907752925478,11.582074575596639,12
custom/custom-weekly-daily,custom-weekly-daily,custom-final,custom,split-2,2023-09-14,13,21,20.792647166829752,26.814754537532135,27
custom/custom-weekly-daily,custom-weekly-daily,custom-final,custom,split-2,2023-09-14,21,20,29.278455124271169,34.56336965162329,35
custom/custom-weekly-daily,custom-weekly-daily,custom-final,custom,split-2,2023-09-14,35,33,43.166986245014783,50.092944757324702,51
custom/custom-weekly-daily,custom-weekly-daily,custom-final,custom,split-2,2023-09-14,82,13,21.423846890452147,25.318833154356803,26
custom/custom-weekly-daily,custom-weekly-daily,custom-final,custom,split-2,2023-09-15,11,11,17.767783491235448,22.366363873598729,23
custom/custom-weekly-daily,custom-weekly-daily,custom-final,custom,split-2,2023-09-15,12,16,11.317985130137288,12.347774484558986,13
custom/custom-weekly-daily,custom-weekly-daily,custom-final,custom,split-2,2023-09-15,13,19,20.402228636323549,24.36593262611067,25
custom/custom-weekly-daily,custom-weekly-daily,custom-final,custom,split-2,2023-09-15,21,14,25.443168187737413,29.954578788176399,30
custom/custom-weekly-daily,custom-weekly-daily,custom-final,custom,split-2,2023-09-15,35,42,42.030328319562614,45.872679255381556,46
custom/custom-weekly-daily,custom-weekly-daily,custom-final,custom,split-2,2023-09-15,82,11,19.081848245788613,21.756951504743302,22
custom/custom-weekly-daily,custom-weekly-daily,custom-final,custom,split-2,2023-09-16,11,10,17.901453894358674,22.306114380403258,23
custom/custom-weekly-daily,custom-weekly-daily,custom-final,custom,split-2,2023-09-16,12,9,12.357821040061237,13.919524228795963,14
custom/custom-weekly-daily,custom-weekly-daily,custom-final,custom,split-2,2023-09-16,13,32,19.172187047167871,23.282465569290391,24
custom/custom-weekly-daily,custom-weekly-daily,custom-final,custom,split-2,2023-09-16,21,28,22.135057214662744,28.471293450734954,29
custom/custom-weekly-daily,custom-weekly-daily,custom-final,custom,split-2,2023-09-16,35,34,41.619027708805291,45.228376030100733,46
custom/custom-weekly-daily,custom-weekly-daily,custom-final,custom,split-2,2023-09-16,82,12,18.289935635603346,20.140152914273408,21
custom/custom-weekly-daily,custom-weekly-daily,custom-final,custom,split-2,2023-09-17,11,12,15.763224032970712,20.549598692906159,21
custom/custom-weekly-daily,custom-weekly-daily,custom-final,custom,split-2,2023-09-17,12,6,11.38485457645749,13.060078466378267,14
custom/custom-weekly-daily,custom-weekly-daily,custom-final,custom,split-2,2023-09-17,13,17,22.803868526177148,29.074216359586405,30
custom/custom-weekly-daily,custom-weekly-daily,custom-final,custom,split-2,2023-09-17,21,17,25.116614886147897,29.012365359981516,30
custom/custom-weekly-daily,custom-weekly-daily,custom-final,custom,split-2,2023-09-17,35,33,41.478929509946923,47.038086280905873,48
custom/custom-weekly-daily,custom-weekly-daily,custom-final,custom,split-2,2023-09-17,82,12,16.612056888784458,20.105170977633421,21
custom/custom-weekly-daily,custom-weekly-daily,custom-final,custom,split-2,2023-09-18,11,10,24.425533845857657,31.191621072899988,32
custom/custom-weekly-daily,custom-weekly-daily,custom-final,custom,split-2,2023-09-18,12,13,14.937517533371587,18.06669673192425,19
custom/custom-weekly-daily,custom-weekly-daily,custom-final,custom,split-2,2023-09-18,13,19,32.497305191825539,40.018051843545337,41
custom/custom-weekly-daily,custom-weekly-daily,custom-final,custom,split-2,2023-09-18,21,37,35.516752379700328,44.73534812267755,45
custom/custom-weekly-daily,custom-weekly-daily,custom-final,custom,split-2,2023-09-18,35,46,54.59572074910303,59.900584953698377,60
custom/custom-weekly-daily,custom-weekly-daily,custom-final,custom,split-2,2023-09-18,82,8,24.757209054054602,28.687347995614466,29
custom/custom-weekly-daily,custom-weekly-daily,custom-final,custom,split-2,2023-09-19,11,11,14.458146462810289,18.652759832000068,19
custom/custom-weekly-daily,custom-weekly-daily,custom-final,custom,split-2,2023-09-19,12,12,11.801181960481017,13.512355832751634,14
custom/custom-weekly-daily,custom-weekly-daily,custom-final,custom,split-2,2023-09-19,13,15,19.986611634945767,24.63495650611841,25
custom/custom-weekly-daily,custom-weekly-daily,custom-final,custom,split-2,2023-09-19,21,25,27.010861226151302,31.393352299240519,32
custom/custom-weekly-daily,custom-weekly-daily,custom-final,custom,split-2,2023-09-19,35,31,43.27769785685642,47.953871891472986,48
custom/custom-weekly-daily,custom-weekly-daily,custom-final,custom,split-2,2023-09-19,82,12,15.274312634791928,17.00257521758747,18
custom/custom-weekly-daily,custom-weekly-daily,custom-final,custom,split-2,2023-09-20,11,10,13.979394889675525,16.908566299954142,17
custom/custom-weekly-daily,custom-weekly-daily,custom-final,custom,split-2,2023-09-20,12,11,10.660021628566696,11.943443728237369,12
custom/custom-weekly-daily,custom-weekly-daily,custom-final,custom,split-2,2023-09-20,13,21,19.871787108543302,24.25753504786293,25
custom/custom-weekly-daily,custom-weekly-daily,custom-final,custom,split-2,2023-09-20,21,14,23.214058245271559,28.349369515650995,29
custom/custom-weekly-daily,custom-weekly-daily,custom-final,custom,split-2,2023-09-20,35,23,40.912195142996794,44.606508459394057,45
custom/custom-weekly-daily,custom-weekly-daily,custom-final,custom,split-2,2023-09-20,82,12,14.352549107563377,15.599795960449686,16
custom/custom-weekly-daily,custom-weekly-daily,custom-final,custom,split-2,2023-09-21,11,8,11.715288486932725,14.443000436800368,15
custom/custom-weekly-daily,custom-weekly-daily,custom-final,custom,split-2,2023-09-21,12,6,11.079873293132184,12.33425490048797,13
custom/custom-weekly-daily,custom-weekly-daily,custom-final,custom,split-2,2023-09-21,13,23,17.445131878029468,20.930707463414102,21
custom/custom-weekly-daily,custom-weekly-daily,custom-final,custom,split-2,2023-09-21,21,22,20.836455976225221,25.710475314598529,26
custom/custom-weekly-daily,custom-weekly-daily,custom-final,custom,split-2,2023-09-21,35,25,39.584556732818328,43.1560273888865,44
custom/custom-weekly-daily,custom-weekly-daily,custom-final,custom,split-2,2023-09-21,82,12,14.028322642807609,14.759523667116593,15
custom/custom-weekly-daily,custom-weekly-daily,custom-final,custom,split-2,2023-09-22,11,11,11.816017199024113,14.866208896763712,15
custom/custom-weekly-daily,custom-weekly-daily,custom-final,custom,split-2,2023-09-22,12,8,10.237250002280749,11.372468403965962,12
custom/custom-weekly-daily,custom-weekly-daily,custom-final,custom,split-2,2023-09-22,13,20,19.39447133130944,23.894760536679268,24
custom/custom-weekly-daily,custom-weekly-daily,custom-final,custom,split-2,2023-09-22,21,13,21.756473441269691,26.939884377798471,27
custom/custom-weekly-daily,custom-weekly-daily,custom-final,custom,split-2,2023-09-22,35,40,40.778996953873587,44.002511705994252,45
custom/custom-weekly-daily,custom-weekly-daily,custom-final,custom,split-2,2023-09-22,82,11,14.287180624697086,14.470483540202046,15
custom/custom-weekly-daily,custom-weekly-daily,custom-final,custom,split-2,2023-09-23,11,12,12.021838822302332,15.009647004410768,16
custom/custom-weekly-daily,custom-weekly-daily,custom-final,custom,split-2,2023-09-23,12,14,8.5636040073415458,10.188329058800354,11
custom/custom-weekly-daily,custom-weekly-daily,custom-final,custom,split-2,2023-09-23,13,17,20.104849624561336,23.950859798686174,24
custom/custom-weekly-daily,custom-weekly-daily,custom-final,custom,split-2,2023-09-23,21,22,20.231653032059455,25.551514618065056,26
custom/custom-weekly-daily,custom-weekly-daily,custom-final,custom,split-2,2023-09-23,35,39,40.073565980037912,43.832837146078091,44
custom/custom-weekly-daily,custom-weekly-daily,custom-final,custom,split-2,2023-09-23,82,11,14.010822334668255,14.549567901114052,15
custom/custom-weekly-daily,custom-weekly-daily,custom-final,custom,split-2,2023-09-24,11,11,11.439512607915347,14.498580747368386,15
custom/custom-weekly-daily,custom-weekly-daily,custom-final,custom,split-2,2023-09-24,12,5,11.048366742168692,12.856949949646538,13
custom/custom-weekly-daily,custom-weekly-daily,custom-final,custom,split-2,2023-09-24,13,21,18.408517158057741,23.016790484532677,24
custom/custom-weekly-daily,custom-weekly-daily,custom-final,custom,split-2,2023-09-24,21,26,20.837140228824794,25.71441884414013,26
custom/custom-weekly-daily,custom-weekly-daily,custom-final,custom,split-2,2023-09-24,35,25,41.333049888411708,46.560987041998814,47
custom/custom-weekly-daily,custom-weekly-daily,custom-final,custom,split-2,2023-09-24,82,12,13.735111224440487,14.587885733260759,15
custom/custom-weekly-daily,custom-weekly-daily,custom-final,custom,split-2,2023-09-25,11,15,16.020896069677125,18.959268454999712,19
custom/custom-weekly-daily,custom-weekly-daily,custom-final,custom,split-2,2023-09-25,12,20,12.856095675162605,14.83672611756276,15
custom/custom-weekly-daily,custom-weekly-daily,custom-final,custom,split-2,2023-09-25,13,37,28.233799244924953,34.258050770346472,35
custom/custom-weekly-daily,custom-weekly-daily,custom-final,custom,split-2,2023-09-25,21,36,34.704192644527566,41.439381101006013,42
custom/custom-weekly-daily,custom-weekly-daily,custom-final,custom,split-2,2023-09-25,35,47,50.867696829466382,55.827741196307763,56
custom/custom-weekly-daily,custom-weekly-daily,custom-final,custom,split-2,2023-09-25,82,18,16.462916492746857,17.834065046860758,18
custom/custom-weekly-daily,custom-weekly-daily,custom-final,custom,split-2,2023-09-26,11,15,12.556375213839516,14.779273726560147,15
custom/custom-weekly-daily,custom-weekly-daily,custom-final,custom,split-2,2023-09-26,12,12,11.794268743288235,14.062723069778714,15
custom/custom-weekly-daily,custom-weekly-daily,custom-final,custom,split-2,2023-09-26,13,21,22.790125628611257,28.12681037299863,29
custom/custom-weekly-daily,custom-weekly-daily,custom-final,custom,split-2,2023-09-26,21,26,25.242234143796445,29.736191965673378,30
custom/custom-weekly-daily,custom-weekly-daily,custom-final,custom,split-2,2023-09-26,35,23,41.572622311612534,44.934017103632641,45
custom/custom-weekly-daily,custom-weekly-daily,custom-final,custom,split-2,2023-09-26,82,12,13.932506588098001,14.609904396111597,15
custom/custom-weekly-daily,custom-weekly-daily,custom-final,custom,split-2,2023-09-27,11,13,12.686230935093915,15.039718375874816,16
custom/custom-weekly-daily,custom-weekly-daily,custom-final,custom,split-2,2023-09-27,12,4,10.627083178339831,11.897160564543178,12
custom/custom-weekly-daily,custom-weekly-daily,custom-final,custom,split-2,2023-09-27,13,12,21.675087714292708,26.297604601699163,27
custom/custom-weekly-daily,custom-weekly-daily,custom-final,custom,split-2,2023-09-27,21,17,24.177940545584587,27.625595839860118,28
custom/custom-weekly-daily,custom-weekly-daily,custom-final,custom,split-2,2023-09-27,35,22,38.382147969714154,42.271397554255387,43
custom/custom-weekly-daily,custom-weekly-daily,custom-final,custom,split-2,2023-09-27,82,11,13.228437585736494,13.549095436285498,14
custom/custom-weekly-daily,custom-weekly-daily,custom-final,custom,split-2,2023-09-28,11,11,12.357595636147968,14.526214977730927,15
custom/custom-weekly-daily,custom-weekly-daily,custom-final,custom,split-2,2023-09-28,12,4,8.4177411510164291,9.8154629273125114,10
custom/custom-weekly-daily,custom-weekly-daily,custom-final,custom,split-2,2023-09-28,13,14,18.215000875641547,22.457332823525338,23
custom/custom-weekly-daily,custom-weekly-daily,custom-final,custom,split-2,2023-09-28,21,10,21.66755049851384,25.735361287709431,26
custom/custom-weekly-daily,custom-weekly-daily,custom-final,custom,split-2,2023-09-28,35,23,37.026609926379514,40.790497515198176,41
custom/custom-weekly-daily,custom-weekly-daily,custom-final,custom,split-2,2023-09-28,82,7,12.786860903381491,12.909984490059301,13
custom/custom-weekly-daily,custom-weekly-daily,custom-final,custom,split-2,2023-09-29,11,12,12.256417369572617,14.394624578711831,15
custom/custom-weekly-daily,custom-weekly-daily,custom-final,custom,split-2,2023-09-29,12,6,7.8307348873851588,9.43010533332831,10
custom/custom-weekly-daily,custom-weekly-daily,custom-final,custom,split-2,2023-09-29,13,14,17.93474337070818,22.186336852874295,23
custom/custom-weekly-daily,custom-weekly-daily,custom-final,custom,split-2,2023-09-29,21,12,21.793366460432189,25.918853967888261,26
custom/custom-weekly-daily,custom-weekly-daily,custom-final,custom,split-2,2023-09-29,35,28,36.742486434669388,41.089219339413077,42
custom/custom-weekly-daily,custom-weekly-daily,custom-final,custom,split-2,2023-09-29,82,11,12.273940120713691,12.747693739699383,13
custom/custom-weekly-daily,custom-weekly-daily,custom-final,custom,split-2,2023-09-30,11,18,12.181338116862882,14.175000646580802,15
custom/custom-weekly-daily,custom-weekly-daily,custom-final,custom,split-2,2023-09-30,12,9,7.5274702259739188,9.2009022552199511,10
custom/custom-weekly-daily,custom-weekly-daily,custom-final,custom,split-2,2023-09-30,13,21,17.281199026348339,22.161491284570268,23
custom/custom-weekly-daily,custom-weekly-daily,custom-final,custom,split-2,2023-09-30,21,17,20.394940735840301,24.620493413886109,25
custom/custom-weekly-daily,custom-weekly-daily,custom-final,custom,split-2,2023-09-30,35,36,35.024112799794992,39.44625333599582,40
custom/custom-weekly-daily,custom-weekly-daily,custom-final,custom,split-2,2023-09-30,82,20,12.997090704064728,13.611723311741855,14
custom/custom-weekly-daily,custom-weekly-daily,custom-final,custom,split-2,2023-10-01,11,32,14.123312956334797,18.456451930810971,19
custom/custom-weekly-daily,custom-weekly-daily,custom-final,custom,split-2,2023-10-01,12,14,8.0468481140679859,10.019197090458579,11
custom/custom-weekly-daily,custom-weekly-daily,custom-final,custom,split-2,2023-10-01,13,24,20.537343767005869,27.113805344582211,28
custom/custom-weekly-daily,custom-weekly-daily,custom-final,custom,split-2,2023-10-01,21,35,20.90602337483503,25.015087316358485,26
custom/custom-weekly-daily,custom-weekly-daily,custom-final,custom,split-2,2023-10-01,35,48,38.240356266446383,43.482800704326365,44
custom/custom-weekly-daily,custom-weekly-daily,custom-final,custom,split-2,2023-10-01,82,32,13.895517980072928,16.258894488913306,17
custom/custom-weekly-daily,custom-weekly-daily,custom-final,custom,split-2,2023-10-02,11,31,22.516439077660102,27.995977877756246,28
custom/custom-weekly-daily,custom-weekly-daily,custom-final,custom,split-2,2023-10-02,12,19,13.803568775328863,15.796069018577313,16
custom/custom-weekly-daily,custom-weekly-daily,custom-final,custom,split-2,2023-10-02,13,53,31.060040991910601,38.487418415430255,39
custom/custom-weekly-daily,custom-weekly-daily,custom-final,custom,split-2,2023-10-02,21,43,35.052853120465855,42.234967645975338,43
custom/custom-weekly-daily,custom-weekly-daily,custom-final,custom,split-2,2023-10-02,35,64,52.62178847581113,58.606235823146214,59
custom/custom-weekly-daily,custom-weekly-daily,custom-final,custom,split-2,2023-10-02,82,32,22.757709608078628,26.192048097977668,27
custom/custom-weekly-daily,custom-weekly-daily,custom-final,custom,split-2,2023-10-03,11,11,18.447347739476243,25.088918736427999,26
custom/custom-weekly-daily,custom-weekly-daily,custom-final,custom,split-2,2023-10-03,12,9,11.958441802200074,14.313169042024017,15
custom/custom-weekly-daily,custom-weekly-daily,custom-final,custom,split-2,2023-10-03,13,13,26.590107597440458,34.216811614383865,35
custom/custom-weekly-daily,custom-weekly-daily,custom-final,custom,split-2,2023-10-03,21,40,26.392772125627296,32.909687459087202,33
custom/custom-weekly-daily,custom-weekly-daily,custom-final,custom,split-2,2023-10-03,35,38,43.464739274137443,49.733494693659409,50
custom/custom-weekly-daily,custom-weekly-daily,custom-final,custom,split-2,2023-10-03,82,29,19.258727632678188,24.563700286657138,25
custom/custom-weekly-daily,custom-weekly-daily,custom-final,custom,split-2,2023-10-04,11,17,15.454234956222031,20.401588674518319,21
custom/custom-weekly-daily,custom-weekly-daily,custom-final,custom,split-2,2023-10-04,12,11,10.262851583347572,12.234879957973174,13
custom/custom-weekly-daily,custom-weekly-daily,custom-final,custom,split-2,2023-10-04,13,27,20.319359147884182,25.469939771648637,26
custom/custom-weekly-daily,custom-weekly-daily,custom-final,custom,split-2,2023-10-04,21,27,27.728116009569135,35.058595608925728,36
custom/custom-weekly-daily,custom-weekly-daily,custom-final,custom,split-2,2023-10-04,35,38,44.692961834990911,50.413617851715998,51
custom/custom-weekly-daily,custom-weekly-daily,custom-final,custom,split-2,2023-10-04,82,25,22.893257908936697,27.894357528877837,28
custom/custom-weekly-daily,custom-weekly-daily,custom-final,custom,split-2,2023-10-05,11,11,17.887805386348393,22.918342260844327,23
custom/custom-weekly-daily,custom-weekly-daily,custom-final,custom,split-2,2023-10-05,12,14,10.68782542149566,12.539960798714986,13
custom/custom-weekly-daily,custom-weekly-daily,custom-final,custom,split-2,2023-10-05,13,25,25.167832523553223,32.338962599308687,33
custom/custom-weekly-daily,custom-weekly-daily,custom-final,custom,split-2,2023-10-05,21,29,29.058063295125201,36.098047496811361,37
custom/custom-weekly-daily,custom-weekly-daily,custom-final,custom,split-2,2023-10-05,35,47,43.956209445125481,49.183455150614471,50
custom/custom-weekly-daily,custom-weekly-daily,custom-final,custom,split-2,2023-10-05,82,23,23.504958321407454,27.876340857772821,28
custom/custom-weekly-daily,custom-weekly-daily,custom-final,custom,split-2,2023-10-06,11,32,16.382651770760653,21.595315851130991,22
custom/custom-weekly-daily,custom-weekly-daily,custom-final,custom,split-2,2023-10-06,12,12,13.675674707773467,15.668069614396957,16
custom/custom-weekly-daily,custom-weekly-daily,custom-final,custom,split-2,2023-10-06,13,37,27.150216657748082,34.59702816780603,35
custom/custom-weekly-daily,custom-weekly-daily,custom-final,custom,split-2,2023-10-06,21,43,32.005274896333965,38.593256808447137,39
custom/custom-weekly-daily,custom-weekly-daily,custom-final,custom,split-2,2023-10-06,35,50,46.764111177448143,54.769343443837258,55
custom/custom-weekly-daily,custom-weekly-daily,custom-final,custom,split-2,2023-10-06,82,23,24.706656748585292,28.644161403506327,29
custom/custom-weekly-daily,custom-weekly-daily,custom-final,custom,split-2,2023-10-07,11,13,23.128277151691442,29.672414184465882,30
custom/custom-weekly-daily,custom-weekly-daily,custom-final,custom,split-2,2023-10-07,12,7,12.885936712116598,15.325923988813143,16
custom/custom-weekly-daily,custom-weekly-daily,custom-final,custom,split-2,2023-10-07,13,30,29.969579001411496,37.794364586659086,38
custom/custom-weekly-daily,custom-weekly-daily,custom-final,custom,split-2,2023-10-07,21,9,34.877090393550091,41.880581308295959,42
custom/custom-weekly-daily,custom-weekly-daily,custom-final,custom,split-2,2023-10-07,35,41,48.208721966649861,55.635945031602716,56
custom/custom-weekly-daily,custom-weekly-daily,custom-final,custom,split-2,2023-10-07,82,21,25.115716670730617,29.209784192639574,30
custom/custom-weekly-daily,custom-weekly-daily,custom-final,custom,split-2,2023-10-08,11,20,18.648238623182735,24.656715223967961,25
custom/custom-weekly-daily,custom-weekly-daily,custom-final,custom,split-2,2023-10-08,12,10,11.061050904032014,13.839775569979173,14
custom/custom-weekly-daily,custom-weekly-daily,custom-final,custom,split-2,2023-10-08,13,24,29.675882795095873,37.408727880584451,38
custom/custom-weekly-daily,custom-weekly-daily,custom-final,custom,split-2,2023-10-08,21,34,31.644935360452671,39.434475914125784,40
custom/custom-weekly-daily,custom-weekly-daily,custom-final,custom,split-2,2023-10-08,35,37,46.274591575354499,52.918281910250464,53
custom/custom-weekly-daily,custom-weekly-daily,custom-final,custom,split-2,2023-10-08,82,24,24.451826611785581,28.276435404876722,29
custom/custom-weekly-daily,custom-weekly-daily,custom-final,custom,split-2,2023-10-09,11,23,25.39964448195915,32.861807457668291,33
custom/custom-weekly-daily,custom-weekly-daily,custom-final,custom,split-2,2023-10-09,12,15,14.793848927854786,17.415880871263727,18
custom/custom-weekly-daily,custom-weekly-daily,custom-final,custom,split-2,2023-10-09,13,35,38.235756953152709,46.626333203408485,47
custom/custom-weekly-daily,custom-weekly-daily,custom-final,custom,split-2,2023-10-09,21,38,42.987608017227892,52.018227326657964,53
custom/custom-weekly-daily,custom-weekly-daily,custom-final,custom,split-2,2023-10-09,35,44,54.251126564115474,60.801036128127869,61
custom/custom-weekly-daily,custom-weekly-daily,custom-final,custom,split-2,2023-10-09,82,25,30.664070534181363,35.484489798151699,36
custom/custom-weekly-daily,custom-weekly-daily,custom-final,custom,split-2,2023-10-10,11,26,18.282981425357548,24.429457869146518,25
custom/custom-weekly-daily,custom-weekly-daily,custom-final,custom,split-2,2023-10-10,12,12,12.394345213404188,14.280440332169798,15
custom/custom-weekly-daily,custom-weekly-daily,custom-final,custom,split-2,2023-10-10,13,21,27.827125179737443,35.437610822116611,36
custom/custom-weekly-daily,custom-weekly-daily,custom-final,custom,split-2,2023-10-10,21,28,33.040756558059257,40.244650142063627,41
custom/custom-weekly-daily,custom-weekly-daily,custom-final,custom,split-2,2023-10-10,35,36,44.455123314980789,50.052235690291042,51
custom/custom-weekly-daily,custom-weekly-daily,custom-final,custom,split-2,2023-10-10,82,18,24.720296428783755,28.128991015798032,29
custom/custom-weekly-daily,custom-weekly-daily,custom-final,custom,split-2,2023-10-11,11,13,20.813750366744088,26.523708273869214,27
custom/custom-weekly-daily,custom-weekly-daily,custom-final,custom,split-2,2023-10-11,12,15,11.060920192903119,12.52489277149288,13
custom/custom-weekly-daily,custom-weekly-daily,custom-final,custom,split-2,2023-10-11,13,21,26.446972362852037,33.474311964651861,34
custom/custom-weekly-daily,custom-weekly-daily,custom-final,custom,split-2,2023-10-11,21,28,30.386948537350271,37.589039538657147,38
custom/custom-weekly-daily,custom-weekly-daily,custom-final,custom,split-2,2023-10-11,35,30,42.278416645949648,47.577009646768111,48
custom/custom-weekly-daily,custom-weekly-daily,custom-final,custom,split-2,2023-10-11,82,16,21.672240607648614,24.717631659090852,25
custom/custom-weekly-daily,custom-weekly-daily,custom-final,custom,split-2,2023-10-12,11,15,16.469126423644266,22.44242002545284,23
custom/custom-weekly-daily,custom-weekly-daily,custom-final,custom,split-2,2023-10-12,12,12,12.542329689781628,14.275595318057347,15
custom/custom-weekly-daily,custom-weekly-daily,custom-final,custom,split-2,2023-10-12,13,17,24.072552073598835,30.595928252321869,31
custom/custom-weekly-daily,custom-weekly-daily,custom-final,custom,split-2,2023-10-12,21,16,30.040434722071389,36.332092096097192,37
custom/custom-weekly-daily,custom-weekly-daily,custom-final,custom,split-2,2023-10-12,35,28,40.859841105432245,45.518586673812493,46
custom/custom-weekly-daily,custom-weekly-daily,custom-final,custom,split-2,2023-10-12,82,21,19.336703857096147,23.425513422655822,24
custom/custom-weekly-daily,custom-weekly-daily,custom-final,custom,split-2,2023-10-13,11,13,18.233203737618638,23.636029566409302,24
custom/custom-weekly-daily,custom-weekly-daily,custom-final,custom,split-2,2023-10-13,12,14,11.863930470203609,13.526364255743868,14
custom/custom-weekly-daily,custom-weekly-daily,custom-final,custom,split-2,2023-10-13,13,23,23.237367474886657,29.959072830963425,30
custom/custom-weekly-daily,custom-weekly-daily,custom-final,custom,split-2,2023-10-13,21,28,29.491996818195993,37.087648160574354,38
custom/custom-weekly-daily,custom-weekly-daily,custom-final,custom,split-2,2023-10-13,35,37,39.594858370783939,44.680940775442259,45
custom/custom-weekly-daily,custom-weekly-daily,custom-final,custom,split-2,2023-10-13,82,25,21.636265136194261,25.027301656545994,26
custom/custom-weekly-daily,custom-weekly-daily,custom-final,custom,split-2,2023-10-14,11,6,15.794363543025366,21.223305863286974,22
custom/custom-weekly-daily,custom-weekly-daily,custom-final,custom,split-2,2023-10-14,12,2,12.425983943941311,14.375152233748581,15
custom/custom-weekly-daily,custom-weekly-daily,custom-final,custom,split-2,2023-10-14,13,16,22.833487934893768,29.117770122214903,30
custom/custom-weekly-daily,custom-weekly-daily,custom-final,custom,split-2,2023-10-14,21,14,27.155214420256414,33.646600803550776,34
custom/custom-weekly-daily,custom-weekly-daily,custom-final,custom,split-2,2023-10-14,35,26,39.843978851189902,43.424080646425082,44
custom/custom-weekly-daily,custom-weekly-daily,custom-final,custom,split-2,2023-10-14,82,23,22.962513062644188,26.711252748408558,27
custom/custom-weekly-daily,custom-weekly-daily,custom-final,custom,split-2,2023-10-15,11,19,15.292698872642838,20.407720306311926,21
custom/custom-weekly-daily,custom-weekly-daily,custom-final,custom,split-2,2023-10-15,12,9,10.438785730452183,12.523101407724269,13
custom/custom-weekly-daily,custom-weekly-daily,custom-final,custom,split-2,2023-10-15,13,12,19.85171879987065,26.182595794127451,27
custom/custom-weekly-daily,custom-weekly-daily,custom-final,custom,split-2,2023-10-15,21,31,27.842126553774246,34.72605715086393,35
custom/custom-weekly-daily,custom-weekly-daily,custom-final,custom,split-2,2023-10-15,35,27,37.694132279677781,42.48412138702119,43
custom/custom-weekly-daily,custom-weekly-daily,custom-final,custom,split-2,2023-10-15,82,16,22.931521110513987,26.671425608260922,27
custom/custom-weekly-daily,custom-weekly-daily,custom-final,custom,split-2,2023-10-16,11,33,21.754596358999557,27.413184553311936,28
custom/custom-weekly-daily,custom-weekly-daily,custom-final,custom,split-2,2023-10-16,12,14,13.846830614306612,17.146956806336565,18
custom/custom-weekly-daily,custom-weekly-daily,custom-final,custom,split-2,2023-10-16,13,29,28.124855891392571,36.906129857977355,37
custom/custom-weekly-daily,custom-weekly-daily,custom-final,custom,split-2,2023-10-16,21,29,39.311421002439502,48.474918196861097,49
custom/custom-weekly-daily,custom-weekly-daily,custom-final,custom,split-2,2023-10-16,35,48,46.73417693057258,53.036554281668998,54
custom/custom-weekly-daily,custom-weekly-daily,custom-final,custom,split-2,2023-10-16,82,24,26.837697398247851,32.054155027454165,33
custom/custom-weekly-daily,custom-weekly-daily,custom-final,custom,split-2,2023-10-17,11,11,17.447896419419429,23.866138186032678,24
custom/custom-weekly-daily,custom-weekly-daily,custom-final,custom,split-2,2023-10-17,12,14,11.923509983003669,13.653022641804053,14
custom/custom-weekly-daily,custom-weekly-daily,custom-final,custom,split-2,2023-10-17,13,23,18.951528980716354,24.519753148316852,25
custom/custom-weekly-daily,custom-weekly-daily,custom-final,custom,split-2,2023-10-17,21,26,26.506855636964723,31.254760797123524,32
custom/custom-weekly-daily,custom-weekly-daily,custom-final,custom,split-2,2023-10-17,35,30,37.300968396744011,42.238582190571563,43
custom/custom-weekly-daily,custom-weekly-daily,custom-final,custom,split-2,2023-10-17,82,21,20.228383469909936,23.704961248166192,24
custom/custom-weekly-daily,custom-weekly-daily,custom-final,custom,split-2,2023-10-18,11,20,12.661775618982109,15.848879374766469,16
custom/custom-weekly-daily,custom-weekly-daily,custom-final,custom,split-2,2023-10-18,12,10,11.951108319384602,13.783072048813667,14
custom/custom-weekly-daily,custom-weekly-daily,custom-final,custom,split-2,2023-10-18,13,21,18.958959941604938,24.096957351173089,25
custom/custom-weekly-daily,custom-weekly-daily,custom-final,custom,split-2,2023-10-18,21,25,25.643420542821431,29.974893031635375,30
custom/custom-weekly-daily,custom-weekly-daily,custom-final,custom,split-2,2023-10-18,35,33,35.870173253236757,39.990386118501533,40
custom/custom-weekly-daily,custom-weekly-daily,custom-final,custom,split-2,2023-10-18,82,26,19.544286619578067,21.979449203904405,22
custom/custom-weekly-daily,custom-weekly-daily,custom-final,custom,split-2,2023-10-19,11,13,14.176968230533358,18.014396541198721,19
custom/custom-weekly-daily,custom-weekly-daily,custom-final,custom,split-2,2023-10-19,12,14,10.054404658335926,11.761815046932512,12
custom/custom-weekly-daily,custom-weekly-daily,custom-final,custom,split-2,2023-10-19,13,30,18.302627742687974,22.698449412924617,23
custom/custom-weekly-daily,custom-weekly-daily,custom-final,custom,split-2,2023-10-19,21,27,25.002500678308543,28.376451802138959,29
custom/custom-weekly-daily,custom-weekly-daily,custom-final,custom,split-2,2023-10-19,35,32,34.725710765753249,38.527361259284262,39
custom/custom-weekly-daily,custom-weekly-daily,custom-final,custom,split-2,2023-10-19,82,23,21.546820615694521,24.752977733309226,25
custom/custom-weekly-daily,custom-weekly-daily,custom-final,custom,split-2,2023-10-20,11,15,12.856902170942966,16.649334676978377,17
custom/custom-weekly-daily,custom-weekly-daily,custom-final,custom,split-2,2023-10-20,12,7,11.714944235193039,13.521574968635592,14
custom/custom-weekly-daily,custom-weekly-daily,custom-final,custom,split-2,2023-10-20,13,20,21.446736048014134,26.836456694324589,27
custom/custom-weekly-daily,custom-weekly-daily,custom-final,custom,split-2,2023-10-20,21,26,27.210077079315795,31.714811382702898,32
custom/custom-weekly-daily,custom-weekly-daily,custom-final,custom,split-2,2023-10-20,35,28,37.469908989212996,41.340746835052244,42
custom/custom-weekly-daily,custom-weekly-daily,custom-final,custom,split-2,2023-10-20,82,22,21.491066960289714,24.390800780042895,25
custom/custom-weekly-daily,custom-weekly-daily,custom-final,custom,split-2,2023-10-21,11,12,13.647006464365315,18.115507809454122,19
custom/custom-weekly-daily,custom-weekly-daily,custom-final,custom,split-2,2023-10-21,12,9,8.7976159717513571,10.528942186358851,11
custom/custom-weekly-daily,custom-weekly-daily,custom-final,custom,split-2,2023-10-21,13,18,19.843206016137955,24.987029651246274,25
custom/custom-weekly-daily,custom-weekly-daily,custom-final,custom,split-2,2023-10-21,21,14,25.63773403574438,29.466967935514475,30
custom/custom-weekly-daily,custom-weekly-daily,custom-final,custom,split-2,2023-10-21,35,33,34.554552560131505,38.680818182941906,39
custom/custom-weekly-daily,custom-weekly-daily,custom-final,custom,split-2,2023-10-21,82,20,20.330928262286772,23.338612346242648,24
custom/custom-weekly-daily,custom-weekly-daily,custom-final,custom,split-2,2023-10-22,11,23,14.200000008154873,19.500601263851316,20
custom/custom-weekly-daily,custom-weekly-daily,custom-final,custom,split-2,2023-10-22,12,4,9.2072383908870368,11.073804078100094,12
custom/custom-weekly-daily,custom-weekly-daily,custom-final,custom,split-2,2023-10-22,13,26,19.607379793074593,24.593091015172092,25
custom/custom-weekly-daily,custom-weekly-daily,custom-final,custom,split-2,2023-10-22,21,31,25.256307283567011,28.913827814139701,29
custom/custom-weekly-daily,custom-weekly-daily,custom-final,custom,split-2,2023-10-22,35,32,37.360767013470891,42.418872086443642,43
custom/custom-weekly-daily,custom-weekly-daily,custom-final,custom,split-2,2023-10-22,82,22,19.776880041736387,22.198756232335782,23
custom/custom-weekly-daily,custom-weekly-daily,custom-final,custom,split-2,2023-10-23,11,33,22.404350081509278,29.728535880120344,30
custom/custom-weekly-daily,custom-weekly-daily,custom-final,custom,split-2,2023-10-23,12,15,11.667040841056117,13.816850516556714,14
custom/custom-weekly-daily,custom-weekly-daily,custom-final,custom,split-2,2023-10-23,13,38,29.471990652986758,37.638563229623216,38
custom/custom-weekly-daily,custom-weekly-daily,custom-final,custom,split-2,2023-10-23,21,30,37.058365785456786,44.180292717969778,45
custom/custom-weekly-daily,custom-weekly-daily,custom-final,custom,split-2,2023-10-23,35,46,46.753119508147662,53.487634469118362,54
custom/custom-weekly-daily,custom-weekly-daily,custom-final,custom,split-2,2023-10-23,82,27,26.589511780075711,31.240631769227747,32
custom/custom-weekly-daily,custom-weekly-daily,custom-final,custom,split-2,2023-10-24,11,15,15.322934915512221,22.819059039197832,23
custom/custom-weekly-daily,custom-weekly-daily,custom-final,custom,split-2,2023-10-24,12,15,10.716701243179301,12.742460002006677,13
custom/custom-weekly-daily,custom-weekly-daily,custom-final,custom,split-2,2023-10-24,13,24,22.945650260463687,29.418690554537953,30
custom/custom-weekly-daily,custom-weekly-daily,custom-final,custom,split-2,2023-10-24,21,34,25.341147076199917,29.693232845641553,30
custom/custom-weekly-daily,custom-weekly-daily,custom-final,custom,split-2,2023-10-24,35,37,37.611859178222169,40.774363302373949,41
custom/custom-weekly-daily,custom-weekly-daily,custom-final,custom,split-2,2023-10-24,82,25,20.226298306909328,23.336973145077962,24
custom/custom-weekly-daily,custom-weekly-daily,custom-final,custom,split-2,2023-10-25,11,19,14.098426107038829,19.460976115902351,20
custom/custom-weekly-daily,custom-weekly-daily,custom-final,custom,split-2,2023-10-25,12,13,10.645011125697803,12.795258621017766,13
custom/custom-weekly-daily,custom-weekly-daily,custom-final,custom,split-2,2023-10-25,13,25,22.230235972568597,27.550322600363039,28
custom/custom-weekly-daily,custom-weekly-daily,custom-final,custom,split-2,2023-10-25,21,35,26.516286932083531,30.773689488424523,31
custom/custom-weekly-daily,custom-weekly-daily,custom-final,custom,split-2,2023-10-25,35,35,36.962427314614409,40.352156351975111,41
custom/custom-weekly-daily,custom-weekly-daily,custom-final,custom,split-2,2023-10-25,82,25,20.544592397195537,23.101232243727303,24
custom/custom-weekly-daily,custom-weekly-daily,custom-final,custom,split-2,2023-10-26,11,17,13.482667295904298,18.489377533873647,19
custom/custom-weekly-daily,custom-weekly-daily,custom-final,custom,split-2,2023-10-26,12,11,10.901019522294256,13.239308147896585,14
custom/custom-weekly-daily,custom-weekly-daily,custom-final,custom,split-2,2023-10-26,13,22,22.036230479593222,26.856964026027494,27
custom/custom-weekly-daily,custom-weekly-daily,custom-final,custom,split-2,2023-10-26,21,27,27.810117762500255,32.474748253202058,33
custom/custom-weekly-daily,custom-weekly-daily,custom-final,custom,split-2,2023-10-26,35,36,36.576801295141493,39.230258094283073,40
custom/custom-weekly-daily,custom-weekly-daily,custom-final,custom,split-2,2023-10-26,82,23,20.261578032070048,22.649192262745093,23
custom/custom-weekly-daily,custom-weekly-daily,custom-final,custom,split-2,2023-10-27,11,16,14.9998553459649,21.149996869823056,22
custom/custom-weekly-daily,custom-weekly-daily,custom-final,custom,split-2,2023-10-27,12,11,10.539474374010886,12.730857940108697,13
custom/custom-weekly-daily,custom-weekly-daily,custom-final,custom,split-2,2023-10-27,13,31,21.309126255094405,25.511751058414916,26
custom/custom-weekly-daily,custom-weekly-daily,custom-final,custom,split-2,2023-10-27,21,23,28.260065872529957,33.251985740331925,34
custom/custom-weekly-daily,custom-weekly-daily,custom-final,custom,split-2,2023-10-27,35,44,38.636955580182949,42.505314910037498,43
custom/custom-weekly-daily,custom-weekly-daily,custom-final,custom,split-2,2023-10-27,82,23,19.989692812717443,23.036791776175825,24
custom/custom-weekly-daily,custom-weekly-daily,custom-final,custom,split-2,2023-10-28,11,19,14.927277717226971,20.405134455355157,21
custom/custom-weekly-daily,custom-weekly-daily,custom-final,custom,split-2,2023-10-28,12,8,9.826623105355921,11.620669694691117,12
custom/custom-weekly-daily,custom-weekly-daily,custom-final,custom,split-2,2023-10-28,13,22,23.835673024374728,29.059189052605856,30
custom/custom-weekly-daily,custom-weekly-daily,custom-final,custom,split-2,2023-10-28,21,12,25.588200365432769,30.376855661749531,31
custom/custom-weekly-daily,custom-weekly-daily,custom-final,custom,split-2,2023-10-28,35,29,38.578731467592362,42.193627465130817,43
custom/custom-weekly-daily,custom-weekly-daily,custom-final,custom,split-2,2023-10-28,82,22,19.651319312751795,21.896605084925987,22
custom/custom-weekly-daily,custom-weekly-daily,custom-final,custom,split-2,2023-10-29,11,14,17.641100357363708,23.181695940977512,24
custom/custom-weekly-daily,custom-weekly-daily,custom-final,custom,split-2,2023-10-29,12,9,8.8392522222439354,11.099906685083756,12
custom/custom-weekly-daily,custom-weekly-daily,custom-final,custom,split-2,2023-10-29,13,16,23.040805246006727,27.807042571321539,28
custom/custom-weekly-daily,custom-weekly-daily,custom-final,custom,split-2,2023-10-29,21,8,25.266883327911486,29.968477431223874,30
custom/custom-weekly-daily,custom-weekly-daily,custom-final,custom,split-2,2023-10-29,35,21,37.737053201695829,43.631762385608155,44
custom/custom-weekly-daily,custom-weekly-daily,custom-final,custom,split-2,2023-10-29,82,19,20.418088787949948,22.792061700032754,23
custom/custom-weekly-daily,custom-weekly-daily,custom-final,custom,split-2,2023-10-30,11,11,21.299210549268246,27.854481318974713,28
custom/custom-weekly-daily,custom-weekly-daily,custom-final,custom,split-2,2023-10-30,12,12,12.322511759124744,14.904156909234265,15
custom/custom-weekly-daily,custom-weekly-daily,custom-final,custom,split-2,2023-10-30,13,24,30.670803938442752,37.65074317029945,38
custom/custom-weekly-daily,custom-weekly-daily,custom-final,custom,split-2,2023-10-30,21,31,32.105910606843949,40.144747121514825,41
custom/custom-weekly-daily,custom-weekly-daily,custom-final,custom,split-2,2023-10-30,35,33,44.58909186008021,50.980278031776805,51
custom/custom-weekly-daily,custom-weekly-daily,custom-final,custom,split-2,2023-10-30,82,24,26.919187351620547,31.804541397612752,32
custom/custom-weekly-daily,custom-weekly-daily,custom-final,custom,split-2,2023-10-31,11,12,12.423432683426327,14.852620532693088,15
custom/custom-weekly-daily,custom-weekly-daily,custom-final,custom,split-2,2023-10-31,12,8,10.126915600766992,12.14455681777428,13
custom/custom-weekly-daily,custom-weekly-daily,custom-final,custom,split-2,2023-10-31,13,11,19.126263830077768,23.728955867483933,24
custom/custom-weekly-daily,custom-weekly-daily,custom-final,custom,split-2,2023-10-31,21,15,23.094650946480204,27.365081852189192,28
custom/custom-weekly-daily,custom-weekly-daily,custom-final,custom,split-2,2023-10-31,35,25,34.894116817965788,39.357773780147909,40
custom/custom-weekly-daily,custom-weekly-daily,custom-final,custom,split-2,2023-10-31,82,16,18.78437383735718,21.514234927076409,22
rolling/extra-trees,rolling-daily,extra-trees,rolling,split-2,2023-09-01,11,35,28,33,33
rolling/extra-trees,rolling-daily,extra-trees,rolling,split-2,2023-09-01,12,11,13,13,13
rolling/extra-trees,rolling-daily,extra-trees,rolling,split-2,2023-09-01,13,31,32,37,37
rolling/extra-trees,rolling-daily,extra-trees,rolling,split-2,2023-09-01,21,39,37,43.25,44
rolling/extra-trees,rolling-daily,extra-trees,rolling,split-2,2023-09-01,35,57,55,61.25,62
rolling/extra-trees,rolling-daily,extra-trees,rolling,split-2,2023-09-01,82,55,33,34.25,35
rolling/extra-trees,rolling-daily,extra-trees,rolling,split-2,2023-09-02,11,17,28.5,34.25,35
rolling/extra-trees,rolling-daily,extra-trees,rolling,split-2,2023-09-02,12,8,12,12,12
rolling/extra-trees,rolling-daily,extra-trees,rolling,split-2,2023-09-02,13,22,32,38,38
rolling/extra-trees,rolling-daily,extra-trees,rolling,split-2,2023-09-02,21,29,37.5,43.25,44
rolling/extra-trees,rolling-daily,extra-trees,rolling,split-2,2023-09-02,35,47,55,60.25,61
rolling/extra-trees,rolling-daily,extra-trees,rolling,split-2,2023-09-02,82,30,33,36,36
rolling/extra-trees,rolling-daily,extra-trees,rolling,split-2,2023-09-03,11,5,28,36,36
rolling/extra-trees,rolling-daily,extra-trees,rolling,split-2,2023-09-03,12,7,11.5,13,13
rolling/extra-trees,rolling-daily,extra-trees,rolling,split-2,2023-09-03,13,19,34,42,42
rolling/extra-trees,rolling-daily,extra-trees,rolling,split-2,2023-09-03,21,16,40,48.25,49
rolling/extra-trees,rolling-daily,extra-trees,rolling,split-2,2023-09-03,35,32,57,65.25,66
rolling/extra-trees,rolling-daily,extra-trees,rolling,split-2,2023-09-03,82,14,36,40,40
rolling/extra-trees,rolling-daily,extra-trees,rolling,split-2,2023-09-04,11,60,42,50,50
rolling/extra-trees,rolling-daily,extra-trees,rolling,split-2,2023-09-04,12,29,14,20,20
rolling/extra-trees,rolling-daily,extra-trees,rolling,split-2,2023-09-04,13,54,46,53.25,54
rolling/extra-trees,rolling-daily,extra-trees,rolling,split-2,2023-09-04,21,63,50,58.25,59
rolling/extra-trees,rolling-daily,extra-trees,rolling,split-2,2023-09-04,35,82,64,68.25,69
rolling/extra-trees,rolling-daily,extra-trees,rolling,split-2,2023-09-04,82,46,47,50,50
rolling/extra-trees,rolling-daily,extra-trees,rolling,split-2,2023-09-05,11,30,25,32.5,33
rolling/extra-trees,rolling-daily,extra-trees,rolling,split-2,2023-09-05,12,15,12,14,14
rolling/extra-trees,rolling-daily,extra-trees,rolling,split-2,2023-09-05,13,28,31,38,38
rolling/extra-trees,rolling-daily,extra-trees,rolling,split-2,2023-09-05,21,31,37,44.25,45
rolling/extra-trees,rolling-daily,extra-trees,rolling,split-2,2023-09-05,35,45,55.5,61.25,62
rolling/extra-trees,rolling-daily,extra-trees,rolling,split-2,2023-09-05,82,30,32,35,35
rolling/extra-trees,rolling-daily,extra-trees,rolling,split-2,2023-09-06,11,17,26,32,32
rolling/extra-trees,rolling-daily,extra-trees,rolling,split-2,2023-09-06,12,8,12,14,14
rolling/extra-trees,rolling-daily,extra-trees,rolling,split-2,2023-09-06,13,19,29.5,36.25,37
rolling/extra-trees,rolling-daily,extra-trees,rolling,split-2,2023-09-06,21,22,35,40.25,41
rolling/extra-trees,rolling-daily,extra-trees,rolling,split-2,2023-09-06,35,44,55,59.25,60
rolling/extra-trees,rolling-daily,extra-trees,rolling,split-2,2023-09-06,82,20,31,33,33
rolling/extra-trees,rolling-daily,extra-trees,rolling,split-2,2023-09-07,11,25,25,32,32
rolling/extra-trees,rolling-daily,extra-trees,rolling,split-2,2023-09-07,12,15,11,13,13
rolling/extra-trees,rolling-daily,extra-trees,rolling,split-2,2023-09-07,13,20,27.5,33.25,34
rolling/extra-trees,rolling-daily,extra-trees,rolling,split-2,2023-09-07,21,30,34,41.25,42
rolling/extra-trees,rolling-daily,extra-trees,rolling,split-2,2023-09-07,35,31,55,59.25,60
rolling/extra-trees,rolling-daily,extra-trees,rolling,split-2,2023-09-07,82,25,31,34,34
rolling/extra-trees,rolling-daily,extra-trees,rolling,split-2,2023-09-08,11,24,22,29,29
rolling/extra-trees,rolling-daily,extra-trees,rolling,split-2,2023-09-08,12,11,12,14,14
rolling/extra-trees,rolling-daily,extra-trees,rolling,split-2,2023-09-08,13,22,23.5,30.25,31
rolling/extra-trees,rolling-daily,extra-trees,rolling,split-2,2023-09-08,21,45,35,38.5,39
rolling/extra-trees,rolling-daily,extra-trees,rolling,split-2,2023-09-08,35,45,55.5,60.5,61
rolling/extra-trees,rolling-daily,extra-trees,rolling,split-2,2023-09-08,82,24,32,32.25,33
rolling/extra-trees,rolling-daily,extra-trees,rolling,split-2,2023-09-09,11,40,21,27,27
rolling/extra-trees,rolling-daily,extra-trees,rolling,split-2,2023-09-09,12,9,12,13,13
rolling/extra-trees,rolling-daily,extra-trees,rolling,split-2,2023-09-09,13,15,22.5,30.25,31
rolling/extra-trees,rolling-daily,extra-trees,rolling,split-2,2023-09-09,21,19,34,40.25,41
rolling/extra-trees,rolling-daily,extra-trees,rolling,split-2,2023-09-09,35,32,54,57.5,58
rolling/extra-trees,rolling-daily,extra-trees,rolling,split-2,2023-09-09,82,20,26,28.25,29
rolling/extra-trees,rolling-daily,extra-trees,rolling,split-2,2023-09-10,11,15,26.5,34,34
rolling/extra-trees,rolling-daily,extra-trees,rolling,split-2,2023-09-10,12,6,12,14,14
rolling/extra-trees,rolling-daily,extra-trees,rolling,split-2,2023-09-10,13,27,23.5,30.25,31
rolling/extra-trees,rolling-daily,extra-trees,rolling,split-2,2023-09-10,21,30,35,43.25,44
rolling/extra-trees,rolling-daily,extra-trees,rolling,split-2,2023-09-10,35,29,55,61.5,62
rolling/extra-trees,rolling-daily,extra-trees,rolling,split-2,2023-09-10,82,18,25,28.25,29
rolling/extra-trees,rolling-daily,extra-trees,rolling,split-2,2023-09-11,11,14,42,50,50
rolling/extra-trees,rolling-daily,extra-trees,rolling,split-2,2023-09-11,12,13,14,20,20
rolling/extra-trees,rolling-daily,extra-trees,rolling,split-2,2023-09-11,13,18,42,50.25,51
rolling/extra-trees,rolling-daily,extra-trees,rolling,split-2,2023-09-11,21,23,49.5,55.5,56
rolling/extra-trees,rolling-daily,extra-trees,rolling,split-2,2023-09-11,35,25,63,65.5,66
rolling/extra-trees,rolling-daily,extra-trees,rolling,split-2,2023-09-11,82,8,42.5,48,48
rolling/extra-trees,rolling-daily,extra-trees,rolling,split-2,2023-09-12,11,13,19,25,25
rolling/extra-trees,rolling-daily,extra-trees,rolling,split-2,2023-09-12,12,13,11,12,12
rolling/extra-trees,rolling-daily,extra-trees,rolling,split-2,2023-09-12,13,13,21.5,26.25,27
rolling/extra-trees,rolling-daily,extra-trees,rolling,split-2,2023-09-12,21,10,32.5,38.5,39
rolling/extra-trees,rolling-daily,extra-trees,rolling,split-2,2023-09-12,35,28,51,53.5,54
rolling/extra-trees,rolling-daily,extra-trees,rolling,split-2,2023-09-12,82,6,17.5,20,20
rolling/extra-trees,rolling-daily,extra-trees,rolling,split-2,2023-09-13,11,34,17,21,21
rolling/extra-trees,rolling-daily,extra-trees,rolling,split-2,2023-09-13,12,10,11,12,12
rolling/extra-trees,rolling-daily,extra-trees,rolling,split-2,2023-09-13,13,45,18,22.25,23
rolling/extra-trees,rolling-daily,extra-trees,rolling,split-2,2023-09-13,21,38,25,31.25,32
rolling/extra-trees,rolling-daily,extra-trees,rolling,split-2,2023-09-13,35,65,50.5,53,53
rolling/extra-trees,rolling-daily,extra-trees,rolling,split-2,2023-09-13,82,26,16,18,18
rolling/extra-trees,rolling-daily,extra-trees,rolling,split-2,2023-09-14,11,12,20,25.5,26
rolling/extra-trees,rolling-daily,extra-trees,rolling,split-2,2023-09-14,12,14,10,12,12
rolling/extra-trees,rolling-daily,extra-trees,rolling,split-2,2023-09-14,13,21,20,27.25,28
rolling/extra-trees,rolling-daily,extra-trees,rolling,split-2,2023-09-14,21,20,31,35.75,36
rolling/extra-trees,rolling-daily,extra-trees,rolling,split-2,2023-09-14,35,33,51.5,53.5,54
rolling/extra-trees,rolling-daily,extra-trees,rolling,split-2,2023-09-14,82,13,18.5,20.25,21
rolling/extra-trees,rolling-daily,extra-trees,rolling,split-2,2023-09-15,11,11,17,22.5,23
rolling/extra-trees,rolling-daily,extra-trees,rolling,split-2,2023-09-15,12,16,12,13,13
rolling/extra-trees,rolling-daily,extra-trees,rolling,split-2,2023-09-15,13,19,21,26.25,27
rolling/extra-trees,rolling-daily,extra-trees,rolling,split-2,2023-09-15,21,14,26,32.75,33
rolling/extra-trees,rolling-daily,extra-trees,rolling,split-2,2023-09-15,35,42,50.5,54.5,55
rolling/extra-trees,rolling-daily,extra-trees,rolling,split-2,2023-09-15,82,11,18.5,19.25,20
rolling/extra-trees,rolling-daily,extra-trees,rolling,split-2,2023-09-16,11,10,15.5,20.5,21
rolling/extra-trees,rolling-daily,extra-trees,rolling,split-2,2023-09-16,12,9,12,14.75,15
rolling/extra-trees,rolling-daily,extra-trees,rolling,split-2,2023-09-16,13,32,20,25.25,26
rolling/extra-trees,rolling-daily,extra-trees,rolling,split-2,2023-09-16,21,28,23,28.75,29
rolling/extra-trees,rolling-daily,extra-trees,rolling,split-2,2023-09-16,35,34,50.5,54.5,55
rolling/extra-trees,rolling-daily,extra-trees,rolling,split-2,2023-09-16,82,12,16.5,16.5,17
rolling/extra-trees,rolling-daily,extra-trees,rolling,split-2,2023-09-17,11,12,16,21.5,22
rolling/extra-trees,rolling-daily,extra-trees,rolling,split-2,2023-09-17,12,6,12,14.75,15
rolling/extra-trees,rolling-daily,extra-trees,rolling,split-2,2023-09-17,13,17,23.5,32.25,33
rolling/extra-trees,rolling-daily,extra-trees,rolling,split-2,2023-09-17,21,17,26,31,31
rolling/extra-trees,rolling-daily,extra-trees,rolling,split-2,2023-09-17,35,33,53,61.5,62
rolling/extra-trees,rolling-daily,extra-trees,rolling,split-2,2023-09-17,82,12,15,19.25,20
rolling/extra-trees,rolling-daily,extra-trees,rolling,split-2,2023-09-18,11,10,23.5,32.25,33
rolling/extra-trees,rolling-daily,extra-trees,rolling,split-2,2023-09-18,12,13,14,19.75,20
rolling/extra-trees,rolling-daily,extra-trees,rolling,split-2,2023-09-18,13,19,35.5,47.25,48
rolling/extra-trees,rolling-daily,extra-trees,rolling,split-2,2023-09-18,21,37,38,49,49
rolling/extra-trees,rolling-daily,extra-trees,rolling,split-2,2023-09-18,35,46,60,65.5,66
rolling/extra-trees,rolling-daily,extra-trees,rolling,split-2,2023-09-18,82,8,24,28.25,29
rolling/extra-trees,rolling-daily,extra-trees,rolling,split-2,2023-09-19,11,11,12.5,16.25,17
rolling/extra-trees,rolling-daily,extra-trees,rolling,split-2,2023-09-19,12,12,12,13,13
rolling/extra-trees,rolling-daily,extra-trees,rolling,split-2,2023-09-19,13,15,20,24.5,25
rolling/extra-trees,rolling-daily,extra-trees,rolling,split-2,2023-09-19,21,25,24.5,30,30
rolling/extra-trees,rolling-daily,extra-trees,rolling,split-2,2023-09-19,35,31,48,53.5,54
rolling/extra-trees,rolling-daily,extra-trees,rolling,split-2,2023-09-19,82,12,15,15,15
rolling/extra-trees,rolling-daily,extra-trees,rolling,split-2,2023-09-20,11,10,13,16,16
rolling/extra-trees,rolling-daily,extra-trees,rolling,split-2,2023-09-20,12,11,11,12,12
rolling/extra-trees,rolling-daily,extra-trees,rolling,split-2,2023-09-20,13,21,20,23.25,24
rolling/extra-trees,rolling-daily,extra-trees,rolling,split-2,2023-09-20,21,14,25.5,31,31
rolling/extra-trees,rolling-daily,extra-trees,rolling,split-2,2023-09-20,35,23,48,53,53
rolling/extra-trees,rolling-daily,extra-trees,rolling,split-2,2023-09-20,82,12,15,15,15
rolling/extra-trees,rolling-daily,extra-trees,rolling,split-2,2023-09-21,11,8,10,13.25,14
rolling/extra-trees,rolling-daily,extra-trees,rolling,split-2,2023-09-21,12,6,11,12,12
rolling/extra-trees,rolling-daily,extra-trees,rolling,split-2,2023-09-21,13,23,20,22.25,23
rolling/extra-trees,rolling-daily,extra-trees,rolling,split-2,2023-09-21,21,22,21.5,26,26
rolling/extra-trees,rolling-daily,extra-trees,rolling,split-2,2023-09-21,35,25,48,52.25,53
rolling/extra-trees,rolling-daily,extra-trees,rolling,split-2,2023-09-21,82,12,14,14,14
rolling/extra-trees,rolling-daily,extra-trees,rolling,split-2,2023-09-22,11,11,9.5,13,13
rolling/extra-trees,rolling-daily,extra-trees,rolling,split-2,2023-09-22,12,8,10,11,11
rolling/extra-trees,rolling-daily,extra-trees,rolling,split-2,2023-09-22,13,20,21,26,26
rolling/extra-trees,rolling-daily,extra-trees,rolling,split-2,2023-09-22,21,13,23,27,27
rolling/extra-trees,rolling-daily,extra-trees,rolling,split-2,2023-09-22,35,40,47.5,52.25,53
rolling/extra-trees,rolling-daily,extra-trees,rolling,split-2,2023-09-22,82,11,13.5,13.5,14
rolling/extra-trees,rolling-daily,extra-trees,rolling,split-2,2023-09-23,11,12,9.5,12,12
rolling/extra-trees,rolling-daily,extra-trees,rolling,split-2,2023-09-23,12,14,9,11,11
rolling/extra-trees,rolling-daily,extra-trees,rolling,split-2,2023-09-23,13,17,21,26,26
rolling/extra-trees,rolling-daily,extra-trees,rolling,split-2,2023-09-23,21,22,22.5,27,27
rolling/extra-trees,rolling-daily,extra-trees,rolling,split-2,2023-09-23,35,39,45.5,51.25,52
rolling/extra-trees,rolling-daily,extra-trees,rolling,split-2,2023-09-23,82,11,13,13,13
rolling/extra-trees,rolling-daily,extra-trees,rolling,split-2,2023-09-24,11,11,10.5,13,13
rolling/extra-trees,rolling-daily,extra-trees,rolling,split-2,2023-09-24,12,5,11,13.25,14
rolling/extra-trees,rolling-daily,extra-trees,rolling,split-2,2023-09-24,13,21,20.5,25,25
rolling/extra-trees,rolling-daily,extra-trees,rolling,split-2,2023-09-24,21,26,24,29,29
rolling/extra-trees,rolling-daily,extra-trees,rolling,split-2,2023-09-24,35,25,48.5,58.25,59
rolling/extra-trees,rolling-daily,extra-trees,rolling,split-2,2023-09-24,82,12,12.5,12.5,13
rolling/extra-trees,rolling-daily,extra-trees,rolling,split-2,2023-09-25,11,15,12.5,16,16
rolling/extra-trees,rolling-daily,extra-trees,rolling,split-2,2023-09-25,12,20,12,14,14
rolling/extra-trees,rolling-daily,extra-trees,rolling,split-2,2023-09-25,13,37,31.5,39.25,40
rolling/extra-trees,rolling-daily,extra-trees,rolling,split-2,2023-09-25,21,36,37.5,48,48
rolling/extra-trees,rolling-daily,extra-trees,rolling,split-2,2023-09-25,35,47,55,61.5,62
rolling/extra-trees,rolling-daily,extra-trees,rolling,split-2,2023-09-25,82,18,14,17,17
rolling/extra-trees,rolling-daily,extra-trees,rolling,split-2,2023-09-26,11,15,12,14,14
rolling/extra-trees,rolling-daily,extra-trees,rolling,split-2,2023-09-26,12,12,12,14,14
rolling/extra-trees,rolling-daily,extra-trees,rolling,split-2,2023-09-26,13,21,23,28.25,29
rolling/extra-trees,rolling-daily,extra-trees,rolling,split-2,2023-09-26,21,26,25,31,31
rolling/extra-trees,rolling-daily,extra-trees,rolling,split-2,2023-09-26,35,23,44,49,49
rolling/extra-trees,rolling-daily,extra-trees,rolling,split-2,2023-09-26,82,12,13.5,14,14
rolling/extra-trees,rolling-daily,extra-trees,rolling,split-2,2023-09-27,11,13,12,15,15
rolling/extra-trees,rolling-daily,extra-trees,rolling,split-2,2023-09-27,12,4,11,12,12
rolling/extra-trees,rolling-daily,extra-trees,rolling,split-2,2023-09-27,13,12,21.5,25.25,26
rolling/extra-trees,rolling-daily,extra-trees,rolling,split-2,2023-09-27,21,17,24,29,29
rolling/extra-trees,rolling-daily,extra-trees,rolling,split-2,2023-09-27,35,22,39,48,48
rolling/extra-trees,rolling-daily,extra-trees,rolling,split-2,2023-09-27,82,11,13,13,13
rolling/extra-trees,rolling-daily,extra-trees,rolling,split-2,2023-09-28,11,11,11,14,14
rolling/extra-trees,rolling-daily,extra-trees,rolling,split-2,2023-09-28,12,4,8,10,10
rolling/extra-trees,rolling-daily,extra-trees,rolling,split-2,2023-09-28,13,14,18,21.25,22
rolling/extra-trees,rolling-daily,extra-trees,rolling,split-2,2023-09-28,21,10,22,28,28
rolling/extra-trees,rolling-daily,extra-trees,rolling,split-2,2023-09-28,35,23,38.5,47,47
rolling/extra-trees,rolling-daily,extra-trees,rolling,split-2,2023-09-28,82,7,12,12,12
rolling/extra-trees,rolling-daily,extra-trees,rolling,split-2,2023-09-29,11,12,11,14,14
rolling/extra-trees,rolling-daily,extra-trees,rolling,split-2,2023-09-29,12,6,7,9,9
rolling/extra-trees,rolling-daily,extra-trees,rolling,split-2,2023-09-29,13,14,18,21.25,22
rolling/extra-trees,rolling-daily,extra-trees,rolling,split-2,2023-09-29,21,12,20,26,26
rolling/extra-trees,rolling-daily,extra-trees,rolling,split-2,2023-09-29,35,28,38.5,47,47
rolling/extra-trees,rolling-daily,extra-trees,rolling,split-2,2023-09-29,82,11,11,12,12
rolling/extra-trees,rolling-daily,extra-trees,rolling,split-2,2023-09-30,11,18,11,13,13
rolling/extra-trees,rolling-daily,extra-trees,rolling,split-2,2023-09-30,12,9,7,9,9
rolling/extra-trees,rolling-daily,extra-trees,rolling,split-2,2023-09-30,13,21,17,21.25,22
rolling/extra-trees,rolling-daily,extra-trees,rolling,split-2,2023-09-30,21,17,20,26,26
rolling/extra-trees,rolling-daily,extra-trees,rolling,split-2,2023-09-30,35,36,36,45,45
rolling/extra-trees,rolling-daily,extra-trees,rolling,split-2,2023-09-30,82,20,12,12,12
rolling/extra-trees,rolling-daily,extra-trees,rolling,split-2,2023-10-01,11,32,14,20,20
rolling/extra-trees,rolling-daily,extra-trees,rolling,split-2,2023-10-01,12,14,8,11,11
rolling/extra-trees,rolling-daily,extra-trees,rolling,split-2,2023-10-01,13,24,21,27.25,28
rolling/extra-trees,rolling-daily,extra-trees,rolling,split-2,2023-10-01,21,35,22,26,26
rolling/extra-trees,rolling-daily,extra-trees,rolling,split-2,2023-10-01,35,48,39,48,48
rolling/extra-trees,rolling-daily,extra-trees,rolling,split-2,2023-10-01,82,32,14,17,17
rolling/extra-trees,rolling-daily,extra-trees,rolling,split-2,2023-10-02,11,31,22.5,28,28
rolling/extra-trees,rolling-daily,extra-trees,rolling,split-2,2023-10-02,12,19,12,14.25,15
rolling/extra-trees,rolling-daily,extra-trees,rolling,split-2,2023-10-02,13,53,31.5,38.25,39
rolling/extra-trees,rolling-daily,extra-trees,rolling,split-2,2023-10-02,21,43,36.5,44,44
rolling/extra-trees,rolling-daily,extra-trees,rolling,split-2,2023-10-02,35,64,52,61,61
rolling/extra-trees,rolling-daily,extra-trees,rolling,split-2,2023-10-02,82,32,22,26,26
rolling/extra-trees,rolling-daily,extra-trees,rolling,split-2,2023-10-03,11,11,16.5,24,24
rolling/extra-trees,rolling-daily,extra-trees,rolling,split-2,2023-10-03,12,9,12,14.25,15
rolling/extra-trees,rolling-daily,extra-trees,rolling,split-2,2023-10-03,13,13,25,31.25,32
rolling/extra-trees,rolling-daily,extra-trees,rolling,split-2,2023-10-03,21,40,25.5,32,32
rolling/extra-trees,rolling-daily,extra-trees,rolling,split-2,2023-10-03,35,38,41,50,50
rolling/extra-trees,rolling-daily,extra-trees,rolling,split-2,2023-10-03,82,29,17,23.25,24
rolling/extra-trees,rolling-daily,extra-trees,rolling,split-2,2023-10-04,11,17,14.5,19,19
rolling/extra-trees,rolling-daily,extra-trees,rolling,split-2,2023-10-04,12,11,10,12,12
rolling/extra-trees,rolling-daily,extra-trees,rolling,split-2,2023-10-04,13,27,17.5,21.25,22
rolling/extra-trees,rolling-daily,extra-trees,rolling,split-2,2023-10-04,21,27,27.5,35,35
rolling/extra-trees,rolling-daily,extra-trees,rolling,split-2,2023-10-04,35,38,42,50,50
rolling/extra-trees,rolling-daily,extra-trees,rolling,split-2,2023-10-04,82,25,22,27,27
rolling/extra-trees,rolling-daily,extra-trees,rolling,split-2,2023-10-05,11,11,16,20,20
rolling/extra-trees,rolling-daily,extra-trees,rolling,split-2,2023-10-05,12,14,10,12,12
rolling/extra-trees,rolling-daily,extra-trees,rolling,split-2,2023-10-05,13,25,23,29.25,30
rolling/extra-trees,rolling-daily,extra-trees,rolling,split-2,2023-10-05,21,29,28.5,35,35
rolling/extra-trees,rolling-daily,extra-trees,rolling,split-2,2023-10-05,35,47,43,50,50
rolling/extra-trees,rolling-daily,extra-trees,rolling,split-2,2023-10-05,82,23,23,27,27
rolling/extra-trees,rolling-daily,extra-trees,rolling,split-2,2023-10-06,11,32,14.5,19,19
rolling/extra-trees,rolling-daily,extra-trees,rolling,split-2,2023-10-06,12,12,13,14.25,15
rolling/extra-trees,rolling-daily,extra-trees,rolling,split-2,2023-10-06,13,37,27,32.25,33
rolling/extra-trees,rolling-daily,extra-trees,rolling,split-2,2023-10-06,21,43,32.5,39,39
rolling/extra-trees,rolling-daily,extra-trees,rolling,split-2,2023-10-06,35,50,44,54.25,55
rolling/extra-trees,rolling-daily,extra-trees,rolling,split-2,2023-10-06,82,23,24,28.25,29
rolling/extra-trees,rolling-daily,extra-trees,rolling,split-2,2023-10-07,11,13,23,29.25,30
rolling/extra-trees,rolling-daily,extra-trees,rolling,split-2,2023-10-07,12,7,12,14.25,15
rolling/extra-trees,rolling-daily,extra-trees,rolling,split-2,2023-10-07,13,30,29,36,36
rolling/extra-trees,rolling-daily,extra-trees,rolling,split-2,2023-10-07,21,9,34.5,41,41
rolling/extra-trees,rolling-daily,extra-trees,rolling,split-2,2023-10-07,35,41,45,54.25,55
rolling/extra-trees,rolling-daily,extra-trees,rolling,split-2,2023-10-07,82,21,24,29,29
rolling/extra-trees,rolling-daily,extra-trees,rolling,split-2,2023-10-08,11,20,19,24.25,25
rolling/extra-trees,rolling-daily,extra-trees,rolling,split-2,2023-10-08,12,10,10,13.25,14
rolling/extra-trees,rolling-daily,extra-trees,rolling,split-2,2023-10-08,13,24,29.5,37,37
rolling/extra-trees,rolling-daily,extra-trees,rolling,split-2,2023-10-08,21,34,33.5,41,41
rolling/extra-trees,rolling-daily,extra-trees,rolling,split-2,2023-10-08,35,37,45,55.25,56
rolling/extra-trees,rolling-daily,extra-trees,rolling,split-2,2023-10-08,82,24,24,29,29
rolling/extra-trees,rolling-daily,extra-trees,rolling,split-2,2023-10-09,11,23,25,32.25,33
rolling/extra-trees,rolling-daily,extra-trees,rolling,split-2,2023-10-09,12,15,14,16.25,17
rolling/extra-trees,rolling-daily,extra-trees,rolling,split-2,2023-10-09,13,35,40.5,49,49
rolling/extra-trees,rolling-daily,extra-trees,rolling,split-2,2023-10-09,21,38,45,53,53
rolling/extra-trees,rolling-daily,extra-trees,rolling,split-2,2023-10-09,35,44,52,59.25,60
rolling/extra-trees,rolling-daily,extra-trees,rolling,split-2,2023-10-09,82,25,31,37,37
rolling/extra-trees,rolling-daily,extra-trees,rolling,split-2,2023-10-10,11,26,16.5,22,22
rolling/extra-trees,rolling-daily,extra-trees,rolling,split-2,2023-10-10,12,12,12,14.25,15
rolling/extra-trees,rolling-daily,extra-trees,rolling,split-2,2023-10-10,13,21,28,35,35
rolling/extra-trees,rolling-daily,extra-trees,rolling,split-2,2023-10-10,21,28,32.5,38,38
rolling/extra-trees,rolling-daily,extra-trees,rolling,split-2,2023-10-10,35,36,41,49.25,50
rolling/extra-trees,rolling-daily,extra-trees,rolling,split-2,2023-10-10,82,18,24,27,27
rolling/extra-trees,rolling-daily,extra-trees,rolling,split-2,2023-10-11,11,13,20.5,26,26
rolling/extra-trees,rolling-daily,extra-trees,rolling,split-2,2023-10-11,12,15,11,13,13
rolling/extra-trees,rolling-daily,extra-trees,rolling,split-2,2023-10-11,13,21,26.5,33.25,34
rolling/extra-trees,rolling-daily,extra-trees,rolling,split-2,2023-10-11,21,28,31,37.25,38
rolling/extra-trees,rolling-daily,extra-trees,rolling,split-2,2023-10-11,35,30,40.5,49,49
rolling/extra-trees,rolling-daily,extra-trees,rolling,split-2,2023-10-11,82,16,20,23,23
rolling/extra-trees,rolling-daily,extra-trees,rolling,split-2,2023-10-12,11,15,15.5,22,22
rolling/extra-trees,rolling-daily,extra-trees,rolling,split-2,2023-10-12,12,12,12,14.25,15
rolling/extra-trees,rolling-daily,extra-trees,rolling,split-2,2023-10-12,13,17,25,30.25,31
rolling/extra-trees,rolling-daily,extra-trees,rolling,split-2,2023-10-12,21,16,31,36.25,37
rolling/extra-trees,rolling-daily,extra-trees,rolling,split-2,2023-10-12,35,28,39,45.5,46
rolling/extra-trees,rolling-daily,extra-trees,rolling,split-2,2023-10-12,82,21,18,22,22
rolling/extra-trees,rolling-daily,extra-trees,rolling,split-2,2023-10-13,11,13,17.5,23,23
rolling/extra-trees,rolling-daily,extra-trees,rolling,split-2,2023-10-13,12,14,12,14.25,15
rolling/extra-trees,rolling-daily,extra-trees,rolling,split-2,2023-10-13,13,23,23.5,29,29
rolling/extra-trees,rolling-daily,extra-trees,rolling,split-2,2023-10-13,21,28,30,36.25,37
rolling/extra-trees,rolling-daily,extra-trees,rolling,split-2,2023-10-13,35,37,38.5,46,46
rolling/extra-trees,rolling-daily,extra-trees,rolling,split-2,2023-10-13,82,25,20,23,23
rolling/extra-trees,rolling-daily,extra-trees,rolling,split-2,2023-10-14,11,6,15.5,20,20
rolling/extra-trees,rolling-daily,extra-trees,rolling,split-2,2023-10-14,12,2,12,14.25,15
rolling/extra-trees,rolling-daily,extra-trees,rolling,split-2,2023-10-14,13,16,21,26.25,27
rolling/extra-trees,rolling-daily,extra-trees,rolling,split-2,2023-10-14,21,14,28,33.25,34
rolling/extra-trees,rolling-daily,extra-trees,rolling,split-2,2023-10-14,35,26,38,43.25,44
rolling/extra-trees,rolling-daily,extra-trees,rolling,split-2,2023-10-14,82,23,22,26,26
rolling/extra-trees,rolling-daily,extra-trees,rolling,split-2,2023-10-15,11,19,15,21,21
rolling/extra-trees,rolling-daily,extra-trees,rolling,split-2,2023-10-15,12,9,10,12.25,13
rolling/extra-trees,rolling-daily,extra-trees,rolling,split-2,2023-10-15,13,12,20,25,25
rolling/extra-trees,rolling-daily,extra-trees,rolling,split-2,2023-10-15,21,31,28.5,34,34
rolling/extra-trees,rolling-daily,extra-trees,rolling,split-2,2023-10-15,35,27,40,47.25,48
rolling/extra-trees,rolling-daily,extra-trees,rolling,split-2,2023-10-15,82,16,22,26,26
rolling/extra-trees,rolling-daily,extra-trees,rolling,split-2,2023-10-16,11,33,22.5,28,28
rolling/extra-trees,rolling-daily,extra-trees,rolling,split-2,2023-10-16,12,14,13,17.25,18
rolling/extra-trees,rolling-daily,extra-trees,rolling,split-2,2023-10-16,13,29,30,38,38
rolling/extra-trees,rolling-daily,extra-trees,rolling,split-2,2023-10-16,21,29,41.5,48.5,49
rolling/extra-trees,rolling-daily,extra-trees,rolling,split-2,2023-10-16,35,48,47.5,54.25,55
rolling/extra-trees,rolling-daily,extra-trees,rolling,split-2,2023-10-16,82,24,28.5,35,35
rolling/extra-trees,rolling-daily,extra-trees,rolling,split-2,2023-10-17,11,11,16.5,23.25,24
rolling/extra-trees,rolling-daily,extra-trees,rolling,split-2,2023-10-17,12,14,12,13.25,14
rolling/extra-trees,rolling-daily,extra-trees,rolling,split-2,2023-10-17,13,23,18,22,22
rolling/extra-trees,rolling-daily,extra-trees,rolling,split-2,2023-10-17,21,26,26.5,30,30
rolling/extra-trees,rolling-daily,extra-trees,rolling,split-2,2023-10-17,35,30,36.5,41.25,42
rolling/extra-trees,rolling-daily,extra-trees,rolling,split-2,2023-10-17,82,21,18.5,23,23
rolling/extra-trees,rolling-daily,extra-trees,rolling,split-2,2023-10-18,11,20,13,16,16
rolling/extra-trees,rolling-daily,extra-trees,rolling,split-2,2023-10-18,12,10,12,14.25,15
rolling/extra-trees,rolling-daily,extra-trees,rolling,split-2,2023-10-18,13,21,19,22.25,23
rolling/extra-trees,rolling-daily,extra-trees,rolling,split-2,2023-10-18,21,25,25,29,29
rolling/extra-trees,rolling-daily,extra-trees,rolling,split-2,2023-10-18,35,33,36,40,40
rolling/extra-trees,rolling-daily,extra-trees,rolling,split-2,2023-10-18,82,26,18.5,22,22
rolling/extra-trees,rolling-daily,extra-trees,rolling,split-2,2023-10-19,11,13,14.5,17.25,18
rolling/extra-trees,rolling-daily,extra-trees,rolling,split-2,2023-10-19,12,14,10,12.25,13
rolling/extra-trees,rolling-daily,extra-trees,rolling,split-2,2023-10-19,13,30,18,22,22
rolling/extra-trees,rolling-daily,extra-trees,rolling,split-2,2023-10-19,21,27,25,28.25,29
rolling/extra-trees,rolling-daily,extra-trees,rolling,split-2,2023-10-19,35,32,35,39.25,40
rolling/extra-trees,rolling-daily,extra-trees,rolling,split-2,2023-10-19,82,23,20.5,25,25
rolling/extra-trees,rolling-daily,extra-trees,rolling,split-2,2023-10-20,11,15,13.5,16.25,17
rolling/extra-trees,rolling-daily,extra-trees,rolling,split-2,2023-10-20,12,7,12,14.25,15
rolling/extra-trees,rolling-daily,extra-trees,rolling,split-2,2023-10-20,13,20,20,25.25,26
rolling/extra-trees,rolling-daily,extra-trees,rolling,split-2,2023-10-20,21,26,26,30,30
rolling/extra-trees,rolling-daily,extra-trees,rolling,split-2,2023-10-20,35,28,35,40,40
rolling/extra-trees,rolling-daily,extra-trees,rolling,split-2,2023-10-20,82,22,20.5,25,25
rolling/extra-trees,rolling-daily,extra-trees,rolling,split-2,2023-10-21,11,12,14.5,19.25,20
rolling/extra-trees,rolling-daily,extra-trees,rolling,split-2,2023-10-21,12,9,8.5,11.25,12
rolling/extra-trees,rolling-daily,extra-trees,rolling,split-2,2023-10-21,13,18,19,24.25,25
rolling/extra-trees,rolling-daily,extra-trees,rolling,split-2,2023-10-21,21,14,26,30,30
rolling/extra-trees,rolling-daily,extra-trees,rolling,split-2,2023-10-21,35,33,32.5,39,39
rolling/extra-trees,rolling-daily,extra-trees,rolling,split-2,2023-10-21,82,20,19.5,24,24
rolling/extra-trees,rolling-daily,extra-trees,rolling,split-2,2023-10-22,11,23,15.5,21.25,22
rolling/extra-trees,rolling-daily,extra-trees,rolling,split-2,2023-10-22,12,4,8.5,11.25,12
rolling/extra-trees,rolling-daily,extra-trees,rolling,split-2,2023-10-22,13,26,20,24.25,25
rolling/extra-trees,rolling-daily,extra-trees,rolling,split-2,2023-10-22,21,31,25,29,29
rolling/extra-trees,rolling-daily,extra-trees,rolling,split-2,2023-10-22,35,32,37,45,45
rolling/extra-trees,rolling-daily,extra-trees,rolling,split-2,2023-10-22,82,22,19.5,24,24
rolling/extra-trees,rolling-daily,extra-trees,rolling,split-2,2023-10-23,11,33,24,31,31
rolling/extra-trees,rolling-daily,extra-trees,rolling,split-2,2023-10-23,12,15,10.5,13.25,14
rolling/extra-trees,rolling-daily,extra-trees,rolling,split-2,2023-10-23,13,38,30,37.25,38
rolling/extra-trees,rolling-daily,extra-trees,rolling,split-2,2023-10-23,21,30,39,47,47
rolling/extra-trees,rolling-daily,extra-trees,rolling,split-2,2023-10-23,35,46,43.5,52,52
rolling/extra-trees,rolling-daily,extra-trees,rolling,split-2,2023-10-23,82,27,27.5,33.25,34
rolling/extra-trees,rolling-daily,extra-trees,rolling,split-2,2023-10-24,11,15,16,23.25,24
rolling/extra-trees,rolling-daily,extra-trees,rolling,split-2,2023-10-24,12,15,10.5,14,14
rolling/extra-trees,rolling-daily,extra-trees,rolling,split-2,2023-10-24,13,24,23,29.25,30
rolling/extra-trees,rolling-daily,extra-trees,rolling,split-2,2023-10-24,21,34,25,29,29
rolling/extra-trees,rolling-daily,extra-trees,rolling,split-2,2023-10-24,35,37,33.5,39,39
rolling/extra-trees,rolling-daily,extra-trees,rolling,split-2,2023-10-24,82,25,19.5,23.25,24
rolling/extra-trees,rolling-daily,extra-trees,rolling,split-2,2023-10-25,11,19,14.5,19.25,20
rolling/extra-trees,rolling-daily,extra-trees,rolling,split-2,2023-10-25,12,13,11,14,14
rolling/extra-trees,rolling-daily,extra-trees,rolling,split-2,2023-10-25,13,25,22,27.25,28
rolling/extra-trees,rolling-daily,extra-trees,rolling,split-2,2023-10-25,21,35,26,30,30
rolling/extra-trees,rolling-daily,extra-trees,rolling,split-2,2023-10-25,35,35,33.5,39,39
rolling/extra-trees,rolling-daily,extra-trees,rolling,split-2,2023-10-25,82,25,20.5,23.25,24
rolling/extra-trees,rolling-daily,extra-trees,rolling,split-2,2023-10-26,11,17,14.5,19.25,20
rolling/extra-trees,rolling-daily,extra-trees,rolling,split-2,2023-10-26,12,11,11,14,14
rolling/extra-trees,rolling-daily,extra-trees,rolling,split-2,2023-10-26,13,22,22,27,27
rolling/extra-trees,rolling-daily,extra-trees,rolling,split-2,2023-10-26,21,27,27,31,31
rolling/extra-trees,rolling-daily,extra-trees,rolling,split-2,2023-10-26,35,36,33.5,38.25,39
rolling/extra-trees,rolling-daily,extra-trees,rolling,split-2,2023-10-26,82,23,20.5,24,24
rolling/extra-trees,rolling-daily,extra-trees,rolling,split-2,2023-10-27,11,16,15.5,21,21
rolling/extra-trees,rolling-daily,extra-trees,rolling,split-2,2023-10-27,12,11,11,14,14
rolling/extra-trees,rolling-daily,extra-trees,rolling,split-2,2023-10-27,13,31,21,26,26
rolling/extra-trees,rolling-daily,extra-trees,rolling,split-2,2023-10-27,21,23,28,32,32
rolling/extra-trees,rolling-daily,extra-trees,rolling,split-2,2023-10-27,35,44,34.5,38.25,39
rolling/extra-trees,rolling-daily,extra-trees,rolling,split-2,2023-10-27,82,23,19.5,23.25,24
rolling/extra-trees,rolling-daily,extra-trees,rolling,split-2,2023-10-28,11,19,15.5,21.25,22
rolling/extra-trees,rolling-daily,extra-trees,rolling,split-2,2023-10-28,12,8,10,13,13
rolling/extra-trees,rolling-daily,extra-trees,rolling,split-2,2023-10-28,13,22,23,28.25,29
rolling/extra-trees,rolling-daily,extra-trees,rolling,split-2,2023-10-28,21,12,26,30.25,31
rolling/extra-trees,rolling-daily,extra-trees,rolling,split-2,2023-10-28,35,29,34.5,38.25,39
rolling/extra-trees,rolling-daily,extra-trees,rolling,split-2,2023-10-28,82,22,19.5,22,22
rolling/extra-trees,rolling-daily,extra-trees,rolling,split-2,2023-10-29,11,14,19,24.25,25
rolling/extra-trees,rolling-daily,extra-trees,rolling,split-2,2023-10-29,12,9,9,12,12
rolling/extra-trees,rolling-daily,extra-trees,rolling,split-2,2023-10-29,13,16,23,28.25,29
rolling/extra-trees,rolling-daily,extra-trees,rolling,split-2,2023-10-29,21,8,25,29.25,30
rolling/extra-trees,rolling-daily,extra-trees,rolling,split-2,2023-10-29,35,21,36,45,45
rolling/extra-trees,rolling-daily,extra-trees,rolling,split-2,2023-10-29,82,19,20.5,23,23
rolling/extra-trees,rolling-daily,extra-trees,rolling,split-2,2023-10-30,11,11,23,29.25,30
rolling/extra-trees,rolling-daily,extra-trees,rolling,split-2,2023-10-30,12,12,12,15,15
rolling/extra-trees,rolling-daily,extra-trees,rolling,split-2,2023-10-30,13,24,33,40.25,41
rolling/extra-trees,rolling-daily,extra-trees,rolling,split-2,2023-10-30,21,31,35,43.25,44
rolling/extra-trees,rolling-daily,extra-trees,rolling,split-2,2023-10-30,35,33,42,50,50
rolling/extra-trees,rolling-daily,extra-trees,rolling,split-2,2023-10-30,82,24,28.5,35,35
rolling/extra-trees,rolling-daily,extra-trees,rolling,split-2,2023-10-31,11,12,13.5,15,15
rolling/extra-trees,rolling-daily,extra-trees,rolling,split-2,2023-10-31,12,8,10,13,13
rolling/extra-trees,rolling-daily,extra-trees,rolling,split-2,2023-10-31,13,11,19,23,23
rolling/extra-trees,rolling-daily,extra-trees,rolling,split-2,2023-10-31,21,15,21.5,26,26
rolling/extra-trees,rolling-daily,extra-trees,rolling,split-2,2023-10-31,35,25,31.5,36.25,37
rolling/extra-trees,rolling-daily,extra-trees,rolling,split-2,2023-10-31,82,16,18,21,21
rolling/histogram-small,rolling-daily,histogram-small,rolling,split-2,2023-09-01,11,35,29.049070997750736,31.997070431429577,32
rolling/histogram-small,rolling-daily,histogram-small,rolling,split-2,2023-09-01,12,11,10.372313609763374,11.847056419765028,12
rolling/histogram-small,rolling-daily,histogram-small,rolling,split-2,2023-09-01,13,31,32.163913917596197,37.815893597301262,38
rolling/histogram-small,rolling-daily,histogram-small,rolling,split-2,2023-09-01,21,39,39.128101820506927,41.736915033587785,42
rolling/histogram-small,rolling-daily,histogram-small,rolling,split-2,2023-09-01,35,57,56.208114784213628,60.344159232765392,61
rolling/histogram-small,rolling-daily,histogram-small,rolling,split-2,2023-09-01,82,55,35.637942712030757,37.455889441804374,38
rolling/histogram-small,rolling-daily,histogram-small,rolling,split-2,2023-09-02,11,17,34.390313118810838,36.205471801417048,37
rolling/histogram-small,rolling-daily,histogram-small,rolling,split-2,2023-09-02,12,8,10.965768649835473,11.187773770150415,12
rolling/histogram-small,rolling-daily,histogram-small,rolling,split-2,2023-09-02,13,22,34.837130579729788,39.799553608751502,40
rolling/histogram-small,rolling-daily,histogram-small,rolling,split-2,2023-09-02,21,29,40.063354131598899,45.371427089677958,46
rolling/histogram-small,rolling-daily,histogram-small,rolling,split-2,2023-09-02,35,47,56.366027851445295,60.146792727773203,61
rolling/histogram-small,rolling-daily,histogram-small,rolling,split-2,2023-09-02,82,30,35.474367943522239,38.075981143266347,39
rolling/histogram-small,rolling-daily,histogram-small,rolling,split-2,2023-09-03,11,5,30.398824603673468,34.650192894694683,35
rolling/histogram-small,rolling-daily,histogram-small,rolling,split-2,2023-09-03,12,7,10.724149216414471,11.16449539332551,12
rolling/histogram-small,rolling-daily,histogram-small,rolling,split-2,2023-09-03,13,19,34.943335236041577,42.121788837619839,43
rolling/histogram-small,rolling-daily,histogram-small,rolling,split-2,2023-09-03,21,16,38.716309091788837,42.139747700770812,43
rolling/histogram-small,rolling-daily,histogram-small,rolling,split-2,2023-09-03,35,32,56.911003141743244,62.393734476143422,63
rolling/histogram-small,rolling-daily,histogram-small,rolling,split-2,2023-09-03,82,14,35.13776517664752,38.217474748728108,39
rolling/histogram-small,rolling-daily,histogram-small,rolling,split-2,2023-09-04,11,60,34.260878685291118,47.115628232292622,48
rolling/histogram-small,rolling-daily,histogram-small,rolling,split-2,2023-09-04,12,29,13.635743074083809,14.816377396090139,15
rolling/histogram-small,rolling-daily,histogram-small,rolling,split-2,2023-09-04,13,54,42.319151236724863,53.678508768138933,54
rolling/histogram-small,rolling-daily,histogram-small,rolling,split-2,2023-09-04,21,63,47.605865293638075,54.793839996024403,55
rolling/histogram-small,rolling-daily,histogram-small,rolling,split-2,2023-09-04,35,82,62.8385709468958,69.180849048929176,70
rolling/histogram-small,rolling-daily,histogram-small,rolling,split-2,2023-09-04,82,46,36.776030185340289,45.549214138266379,46
rolling/histogram-small,rolling-daily,histogram-small,rolling,split-2,2023-09-05,11,30,30.892769707734665,36.100830330685959,37
rolling/histogram-small,rolling-daily,histogram-small,rolling,split-2,2023-09-05,12,15,11.836763927755712,14.412377374178778,15
rolling/histogram-small,rolling-daily,histogram-small,rolling,split-2,2023-09-05,13,28,35.709914979090186,46.245828082584183,47
rolling/histogram-small,rolling-daily,histogram-small,rolling,split-2,2023-09-05,21,31,42.307990575808013,45.294635303635062,46
rolling/histogram-small,rolling-daily,histogram-small,rolling,split-2,2023-09-05,35,45,57.285357341306529,63.716975461822472,64
rolling/histogram-small,rolling-daily,histogram-small,rolling,split-2,2023-09-05,82,30,35.370861914166518,37.423079213959582,38
rolling/histogram-small,rolling-daily,histogram-small,rolling,split-2,2023-09-06,11,17,28.841639741670953,34.208555151200486,35
rolling/histogram-small,rolling-daily,histogram-small,rolling,split-2,2023-09-06,12,8,12.328449198478207,15.66079769011732,16
rolling/histogram-small,rolling-daily,histogram-small,rolling,split-2,2023-09-06,13,19,32.542438119376683,41.712542813644674,42
rolling/histogram-small,rolling-daily,histogram-small,rolling,split-2,2023-09-06,21,22,36.147793717347632,39.761845332291628,40
rolling/histogram-small,rolling-daily,histogram-small,rolling,split-2,2023-09-06,35,44,56.086728023508876,59.904725118545329,60
rolling/histogram-small,rolling-daily,histogram-small,rolling,split-2,2023-09-06,82,20,29.381586318248317,32.916052534732344,33
rolling/histogram-small,rolling-daily,histogram-small,rolling,split-2,2023-09-07,11,25,30.342881084034332,36.066221564916098,37
rolling/histogram-small,rolling-daily,histogram-small,rolling,split-2,2023-09-07,12,15,9.0127006830203911,10.914998184809463,11
rolling/histogram-small,rolling-daily,histogram-small,rolling,split-2,2023-09-07,13,20,27.648956927647646,34.138927085859194,35
rolling/histogram-small,rolling-daily,histogram-small,rolling,split-2,2023-09-07,21,30,35.868739942288876,40.398249230226867,41
rolling/histogram-small,rolling-daily,histogram-small,rolling,split-2,2023-09-07,35,31,56.189571780255307,60.096222041018038,61
rolling/histogram-small,rolling-daily,histogram-small,rolling,split-2,2023-09-07,82,25,33.672797398917673,35.529609336922405,36
rolling/histogram-small,rolling-daily,histogram-small,rolling,split-2,2023-09-08,11,24,27.237815833475885,30.233477505860996,31
rolling/histogram-small,rolling-daily,histogram-small,rolling,split-2,2023-09-08,12,11,11.423596597950386,14.569513433040726,15
rolling/histogram-small,rolling-daily,histogram-small,rolling,split-2,2023-09-08,13,22,24.580699371519806,34.067347840667182,35
rolling/histogram-small,rolling-daily,histogram-small,rolling,split-2,2023-09-08,21,45,35.915194684805535,40.177690425683821,41
rolling/histogram-small,rolling-daily,histogram-small,rolling,split-2,2023-09-08,35,45,55.856357949084646,60.20300276366973,61
rolling/histogram-small,rolling-daily,histogram-small,rolling,split-2,2023-09-08,82,24,31.828230418247664,32.932780021715345,33
rolling/histogram-small,rolling-daily,histogram-small,rolling,split-2,2023-09-09,11,40,27.005587618637467,29.498071869077194,30
rolling/histogram-small,rolling-daily,histogram-small,rolling,split-2,2023-09-09,12,9,9.9193200461747644,13.054405673370592,14
rolling/histogram-small,rolling-daily,histogram-small,rolling,split-2,2023-09-09,13,15,24.900956734751478,31.948865204094268,32
rolling/histogram-small,rolling-daily,histogram-small,rolling,split-2,2023-09-09,21,19,36.071400364460672,41.435238252779428,42
rolling/histogram-small,rolling-daily,histogram-small,rolling,split-2,2023-09-09,35,32,55.001014240103601,59.083140607295505,60
rolling/histogram-small,rolling-daily,histogram-small,rolling,split-2,2023-09-09,82,20,29.120819720096009,29.548896044016722,30
rolling/histogram-small,rolling-daily,histogram-small,rolling,split-2,2023-09-10,11,15,29.091958215018316,34.053431213394056,35
rolling/histogram-small,rolling-daily,histogram-small,rolling,split-2,2023-09-10,12,6,10.816002456900669,13.413855768863129,14
rolling/histogram-small,rolling-daily,histogram-small,rolling,split-2,2023-09-10,13,27,22.572752145064914,32.817385420687394,33
rolling/histogram-small,rolling-daily,histogram-small,rolling,split-2,2023-09-10,21,30,34.769771073769263,41.128485978678327,42
rolling/histogram-small,rolling-daily,histogram-small,rolling,split-2,2023-09-10,35,29,54.760226730814693,59.014967439225018,60
rolling/histogram-small,rolling-daily,histogram-small,rolling,split-2,2023-09-10,82,18,27.589506140222824,28.782097008734475,29
rolling/histogram-small,rolling-daily,histogram-small,rolling,split-2,2023-09-11,11,14,38.53082559937566,46.856582765451066,47
rolling/histogram-small,rolling-daily,histogram-small,rolling,split-2,2023-09-11,12,13,12.66377971311489,17.594090959820406,18
rolling/histogram-small,rolling-daily,histogram-small,rolling,split-2,2023-09-11,13,18,38.098981749143178,45.642743957891895,46
rolling/histogram-small,rolling-daily,histogram-small,rolling,split-2,2023-09-11,21,23,47.743171393992284,55.110789424510799,56
rolling/histogram-small,rolling-daily,histogram-small,rolling,split-2,2023-09-11,35,25,61.221272474955356,66.583575565980368,67
rolling/histogram-small,rolling-daily,histogram-small,rolling,split-2,2023-09-11,82,8,37.431339737695957,39.213494618855222,40
rolling/histogram-small,rolling-daily,histogram-small,rolling,split-2,2023-09-12,11,13,23.255372451046426,24.856391409262624,25
rolling/histogram-small,rolling-daily,histogram-small,rolling,split-2,2023-09-12,12,13,10.693812045331583,10.693812045331583,11
rolling/histogram-small,rolling-daily,histogram-small,rolling,split-2,2023-09-12,13,13,24.890558462273361,28.707340836679052,29
rolling/histogram-small,rolling-daily,histogram-small,rolling,split-2,2023-09-12,21,10,35.351011250337876,43.223364177211955,44
rolling/histogram-small,rolling-daily,histogram-small,rolling,split-2,2023-09-12,35,28,52.828838470869272,56.690272708437206,57
rolling/histogram-small,rolling-daily,histogram-small,rolling,split-2,2023-09-12,82,6,18.754142126527015,21.447042978331215,22
rolling/histogram-small,rolling-daily,histogram-small,rolling,split-2,2023-09-13,11,34,17.13160400957609,20.826270964507483,21
rolling/histogram-small,rolling-daily,histogram-small,rolling,split-2,2023-09-13,12,10,10.611481888922629,10.611481888922629,11
rolling/histogram-small,rolling-daily,histogram-small,rolling,split-2,2023-09-13,13,45,19.220403113643734,22.607608790504766,23
rolling/histogram-small,rolling-daily,histogram-small,rolling,split-2,2023-09-13,21,38,22.34929143721882,31.781765949344962,32
rolling/histogram-small,rolling-daily,histogram-small,rolling,split-2,2023-09-13,35,65,52.466233441377852,56.021565286565178,57
rolling/histogram-small,rolling-daily,histogram-small,rolling,split-2,2023-09-13,82,26,16.903416644323141,19.322661635778108,20
rolling/histogram-small,rolling-daily,histogram-small,rolling,split-2,2023-09-14,11,12,25.442925776288703,28.442626836268737,29
rolling/histogram-small,rolling-daily,histogram-small,rolling,split-2,2023-09-14,12,14,9.665157826471269,9.7762383028348037,10
rolling/histogram-small,rolling-daily,histogram-small,rolling,split-2,2023-09-14,13,21,25.973878681860192,27.103110649148306,28
rolling/histogram-small,rolling-daily,histogram-small,rolling,split-2,2023-09-14,21,20,32.361850590292946,38.384829837413378,39
rolling/histogram-small,rolling-daily,histogram-small,rolling,split-2,2023-09-14,35,33,52.595210265057887,55.365949958458479,56
rolling/histogram-small,rolling-daily,histogram-small,rolling,split-2,2023-09-14,82,13,22.492000288140595,24.091543028302965,25
rolling/histogram-small,rolling-daily,histogram-small,rolling,split-2,2023-09-15,11,11,17.322177770004103,22.275298592493598,23
rolling/histogram-small,rolling-daily,histogram-small,rolling,split-2,2023-09-15,12,16,11.195516747861518,11.195516747861518,12
rolling/histogram-small,rolling-daily,histogram-small,rolling,split-2,2023-09-15,13,19,24.138833641507901,25.631636510144105,26
rolling/histogram-small,rolling-daily,histogram-small,rolling,split-2,2023-09-15,21,14,26.647270248546892,34.112314162660681,35
rolling/histogram-small,rolling-daily,histogram-small,rolling,split-2,2023-09-15,35,42,52.451305174087025,57.374436589886301,58
rolling/histogram-small,rolling-daily,histogram-small,rolling,split-2,2023-09-15,82,11,18.325719878853008,18.325719878853008,19
rolling/histogram-small,rolling-daily,histogram-small,rolling,split-2,2023-09-16,11,10,16.803317124867156,21.621195650402214,22
rolling/histogram-small,rolling-daily,histogram-small,rolling,split-2,2023-09-16,12,9,12.666732412366478,13.789501867392199,14
rolling/histogram-small,rolling-daily,histogram-small,rolling,split-2,2023-09-16,13,32,21.849650926795526,22.537194072625418,23
rolling/histogram-small,rolling-daily,histogram-small,rolling,split-2,2023-09-16,21,28,19.997904757672337,26.509636323067173,27
rolling/histogram-small,rolling-daily,histogram-small,rolling,split-2,2023-09-16,35,34,51.9595733045727,57.210843955301058,58
rolling/histogram-small,rolling-daily,histogram-small,rolling,split-2,2023-09-16,82,12,17.075024440871612,17.407708220761524,18
rolling/histogram-small,rolling-daily,histogram-small,rolling,split-2,2023-09-17,11,12,12.950136491583674,18.711337260704298,19
rolling/histogram-small,rolling-daily,histogram-small,rolling,split-2,2023-09-17,12,6,10.653314576302812,11.571030714606291,12
rolling/histogram-small,rolling-daily,histogram-small,rolling,split-2,2023-09-17,13,17,26.635562005032142,31.856572859663434,32
rolling/histogram-small,rolling-daily,histogram-small,rolling,split-2,2023-09-17,21,17,28.315632484933683,31.292404125560513,32
rolling/histogram-small,rolling-daily,histogram-small,rolling,split-2,2023-09-17,35,33,53.739043253583269,58.43364363702451,59
rolling/histogram-small,rolling-daily,histogram-small,rolling,split-2,2023-09-17,82,12,16.744902631890383,17.991871325725423,18
rolling/histogram-small,rolling-daily,histogram-small,rolling,split-2,2023-09-18,11,10,24.247602949997841,28.087751446846255,29
rolling/histogram-small,rolling-daily,histogram-small,rolling,split-2,2023-09-18,12,13,13.370557182015212,13.809503816077775,14
rolling/histogram-small,rolling-daily,histogram-small,rolling,split-2,2023-09-18,13,19,34.9676861161958,36.211579140549539,37
rolling/histogram-small,rolling-daily,histogram-small,rolling,split-2,2023-09-18,21,37,34.57452007166598,40.625665354378988,41
rolling/histogram-small,rolling-daily,histogram-small,rolling,split-2,2023-09-18,35,46,57.805747158855034,64.87781596228379,65
rolling/histogram-small,rolling-daily,histogram-small,rolling,split-2,2023-09-18,82,8,22.994060758405453,22.994060758405453,23
rolling/histogram-small,rolling-daily,histogram-small,rolling,split-2,2023-09-19,11,11,12.255384850994716,17.65073936490402,18
rolling/histogram-small,rolling-daily,histogram-small,rolling,split-2,2023-09-19,12,12,11.569547705638207,11.569547705638207,12
rolling/histogram-small,rolling-daily,histogram-small,rolling,split-2,2023-09-19,13,15,22.324620878569029,22.638335167480868,23
rolling/histogram-small,rolling-daily,histogram-small,rolling,split-2,2023-09-19,21,25,31.845923107078622,33.374208004373116,34
rolling/histogram-small,rolling-daily,histogram-small,rolling,split-2,2023-09-19,35,31,50.067995631625308,56.579003582361317,57
rolling/histogram-small,rolling-daily,histogram-small,rolling,split-2,2023-09-19,82,12,13.576861237599285,13.576861237599285,14
rolling/histogram-small,rolling-daily,histogram-small,rolling,split-2,2023-09-20,11,10,11.383653365617597,17.136415704930855,18
rolling/histogram-small,rolling-daily,histogram-small,rolling,split-2,2023-09-20,12,11,10.65280986067752,10.765873703067371,11
rolling/histogram-small,rolling-daily,histogram-small,rolling,split-2,2023-09-20,13,21,23.134825957988657,27.055702147030441,28
rolling/histogram-small,rolling-daily,histogram-small,rolling,split-2,2023-09-20,21,14,30.12980551805407,32.289514203061302,33
rolling/histogram-small,rolling-daily,histogram-small,rolling,split-2,2023-09-20,35,23,49.696071651994743,56.860545066071126,57
rolling/histogram-small,rolling-daily,histogram-small,rolling,split-2,2023-09-20,82,12,15.03498029112572,15.03498029112572,16
rolling/histogram-small,rolling-daily,histogram-small,rolling,split-2,2023-09-21,11,8,9.5588070760647454,12.7477008960918,13
rolling/histogram-small,rolling-daily,histogram-small,rolling,split-2,2023-09-21,12,6,10.289977977401204,10.891509447876659,11
rolling/histogram-small,rolling-daily,histogram-small,rolling,split-2,2023-09-21,13,23,19.271006926826296,21.907810286822542,22
rolling/histogram-small,rolling-daily,histogram-small,rolling,split-2,2023-09-21,21,22,18.98974097469085,25.45955878726182,26
rolling/histogram-small,rolling-daily,histogram-small,rolling,split-2,2023-09-21,35,25,48.397036788193773,54.07929598779937,55
rolling/histogram-small,rolling-daily,histogram-small,rolling,split-2,2023-09-21,82,12,14.407264831873681,14.407264831873681,15
rolling/histogram-small,rolling-daily,histogram-small,rolling,split-2,2023-09-22,11,11,8.6143171452633638,11.411370927505519,12
rolling/histogram-small,rolling-daily,histogram-small,rolling,split-2,2023-09-22,12,8,8.2172827649793945,9.4724682383211469,10
rolling/histogram-small,rolling-daily,histogram-small,rolling,split-2,2023-09-22,13,20,20.610312112435238,22.511042820553705,23
rolling/histogram-small,rolling-daily,histogram-small,rolling,split-2,2023-09-22,21,13,24.892794879890133,27.78129109969106,28
rolling/histogram-small,rolling-daily,histogram-small,rolling,split-2,2023-09-22,35,40,48.147691678543829,52.834788813940406,53
rolling/histogram-small,rolling-daily,histogram-small,rolling,split-2,2023-09-22,82,11,14.234418484265817,14.234418484265817,15
rolling/histogram-small,rolling-daily,histogram-small,rolling,split-2,2023-09-23,11,12,9.5190866208012075,12.316140403043363,13
rolling/histogram-small,rolling-daily,histogram-small,rolling,split-2,2023-09-23,12,14,8.70128274217452,9.1289858007268396,10
rolling/histogram-small,rolling-daily,histogram-small,rolling,split-2,2023-09-23,13,17,21.510070131913523,24.424100772620143,25
rolling/histogram-small,rolling-daily,histogram-small,rolling,split-2,2023-09-23,21,22,18.29364820018715,24.439255367758591,25
rolling/histogram-small,rolling-daily,histogram-small,rolling,split-2,2023-09-23,35,39,48.202692699158,52.125623097431173,53
rolling/histogram-small,rolling-daily,histogram-small,rolling,split-2,2023-09-23,82,11,13.746235790773655,13.746235790773655,14
rolling/histogram-small,rolling-daily,histogram-small,rolling,split-2,2023-09-24,11,11,9.2815223648342453,12.805144433760805,13
rolling/histogram-small,rolling-daily,histogram-small,rolling,split-2,2023-09-24,12,5,10.883058360572527,10.883058360572527,11
rolling/histogram-small,rolling-daily,histogram-small,rolling,split-2,2023-09-24,13,21,18.872606826059588,24.001841001208852,25
rolling/histogram-small,rolling-daily,histogram-small,rolling,split-2,2023-09-24,21,26,21.630446080277377,28.302154928706464,29
rolling/histogram-small,rolling-daily,histogram-small,rolling,split-2,2023-09-24,35,25,46.701068718364681,54.063370919579981,55
rolling/histogram-small,rolling-daily,histogram-small,rolling,split-2,2023-09-24,82,12,13.441732814303641,13.441732814303641,14
rolling/histogram-small,rolling-daily,histogram-small,rolling,split-2,2023-09-25,11,15,15.17758703882963,17.712232738467598,18
rolling/histogram-small,rolling-daily,histogram-small,rolling,split-2,2023-09-25,12,20,11.22166006187835,11.882935919441836,12
rolling/histogram-small,rolling-daily,histogram-small,rolling,split-2,2023-09-25,13,37,30.203187594477452,35.502240658995866,36
rolling/histogram-small,rolling-daily,histogram-small,rolling,split-2,2023-09-25,21,36,34.624849809496538,39.282570518997858,40
rolling/histogram-small,rolling-daily,histogram-small,rolling,split-2,2023-09-25,35,47,50.511702489625627,60.456013000055037,61
rolling/histogram-small,rolling-daily,histogram-small,rolling,split-2,2023-09-25,82,18,19.390109658805184,19.390109658805184,20
rolling/histogram-small,rolling-daily,histogram-small,rolling,split-2,2023-09-26,11,15,11.458461962492883,14.385515942156541,15
rolling/histogram-small,rolling-daily,histogram-small,rolling,split-2,2023-09-26,12,12,11.247429324266317,13.125604075374223,14
rolling/histogram-small,rolling-daily,histogram-small,rolling,split-2,2023-09-26,13,21,23.876331369234524,27.432593609092454,28
rolling/histogram-small,rolling-daily,histogram-small,rolling,split-2,2023-09-26,21,26,28.067070794252921,33.83286976206589,34
rolling/histogram-small,rolling-daily,histogram-small,rolling,split-2,2023-09-26,35,23,44.642349259691755,50.708085544251041,51
rolling/histogram-small,rolling-daily,histogram-small,rolling,split-2,2023-09-26,82,12,14.850383199900318,14.850383199900318,15
rolling/histogram-small,rolling-daily,histogram-small,rolling,split-2,2023-09-27,11,13,11.053212792254971,16.514739501605131,17
rolling/histogram-small,rolling-daily,histogram-small,rolling,split-2,2023-09-27,12,4,10.146536961957423,11.509620415576018,12
rolling/histogram-small,rolling-daily,histogram-small,rolling,split-2,2023-09-27,13,12,22.106920887978522,26.761153703769647,27
rolling/histogram-small,rolling-daily,histogram-small,rolling,split-2,2023-09-27,21,17,25.463552710854195,29.956786724245042,30
rolling/histogram-small,rolling-daily,histogram-small,rolling,split-2,2023-09-27,35,22,39.679601839535067,46.144892217165868,47
rolling/histogram-small,rolling-daily,histogram-small,rolling,split-2,2023-09-27,82,11,11.924256693196671,13.74447675430574,14
rolling/histogram-small,rolling-daily,histogram-small,rolling,split-2,2023-09-28,11,11,10.134004105255753,13.971833611238878,14
rolling/histogram-small,rolling-daily,histogram-small,rolling,split-2,2023-09-28,12,4,7.41162941279278,9.9457705537004397,10
rolling/histogram-small,rolling-daily,histogram-small,rolling,split-2,2023-09-28,13,14,13.726833658915458,21.231723528689468,22
rolling/histogram-small,rolling-daily,histogram-small,rolling,split-2,2023-09-28,21,10,23.657202271950684,28.118924804173375,29
rolling/histogram-small,rolling-daily,histogram-small,rolling,split-2,2023-09-28,35,23,38.350583641757765,43.162340472916256,44
rolling/histogram-small,rolling-daily,histogram-small,rolling,split-2,2023-09-28,82,7,11.602583603245289,13.169368318862492,14
rolling/histogram-small,rolling-daily,histogram-small,rolling,split-2,2023-09-29,11,12,9.7087367463922796,14.519278146766968,15
rolling/histogram-small,rolling-daily,histogram-small,rolling,split-2,2023-09-29,12,6,6.5403800230116698,9.6301149405139608,10
rolling/histogram-small,rolling-daily,histogram-small,rolling,split-2,2023-09-29,13,14,14.521922960294717,21.548783193690685,22
rolling/histogram-small,rolling-daily,histogram-small,rolling,split-2,2023-09-29,21,12,18.017534522845288,25.127901231562859,26
rolling/histogram-small,rolling-daily,histogram-small,rolling,split-2,2023-09-29,35,28,39.078293221302552,45.285649348421288,46
rolling/histogram-small,rolling-daily,histogram-small,rolling,split-2,2023-09-29,82,11,10.461333864473236,12.100558642154144,13
rolling/histogram-small,rolling-daily,histogram-small,rolling,split-2,2023-09-30,11,18,10.04024450510328,14.300938343605392,15
rolling/histogram-small,rolling-daily,histogram-small,rolling,split-2,2023-09-30,12,9,6.4930369956311589,8.8736203288177133,9
rolling/histogram-small,rolling-daily,histogram-small,rolling,split-2,2023-09-30,13,21,14.773219994736028,20.333096113877023,21
rolling/histogram-small,rolling-daily,histogram-small,rolling,split-2,2023-09-30,21,17,18.233192560526277,24.21450629429922,25
rolling/histogram-small,rolling-daily,histogram-small,rolling,split-2,2023-09-30,35,36,37.179032264164725,42.444882904498954,43
rolling/histogram-small,rolling-daily,histogram-small,rolling,split-2,2023-09-30,82,20,11.932801482389127,12.720106957473828,13
rolling/histogram-small,rolling-daily,histogram-small,rolling,split-2,2023-10-01,11,32,12.431167789385801,20.221613383728304,21
rolling/histogram-small,rolling-daily,histogram-small,rolling,split-2,2023-10-01,12,14,7.9757639780589171,10.461772494821117,11
rolling/histogram-small,rolling-daily,histogram-small,rolling,split-2,2023-10-01,13,24,17.636981745776112,26.948654725944333,27
rolling/histogram-small,rolling-daily,histogram-small,rolling,split-2,2023-10-01,21,35,20.033183992547428,27.861050828473878,28
rolling/histogram-small,rolling-daily,histogram-small,rolling,split-2,2023-10-01,35,48,35.340536515107146,43.135658003398646,44
rolling/histogram-small,rolling-daily,histogram-small,rolling,split-2,2023-10-01,82,32,13.59137980014988,17.601027573865231,18
rolling/histogram-small,rolling-daily,histogram-small,rolling,split-2,2023-10-02,11,31,25.738040264426534,29.970209121142009,30
rolling/histogram-small,rolling-daily,histogram-small,rolling,split-2,2023-10-02,12,19,14.103695858891696,16.365795452137064,17
rolling/histogram-small,rolling-daily,histogram-small,rolling,split-2,2023-10-02,13,53,29.651025457284273,37.581229178173835,38
rolling/histogram-small,rolling-daily,histogram-small,rolling,split-2,2023-10-02,21,43,36.543811400029952,44.0126887346795,45
rolling/histogram-small,rolling-daily,histogram-small,rolling,split-2,2023-10-02,35,64,45.746247163516294,57.34810432795345,58
rolling/histogram-small,rolling-daily,histogram-small,rolling,split-2,2023-10-02,82,32,26.659525612195665,28.499449763033034,29
rolling/histogram-small,rolling-daily,histogram-small,rolling,split-2,2023-10-03,11,11,18.09968538115373,27.441236157450547,28
rolling/histogram-small,rolling-daily,histogram-small,rolling,split-2,2023-10-03,12,9,11.677274246206814,15.437296804640754,16
rolling/histogram-small,rolling-daily,histogram-small,rolling,split-2,2023-10-03,13,13,23.636317957622953,30.503185292109386,31
rolling/histogram-small,rolling-daily,histogram-small,rolling,split-2,2023-10-03,21,40,28.868205640565204,32.303650044202143,33
rolling/histogram-small,rolling-daily,histogram-small,rolling,split-2,2023-10-03,35,38,40.511334401424826,50.154881388158643,51
rolling/histogram-small,rolling-daily,histogram-small,rolling,split-2,2023-10-03,82,29,19.54303224819003,25.917155703804706,26
rolling/histogram-small,rolling-daily,histogram-small,rolling,split-2,2023-10-04,11,17,13.235224662190742,20.973429935348626,21
rolling/histogram-small,rolling-daily,histogram-small,rolling,split-2,2023-10-04,12,11,9.2673239109920509,12.489385781015127,13
rolling/histogram-small,rolling-daily,histogram-small,rolling,split-2,2023-10-04,13,27,16.023084542252889,23.136492320745489,24
rolling/histogram-small,rolling-daily,histogram-small,rolling,split-2,2023-10-04,21,27,27.77970563349913,33.2225557698399,34
rolling/histogram-small,rolling-daily,histogram-small,rolling,split-2,2023-10-04,35,38,44.473440433043834,53.370999267541364,54
rolling/histogram-small,rolling-daily,histogram-small,rolling,split-2,2023-10-04,82,25,20.474414106175836,27.651156542437732,28
rolling/histogram-small,rolling-daily,histogram-small,rolling,split-2,2023-10-05,11,11,15.525104268808317,23.028041015830325,24
rolling/histogram-small,rolling-daily,histogram-small,rolling,split-2,2023-10-05,12,14,10.023276011740791,12.224251523142126,13
rolling/histogram-small,rolling-daily,histogram-small,rolling,split-2,2023-10-05,13,25,22.164778186834461,28.351222026798531,29
rolling/histogram-small,rolling-daily,histogram-small,rolling,split-2,2023-10-05,21,29,30.105836515187491,34.647405718135673,35
rolling/histogram-small,rolling-daily,histogram-small,rolling,split-2,2023-10-05,35,47,42.736666243129534,52.080906524816136,53
rolling/histogram-small,rolling-daily,histogram-small,rolling,split-2,2023-10-05,82,23,24.006682004743404,26.150242856016618,27
rolling/histogram-small,rolling-daily,histogram-small,rolling,split-2,2023-10-06,11,32,13.14884079831678,20.381307219488889,21
rolling/histogram-small,rolling-daily,histogram-small,rolling,split-2,2023-10-06,12,12,12.724413451625214,13.792777987821232,14
rolling/histogram-small,rolling-daily,histogram-small,rolling,split-2,2023-10-06,13,37,24.096934338831865,30.433187503913629,31
rolling/histogram-small,rolling-daily,histogram-small,rolling,split-2,2023-10-06,21,43,31.184175484561639,36.749417386592818,37
rolling/histogram-small,rolling-daily,histogram-small,rolling,split-2,2023-10-06,35,50,43.43509734516374,50.877802277541065,51
rolling/histogram-small,rolling-daily,histogram-small,rolling,split-2,2023-10-06,82,23,24.759329048393845,27.651512443186785,28
rolling/histogram-small,rolling-daily,histogram-small,rolling,split-2,2023-10-07,11,13,19.764373404425353,26.502353711116594,27
rolling/histogram-small,rolling-daily,histogram-small,rolling,split-2,2023-10-07,12,7,11.739638291424097,13.990198814941433,14
rolling/histogram-small,rolling-daily,histogram-small,rolling,split-2,2023-10-07,13,30,26.224681318625041,33.952991103007022,34
rolling/histogram-small,rolling-daily,histogram-small,rolling,split-2,2023-10-07,21,9,33.926254467179305,40.319234555155063,41
rolling/histogram-small,rolling-daily,histogram-small,rolling,split-2,2023-10-07,35,41,41.218828607167367,51.919332368296054,52
rolling/histogram-small,rolling-daily,histogram-small,rolling,split-2,2023-10-07,82,21,24.208342746338936,27.084872718775042,28
rolling/histogram-small,rolling-daily,histogram-small,rolling,split-2,2023-10-08,11,20,14.799286107813877,22.297321229066675,23
rolling/histogram-small,rolling-daily,histogram-small,rolling,split-2,2023-10-08,12,10,9.9776333676157698,11.144785147149518,12
rolling/histogram-small,rolling-daily,histogram-small,rolling,split-2,2023-10-08,13,24,26.88843504831258,33.941213382195784,34
rolling/histogram-small,rolling-daily,histogram-small,rolling,split-2,2023-10-08,21,34,27.192275883216368,36.421444306671944,37
rolling/histogram-small,rolling-daily,histogram-small,rolling,split-2,2023-10-08,35,37,42.247393913350855,50.760649170944717,51
rolling/histogram-small,rolling-daily,histogram-small,rolling,split-2,2023-10-08,82,24,24.828103415121774,27.570095727559529,28
rolling/histogram-small,rolling-daily,histogram-small,rolling,split-2,2023-10-09,11,23,24.313892037585322,33.765385417119056,34
rolling/histogram-small,rolling-daily,histogram-small,rolling,split-2,2023-10-09,12,15,15.344540774531485,16.016234679581672,17
rolling/histogram-small,rolling-daily,histogram-small,rolling,split-2,2023-10-09,13,35,36.219136405214087,45.264524998546769,46
rolling/histogram-small,rolling-daily,histogram-small,rolling,split-2,2023-10-09,21,38,42.526127028821172,52.296808556106029,53
rolling/histogram-small,rolling-daily,histogram-small,rolling,split-2,2023-10-09,35,44,49.265596332258973,58.753724559152133,59
rolling/histogram-small,rolling-daily,histogram-small,rolling,split-2,2023-10-09,82,25,31.203942663707974,36.849801245759402,37
rolling/histogram-small,rolling-daily,histogram-small,rolling,split-2,2023-10-10,11,26,16.079083727986252,23.677089242964826,24
rolling/histogram-small,rolling-daily,histogram-small,rolling,split-2,2023-10-10,12,12,12.538723178991866,13.495980814946609,14
rolling/histogram-small,rolling-daily,histogram-small,rolling,split-2,2023-10-10,13,21,26.401947107677831,32.656907833012646,33
rolling/histogram-small,rolling-daily,histogram-small,rolling,split-2,2023-10-10,21,28,33.425792400282077,40.336158225441366,41
rolling/histogram-small,rolling-daily,histogram-small,rolling,split-2,2023-10-10,35,36,42.89744676146713,50.162397000057133,51
rolling/histogram-small,rolling-daily,histogram-small,rolling,split-2,2023-10-10,82,18,25.390003592741149,27.063738047868153,28
rolling/histogram-small,rolling-daily,histogram-small,rolling,split-2,2023-10-11,11,13,19.310670569742562,25.239614910332886,26
rolling/histogram-small,rolling-daily,histogram-small,rolling,split-2,2023-10-11,12,15,10.818021532629608,11.764473889575186,12
rolling/histogram-small,rolling-daily,histogram-small,rolling,split-2,2023-10-11,13,21,27.092636365822784,32.936963956358944,33
rolling/histogram-small,rolling-daily,histogram-small,rolling,split-2,2023-10-11,21,28,30.96501089822371,35.791188804661388,36
rolling/histogram-small,rolling-daily,histogram-small,rolling,split-2,2023-10-11,35,30,43.769159109761489,51.628793972737739,52
rolling/histogram-small,rolling-daily,histogram-small,rolling,split-2,2023-10-11,82,16,20.061430141136114,22.976540139564339,23
rolling/histogram-small,rolling-daily,histogram-small,rolling,split-2,2023-10-12,11,15,13.332989221650315,21.107474522090104,22
rolling/histogram-small,rolling-daily,histogram-small,rolling,split-2,2023-10-12,12,12,12.473683310046585,14.839411807167924,15
rolling/histogram-small,rolling-daily,histogram-small,rolling,split-2,2023-10-12,13,17,23.080344025972686,29.168757288825709,30
rolling/histogram-small,rolling-daily,histogram-small,rolling,split-2,2023-10-12,21,16,30.779098163003553,34.691517196430404,35
rolling/histogram-small,rolling-daily,histogram-small,rolling,split-2,2023-10-12,35,28,40.484081921955116,48.810734458682994,49
rolling/histogram-small,rolling-daily,histogram-small,rolling,split-2,2023-10-12,82,21,16.666894452689462,21.843761234318325,22
rolling/histogram-small,rolling-daily,histogram-small,rolling,split-2,2023-10-13,11,13,16.12119732505699,24.837814289771242,25
rolling/histogram-small,rolling-daily,histogram-small,rolling,split-2,2023-10-13,12,14,11.434753910631731,12.150371665358019,13
rolling/histogram-small,rolling-daily,histogram-small,rolling,split-2,2023-10-13,13,23,22.520634469760402,28.503673736422925,29
rolling/histogram-small,rolling-daily,histogram-small,rolling,split-2,2023-10-13,21,28,27.751526598366677,34.544803560545922,35
rolling/histogram-small,rolling-daily,histogram-small,rolling,split-2,2023-10-13,35,37,41.242134038753434,47.966734307089055,48
rolling/histogram-small,rolling-daily,histogram-small,rolling,split-2,2023-10-13,82,25,18.588319306655563,23.05716442558909,24
rolling/histogram-small,rolling-daily,histogram-small,rolling,split-2,2023-10-14,11,6,13.238487704870472,19.153563135918784,20
rolling/histogram-small,rolling-daily,histogram-small,rolling,split-2,2023-10-14,12,2,12.877500842973586,13.178832129596373,14
rolling/histogram-small,rolling-daily,histogram-small,rolling,split-2,2023-10-14,13,16,21.876492115133708,27.783429262345948,28
rolling/histogram-small,rolling-daily,histogram-small,rolling,split-2,2023-10-14,21,14,26.032865300006485,30.784641349609963,31
rolling/histogram-small,rolling-daily,histogram-small,rolling,split-2,2023-10-14,35,26,38.773857770279932,46.533450144246736,47
rolling/histogram-small,rolling-daily,histogram-small,rolling,split-2,2023-10-14,82,23,19.875368454888132,23.202577586533824,24
rolling/histogram-small,rolling-daily,histogram-small,rolling,split-2,2023-10-15,11,19,11.652192957153655,16.94668430219485,17
rolling/histogram-small,rolling-daily,histogram-small,rolling,split-2,2023-10-15,12,9,9.7136799076047815,11.424413987064133,12
rolling/histogram-small,rolling-daily,histogram-small,rolling,split-2,2023-10-15,13,12,19.043936999495273,23.850664835980421,24
rolling/histogram-small,rolling-daily,histogram-small,rolling,split-2,2023-10-15,21,31,23.957949562163897,34.414104331254109,35
rolling/histogram-small,rolling-daily,histogram-small,rolling,split-2,2023-10-15,35,27,38.742810428007225,43.825661024180626,44
rolling/histogram-small,rolling-daily,histogram-small,rolling,split-2,2023-10-15,82,16,20.564329025591178,25.383331019647162,26
rolling/histogram-small,rolling-daily,histogram-small,rolling,split-2,2023-10-16,11,33,19.658615266623595,27.776758976927525,28
rolling/histogram-small,rolling-daily,histogram-small,rolling,split-2,2023-10-16,12,14,15.143567265354648,15.885862198566858,16
rolling/histogram-small,rolling-daily,histogram-small,rolling,split-2,2023-10-16,13,29,26.768474268338807,29.946216704996342,30
rolling/histogram-small,rolling-daily,histogram-small,rolling,split-2,2023-10-16,21,29,36.051034556465289,44.477343485519512,45
rolling/histogram-small,rolling-daily,histogram-small,rolling,split-2,2023-10-16,35,48,43.441391264558661,53.858014234145607,54
rolling/histogram-small,rolling-daily,histogram-small,rolling,split-2,2023-10-16,82,24,24.87314962818715,28.753929651815074,29
rolling/histogram-small,rolling-daily,histogram-small,rolling,split-2,2023-10-17,11,11,16.622355575874217,25.578331898909234,26
rolling/histogram-small,rolling-daily,histogram-small,rolling,split-2,2023-10-17,12,14,11.324298360618258,11.808226283797655,12
rolling/histogram-small,rolling-daily,histogram-small,rolling,split-2,2023-10-17,13,23,18.69764158586797,22.32611033497621,23
rolling/histogram-small,rolling-daily,histogram-small,rolling,split-2,2023-10-17,21,26,27.44551702893181,32.666220987824119,33
rolling/histogram-small,rolling-daily,histogram-small,rolling,split-2,2023-10-17,35,30,34.614015262158674,44.332820156113556,45
rolling/histogram-small,rolling-daily,histogram-small,rolling,split-2,2023-10-17,82,21,18.638472289962184,22.568526966525948,23
rolling/histogram-small,rolling-daily,histogram-small,rolling,split-2,2023-10-18,11,20,11.67782846230034,17.276269768140445,18
rolling/histogram-small,rolling-daily,histogram-small,rolling,split-2,2023-10-18,12,10,11.580559092349191,12.06448701552859,13
rolling/histogram-small,rolling-daily,histogram-small,rolling,split-2,2023-10-18,13,21,18.014620736635191,22.120594028724188,23
rolling/histogram-small,rolling-daily,histogram-small,rolling,split-2,2023-10-18,21,25,26.341854447503351,29.945824863598268,30
rolling/histogram-small,rolling-daily,histogram-small,rolling,split-2,2023-10-18,35,33,32.85338217318845,42.266215560032194,43
rolling/histogram-small,rolling-daily,histogram-small,rolling,split-2,2023-10-18,82,26,18.251706529070013,22.149288520832499,23
rolling/histogram-small,rolling-daily,histogram-small,rolling,split-2,2023-10-19,11,13,13.974528750917422,20.259608580838297,21
rolling/histogram-small,rolling-daily,histogram-small,rolling,split-2,2023-10-19,12,14,8.7968434191008047,10.830500334021071,11
rolling/histogram-small,rolling-daily,histogram-small,rolling,split-2,2023-10-19,13,30,18.562930227950538,21.49844105182758,22
rolling/histogram-small,rolling-daily,histogram-small,rolling,split-2,2023-10-19,21,27,25.319065357907391,27.704909292107509,28
rolling/histogram-small,rolling-daily,histogram-small,rolling,split-2,2023-10-19,35,32,33.069318803688944,38.599495453097248,39
rolling/histogram-small,rolling-daily,histogram-small,rolling,split-2,2023-10-19,82,23,19.316748254646644,22.432563420388067,23
rolling/histogram-small,rolling-daily,histogram-small,rolling,split-2,2023-10-20,11,15,11.702719506005845,18.138819332012872,19
rolling/histogram-small,rolling-daily,histogram-small,rolling,split-2,2023-10-20,12,7,10.970032238256755,11.702092666170099,12
rolling/histogram-small,rolling-daily,histogram-small,rolling,split-2,2023-10-20,13,20,20.316982788198381,23.778710688598775,24
rolling/histogram-small,rolling-daily,histogram-small,rolling,split-2,2023-10-20,21,26,27.825366486559432,29.928621720771059,30
rolling/histogram-small,rolling-daily,histogram-small,rolling,split-2,2023-10-20,35,28,34.053827369092694,42.863999581195863,43
rolling/histogram-small,rolling-daily,histogram-small,rolling,split-2,2023-10-20,82,22,19.751204538363858,23.192348344904406,24
rolling/histogram-small,rolling-daily,histogram-small,rolling,split-2,2023-10-21,11,12,13.463806184145366,21.319069255774444,22
rolling/histogram-small,rolling-daily,histogram-small,rolling,split-2,2023-10-21,12,9,8.3954575572032581,10.402372868409486,11
rolling/histogram-small,rolling-daily,histogram-small,rolling,split-2,2023-10-21,13,18,17.704700176788698,23.229864100752931,24
rolling/histogram-small,rolling-daily,histogram-small,rolling,split-2,2023-10-21,21,14,25.267593293719727,28.194750083006312,29
rolling/histogram-small,rolling-daily,histogram-small,rolling,split-2,2023-10-21,35,33,30.490440605288246,37.276932916790479,38
rolling/histogram-small,rolling-daily,histogram-small,rolling,split-2,2023-10-21,82,20,19.4061387724458,22.857741150404042,23
rolling/histogram-small,rolling-daily,histogram-small,rolling,split-2,2023-10-22,11,23,12.91587775625198,21.087529888418665,22
rolling/histogram-small,rolling-daily,histogram-small,rolling,split-2,2023-10-22,12,4,9.9323668966129279,11.224779613591057,12
rolling/histogram-small,rolling-daily,histogram-small,rolling,split-2,2023-10-22,13,26,18.3812756144589,23.78906806354269,24
rolling/histogram-small,rolling-daily,histogram-small,rolling,split-2,2023-10-22,21,31,20.912300440079736,30.406338520057176,31
rolling/histogram-small,rolling-daily,histogram-small,rolling,split-2,2023-10-22,35,32,33.459082151242043,39.560063080942719,40
rolling/histogram-small,rolling-daily,histogram-small,rolling,split-2,2023-10-22,82,22,17.864474470415232,24.004608122685337,25
rolling/histogram-small,rolling-daily,histogram-small,rolling,split-2,2023-10-23,11,33,22.578605563316827,31.805290691474784,32
rolling/histogram-small,rolling-daily,histogram-small,rolling,split-2,2023-10-23,12,15,10.943993485129866,11.831554657268253,12
rolling/histogram-small,rolling-daily,histogram-small,rolling,split-2,2023-10-23,13,38,29.86090939956452,31.844165379354809,32
rolling/histogram-small,rolling-daily,histogram-small,rolling,split-2,2023-10-23,21,30,32.165873786017642,41.488953179487609,42
rolling/histogram-small,rolling-daily,histogram-small,rolling,split-2,2023-10-23,35,46,41.872437991068921,52.297145702632427,53
rolling/histogram-small,rolling-daily,histogram-small,rolling,split-2,2023-10-23,82,27,25.580389066872712,27.95180177423039,28
rolling/histogram-small,rolling-daily,histogram-small,rolling,split-2,2023-10-24,11,15,16.520228336840781,25.958487820274193,26
rolling/histogram-small,rolling-daily,histogram-small,rolling,split-2,2023-10-24,12,15,10.320013777717689,14.314549988249716,15
rolling/histogram-small,rolling-daily,histogram-small,rolling,split-2,2023-10-24,13,24,22.557559736594449,27.364779032133551,28
rolling/histogram-small,rolling-daily,histogram-small,rolling,split-2,2023-10-24,21,34,22.832843332756347,28.519850264347212,29
rolling/histogram-small,rolling-daily,histogram-small,rolling,split-2,2023-10-24,35,37,32.703948627363417,38.255707671903856,39
rolling/histogram-small,rolling-daily,histogram-small,rolling,split-2,2023-10-24,82,25,20.414478394948681,21.639077532811612,22
rolling/histogram-small,rolling-daily,histogram-small,rolling,split-2,2023-10-25,11,19,14.852525337187565,23.814225836992655,24
rolling/histogram-small,rolling-daily,histogram-small,rolling,split-2,2023-10-25,12,13,11.166948535521319,14.97671486036884,15
rolling/histogram-small,rolling-daily,histogram-small,rolling,split-2,2023-10-25,13,25,23.716655100744553,24.765674447860789,25
rolling/histogram-small,rolling-daily,histogram-small,rolling,split-2,2023-10-25,21,35,25.083746977187275,30.043471914574106,31
rolling/histogram-small,rolling-daily,histogram-small,rolling,split-2,2023-10-25,35,35,34.488715331183101,37.540432725283047,38
rolling/histogram-small,rolling-daily,histogram-small,rolling,split-2,2023-10-25,82,25,21.421269545274015,21.988094380757119,22
rolling/histogram-small,rolling-daily,histogram-small,rolling,split-2,2023-10-26,11,17,14.718415027208,21.063198502859333,22
rolling/histogram-small,rolling-daily,histogram-small,rolling,split-2,2023-10-26,12,11,10.662643565554562,12.756845477564916,13
rolling/histogram-small,rolling-daily,histogram-small,rolling,split-2,2023-10-26,13,22,23.86405677455263,24.048219298021191,25
rolling/histogram-small,rolling-daily,histogram-small,rolling,split-2,2023-10-26,21,27,26.416054736429921,32.501270131438645,33
rolling/histogram-small,rolling-daily,histogram-small,rolling,split-2,2023-10-26,35,36,34.296400166662742,36.569055677593553,37
rolling/histogram-small,rolling-daily,histogram-small,rolling,split-2,2023-10-26,82,23,21.191261574429728,21.656941552966362,22
rolling/histogram-small,rolling-daily,histogram-small,rolling,split-2,2023-10-27,11,16,14.584277448122414,20.998610637972195,21
rolling/histogram-small,rolling-daily,histogram-small,rolling,split-2,2023-10-27,12,11,9.585820641580046,12.305854178434831,13
rolling/histogram-small,rolling-daily,histogram-small,rolling,split-2,2023-10-27,13,31,22.764547174484363,22.764547174484363,23
rolling/histogram-small,rolling-daily,histogram-small,rolling,split-2,2023-10-27,21,23,25.714090516192424,31.929983532467247,32
rolling/histogram-small,rolling-daily,histogram-small,rolling,split-2,2023-10-27,35,44,34.818001551613953,40.231847346685043,41
rolling/histogram-small,rolling-daily,histogram-small,rolling,split-2,2023-10-27,82,23,20.490641905882956,20.956321884419591,21
rolling/histogram-small,rolling-daily,histogram-small,rolling,split-2,2023-10-28,11,19,14.406234666581561,20.02240860359224,21
rolling/histogram-small,rolling-daily,histogram-small,rolling,split-2,2023-10-28,12,8,9.5848555773605391,11.619517186746275,12
rolling/histogram-small,rolling-daily,histogram-small,rolling,split-2,2023-10-28,13,22,23.394922244103803,26.008962321452451,27
rolling/histogram-small,rolling-daily,histogram-small,rolling,split-2,2023-10-28,21,12,23.863182947906687,30.635336788454463,31
rolling/histogram-small,rolling-daily,histogram-small,rolling,split-2,2023-10-28,35,29,34.139829563188606,36.952085631721303,37
rolling/histogram-small,rolling-daily,histogram-small,rolling,split-2,2023-10-28,82,22,19.826845822677662,20.342693086294915,21
rolling/histogram-small,rolling-daily,histogram-small,rolling,split-2,2023-10-29,11,14,16.141930811284954,22.073468976057455,23
rolling/histogram-small,rolling-daily,histogram-small,rolling,split-2,2023-10-29,12,9,9.8127073809312435,11.84736899031698,12
rolling/histogram-small,rolling-daily,histogram-small,rolling,split-2,2023-10-29,13,16,22.494397564699703,26.415116044054891,27
rolling/histogram-small,rolling-daily,histogram-small,rolling,split-2,2023-10-29,21,8,21.056118971654968,32.861441737145562,33
rolling/histogram-small,rolling-daily,histogram-small,rolling,split-2,2023-10-29,35,21,32.639876246390926,38.304352555691572,39
rolling/histogram-small,rolling-daily,histogram-small,rolling,split-2,2023-10-29,82,19,20.169162373578637,22.353713521163602,23
rolling/histogram-small,rolling-daily,histogram-small,rolling,split-2,2023-10-30,11,11,21.03358452764493,23.172422300123991,24
rolling/histogram-small,rolling-daily,histogram-small,rolling,split-2,2023-10-30,12,12,13.28887174900596,15.323533358391698,16
rolling/histogram-small,rolling-daily,histogram-small,rolling,split-2,2023-10-30,13,24,27.754604488407892,31.627932030534154,32
rolling/histogram-small,rolling-daily,histogram-small,rolling,split-2,2023-10-30,21,31,21.970796176823995,28.159870343689075,29
rolling/histogram-small,rolling-daily,histogram-small,rolling,split-2,2023-10-30,35,33,37.870607343052356,46.166995858970516,47
rolling/histogram-small,rolling-daily,histogram-small,rolling,split-2,2023-10-30,82,24,24.900956971095841,25.600961546815423,26
rolling/histogram-small,rolling-daily,histogram-small,rolling,split-2,2023-10-31,11,12,11.557472038145267,14.811181270992133,15
rolling/histogram-small,rolling-daily,histogram-small,rolling,split-2,2023-10-31,12,8,9.6691936631263733,12.194104540614351,13
rolling/histogram-small,rolling-daily,histogram-small,rolling,split-2,2023-10-31,13,11,22.045654431248138,22.228889768174447,23
rolling/histogram-small,rolling-daily,histogram-small,rolling,split-2,2023-10-31,21,15,22.104745008984345,26.671434423332851,27
rolling/histogram-small,rolling-daily,histogram-small,rolling,split-2,2023-10-31,35,25,32.332893105068401,35.175642124013692,36
rolling/histogram-small,rolling-daily,histogram-small,rolling,split-2,2023-10-31,82,16,19.494538576918238,19.960218555454873,20
custom/custom-weekly-daily,custom-weekly-daily,custom-final,custom,split-3,2023-11-01,11,9,12.128548065973281,14.843499688816127,15
custom/custom-weekly-daily,custom-weekly-daily,custom-final,custom,split-3,2023-11-01,12,5,7.865357578218215,9.9349983118079912,10
custom/custom-weekly-daily,custom-weekly-daily,custom-final,custom,split-3,2023-11-01,13,16,14.909401816031766,19.362405056512468,20
custom/custom-weekly-daily,custom-weekly-daily,custom-final,custom,split-3,2023-11-01,21,14,17.279891612392269,20.138824047816779,21
custom/custom-weekly-daily,custom-weekly-daily,custom-final,custom,split-3,2023-11-01,35,20,26.65893992930588,29.628012164385385,30
custom/custom-weekly-daily,custom-weekly-daily,custom-final,custom,split-3,2023-11-01,82,12,15.606353277977801,18.572906172857891,19
custom/custom-weekly-daily,custom-weekly-daily,custom-final,custom,split-3,2023-11-02,11,17,10.813699782041635,13.573479646282234,14
custom/custom-weekly-daily,custom-weekly-daily,custom-final,custom,split-3,2023-11-02,12,15,7.0822533122078308,8.7500737134076694,9
custom/custom-weekly-daily,custom-weekly-daily,custom-final,custom,split-3,2023-11-02,13,20,14.585667179281961,18.845253231988409,19
custom/custom-weekly-daily,custom-weekly-daily,custom-final,custom,split-3,2023-11-02,21,13,13.985618656745803,16.371138142091045,17
custom/custom-weekly-daily,custom-weekly-daily,custom-final,custom,split-3,2023-11-02,35,27,23.079948938324183,27.122529964771864,28
custom/custom-weekly-daily,custom-weekly-daily,custom-final,custom,split-3,2023-11-02,82,14,13.402415379277,16.198806408906535,17
custom/custom-weekly-daily,custom-weekly-daily,custom-final,custom,split-3,2023-11-03,11,11,11.654076885348006,15.109564582919345,16
custom/custom-weekly-daily,custom-weekly-daily,custom-final,custom,split-3,2023-11-03,12,9,9.5337884862663529,11.803455571216215,12
custom/custom-weekly-daily,custom-weekly-daily,custom-final,custom,split-3,2023-11-03,13,17,15.449023599916782,20.045217713358454,21
custom/custom-weekly-daily,custom-weekly-daily,custom-final,custom,split-3,2023-11-03,21,5,13.265596333550947,15.041633868686773,16
custom/custom-weekly-daily,custom-weekly-daily,custom-final,custom,split-3,2023-11-03,35,21,26.09487626789582,30.912631021922284,31
custom/custom-weekly-daily,custom-weekly-daily,custom-final,custom,split-3,2023-11-03,82,12,13.189322289176472,15.587830390798914,16
custom/custom-weekly-daily,custom-weekly-daily,custom-final,custom,split-3,2023-11-04,11,11,10.675921131948378,14.073281325229228,15
custom/custom-weekly-daily,custom-weekly-daily,custom-final,custom,split-3,2023-11-04,12,4,8.0820114121408437,10.18555283562914,11
custom/custom-weekly-daily,custom-weekly-daily,custom-final,custom,split-3,2023-11-04,13,9,15.049631657406067,19.228273478043103,20
custom/custom-weekly-daily,custom-weekly-daily,custom-final,custom,split-3,2023-11-04,21,12,11.981787613200863,13.604951147064757,14
custom/custom-weekly-daily,custom-weekly-daily,custom-final,custom,split-3,2023-11-04,35,17,21.043189062229331,24.849548330771292,25
custom/custom-weekly-daily,custom-weekly-daily,custom-final,custom,split-3,2023-11-04,82,12,11.25960998049133,12.973055566764595,13
custom/custom-weekly-daily,custom-weekly-daily,custom-final,custom,split-3,2023-11-05,11,4,10.414366182723782,14.166284694295562,15
custom/custom-weekly-daily,custom-weekly-daily,custom-final,custom,split-3,2023-11-05,12,2,6.7591948973421205,8.4511947048853386,9
custom/custom-weekly-daily,custom-weekly-daily,custom-final,custom,split-3,2023-11-05,13,9,14.464216788919135,18.692718104512259,19
custom/custom-weekly-daily,custom-weekly-daily,custom-final,custom,split-3,2023-11-05,21,8,13.398215335303465,15.807809534996231,16
custom/custom-weekly-daily,custom-weekly-daily,custom-final,custom,split-3,2023-11-05,35,16,18.520055669314885,22.792716305679292,23
custom/custom-weekly-daily,custom-weekly-daily,custom-final,custom,split-3,2023-11-05,82,11,12.064001236263868,14.803506178037079,15
custom/custom-weekly-daily,custom-weekly-daily,custom-final,custom,split-3,2023-11-06,11,8,11.788646668793884,17.086970142048685,18
custom/custom-weekly-daily,custom-weekly-daily,custom-final,custom,split-3,2023-11-06,12,5,8.2616398873284567,11.2001513177646,12
custom/custom-weekly-daily,custom-weekly-daily,custom-final,custom,split-3,2023-11-06,13,11,19.181485767260622,25.050516187234599,26
custom/custom-weekly-daily,custom-weekly-daily,custom-final,custom,split-3,2023-11-06,21,14,16.717125476245602,21.260781163907758,22
custom/custom-weekly-daily,custom-weekly-daily,custom-final,custom,split-3,2023-11-06,35,14,27.614741321948138,35.734653416395503,36
custom/custom-weekly-daily,custom-weekly-daily,custom-final,custom,split-3,2023-11-06,82,10,15.777032545381683,19.369518887823794,20
custom/custom-weekly-daily,custom-weekly-daily,custom-final,custom,split-3,2023-11-07,11,6,7.5689616585703634,10.273274709579271,11
custom/custom-weekly-daily,custom-weekly-daily,custom-final,custom,split-3,2023-11-07,12,2,5.1688483977395663,7.2762333161902113,8
custom/custom-weekly-daily,custom-weekly-daily,custom-final,custom,split-3,2023-11-07,13,11,10.795186499912957,13.452012637056539,14
custom/custom-weekly-daily,custom-weekly-daily,custom-final,custom,split-3,2023-11-07,21,12,11.087636635206678,12.533097083027361,13
custom/custom-weekly-daily,custom-weekly-daily,custom-final,custom,split-3,2023-11-07,35,17,13.995963159990351,18.280943112116425,19
custom/custom-weekly-daily,custom-weekly-daily,custom-final,custom,split-3,2023-11-07,82,8,9.3541074355143898,9.9246470880160889,10
custom/custom-weekly-daily,custom-weekly-daily,custom-final,custom,split-3,2023-11-08,11,7,7.2317499799485478,9.9187860682365656,10
custom/custom-weekly-daily,custom-weekly-daily,custom-final,custom,split-3,2023-11-08,12,3,4.6642726813824105,6.1892767012640793,7
custom/custom-weekly-daily,custom-weekly-daily,custom-final,custom,split-3,2023-11-08,13,5,10.879806487569361,13.155791323130167,14
custom/custom-weekly-daily,custom-weekly-daily,custom-final,custom,split-3,2023-11-08,21,6,10.670308873201893,11.241938799700968,12
custom/custom-weekly-daily,custom-weekly-daily,custom-final,custom,split-3,2023-11-08,82,8,9.1642402357539599,9.6580058732094685,10
custom/custom-weekly-daily,custom-weekly-daily,custom-final,custom,split-3,2023-11-09,11,5,6.4346996120483473,9.1984651104481632,10
custom/custom-weekly-daily,custom-weekly-daily,custom-final,custom,split-3,2023-11-09,12,4,4.7338777368790348,5.6220658140879491,6
custom/custom-weekly-daily,custom-weekly-daily,custom-final,custom,split-3,2023-11-09,13,5,10.019655574270374,12.351700695873717,13
custom/custom-weekly-daily,custom-weekly-daily,custom-final,custom,split-3,2023-11-09,21,7,9.3565724124482834,10.495280054199396,11
custom/custom-weekly-daily,custom-weekly-daily,custom-final,custom,split-3,2023-11-09,35,10,13.628961810835321,17.767652619737135,18
custom/custom-weekly-daily,custom-weekly-daily,custom-final,custom,split-3,2023-11-09,82,8,7.870619095179566,8.3408026963971942,9
custom/custom-weekly-daily,custom-weekly-daily,custom-final,custom,split-3,2023-11-10,11,9,5.6824205537894787,8.0724917838686565,9
custom/custom-weekly-daily,custom-weekly-daily,custom-final,custom,split-3,2023-11-10,12,4,4.0006680000768782,5.1992485411857405,6
custom/custom-weekly-daily,custom-weekly-daily,custom-final,custom,split-3,2023-11-10,13,5,8.0163065869778372,10.565585940780613,11
custom/custom-weekly-daily,custom-weekly-daily,custom-final,custom,split-3,2023-11-10,21,11,8.1198971761721221,9.0615020891865736,10
custom/custom-weekly-daily,custom-weekly-daily,custom-final,custom,split-3,2023-11-10,35,9,12.085245061266278,14.868627183324623,15
custom/custom-weekly-daily,custom-weekly-daily,custom-final,custom,split-3,2023-11-10,82,6,7.8866866419958193,8.2827102972191113,9
custom/custom-weekly-daily,custom-weekly-daily,custom-final,custom,split-3,2023-11-11,11,5,6.050861694083185,9.1048036728542332,10
custom/custom-weekly-daily,custom-weekly-daily,custom-final,custom,split-3,2023-11-11,13,10,7.5435981777217362,10.201576349942016,11
custom/custom-weekly-daily,custom-weekly-daily,custom-final,custom,split-3,2023-11-11,21,10,9.8160875780141303,10.603926525533474,11
custom/custom-weekly-daily,custom-weekly-daily,custom-final,custom,split-3,2023-11-11,35,11,10.258166023192464,13.524900400431385,14
custom/custom-weekly-daily,custom-weekly-daily,custom-final,custom,split-3,2023-11-11,82,7,7.4140907015650868,7.9026751460469873,8
custom/custom-weekly-daily,custom-weekly-daily,custom-final,custom,split-3,2023-11-12,11,8,6.05700439311663,8.797901511237491,9
custom/custom-weekly-daily,custom-weekly-daily,custom-final,custom,split-3,2023-11-12,12,6,4.3931380829941009,6.3779787167054973,7
custom/custom-weekly-daily,custom-weekly-daily,custom-final,custom,split-3,2023-11-12,13,10,8.284526985737326,11.142466238412256,12
custom/custom-weekly-daily,custom-weekly-daily,custom-final,custom,split-3,2023-11-12,21,12,10.750053138505017,11.703017817549842,12
custom/custom-weekly-daily,custom-weekly-daily,custom-final,custom,split-3,2023-11-12,35,12,10.33173441063275,13.568501290627944,14
custom/custom-weekly-daily,custom-weekly-daily,custom-final,custom,split-3,2023-11-12,82,8,7.4721782455646482,8.1219209166925808,9
custom/custom-weekly-daily,custom-weekly-daily,custom-final,custom,split-3,2023-11-13,11,8,9.1381388612489367,12.179693553638042,13
custom/custom-weekly-daily,custom-weekly-daily,custom-final,custom,split-3,2023-11-13,12,5,5.688228122378673,6.7828605367563171,7
custom/custom-weekly-daily,custom-weekly-daily,custom-final,custom,split-3,2023-11-13,13,12,11.28218354855853,14.124858946655527,15
custom/custom-weekly-daily,custom-weekly-daily,custom-final,custom,split-3,2023-11-13,21,8,13.333094670423005,14.760941423492348,15
custom/custom-weekly-daily,custom-weekly-daily,custom-final,custom,split-3,2023-11-13,35,12,14.379384656427007,20.845683806600306,21
custom/custom-weekly-daily,custom-weekly-daily,custom-final,custom,split-3,2023-11-13,82,10,9.7942273983886139,11.486081573993431,12
custom/custom-weekly-daily,custom-weekly-daily,custom-final,custom,split-3,2023-11-14,11,8,6.4467387003671854,8.7071339565358272,9
custom/custom-weekly-daily,custom-weekly-daily,custom-final,custom,split-3,2023-11-14,12,6,4.519307753070688,5.2154757858775262,6
custom/custom-weekly-daily,custom-weekly-daily,custom-final,custom,split-3,2023-11-14,13,9,9.5169522841082461,11.314004566377996,12
custom/custom-weekly-daily,custom-weekly-daily,custom-final,custom,split-3,2023-11-14,21,12,9.8775883873486041,10.78413844916532,11
custom/custom-weekly-daily,custom-weekly-daily,custom-final,custom,split-3,2023-11-14,35,9,9.442507231539448,11.837702757607854,12
custom/custom-weekly-daily,custom-weekly-daily,custom-final,custom,split-3,2023-11-14,82,6,7.9244998730654395,8.5293623460617312,9
custom/custom-weekly-daily,custom-weekly-daily,custom-final,custom,split-3,2023-11-15,11,8,6.7174846698357911,9.2328736948088483,10
custom/custom-weekly-daily,custom-weekly-daily,custom-final,custom,split-3,2023-11-15,12,4,4.3809420987456074,4.8242165368034158,5
custom/custom-weekly-daily,custom-weekly-daily,custom-final,custom,split-3,2023-11-15,13,5,8.7747139077447418,10.520091319416011,11
custom/custom-weekly-daily,custom-weekly-daily,custom-final,custom,split-3,2023-11-15,21,10,9.7767100944400553,10.965206719918559,11
custom/custom-weekly-daily,custom-weekly-daily,custom-final,custom,split-3,2023-11-15,35,10,8.1688255342652951,10.188663807481051,11
custom/custom-weekly-daily,custom-weekly-daily,custom-final,custom,split-3,2023-11-15,82,8,6.6809022016681121,7.2644782366498664,8
custom/custom-weekly-daily,custom-weekly-daily,custom-final,custom,split-3,2023-11-17,11,5,9.2935348532681452,12.991504150063172,13
custom/custom-weekly-daily,custom-weekly-daily,custom-final,custom,split-3,2023-11-17,12,5,5.5024743688015274,7.3511489349379495,8
custom/custom-weekly-daily,custom-weekly-daily,custom-final,custom,split-3,2023-11-17,13,10,10.824689984598798,14.426516694423386,15
custom/custom-weekly-daily,custom-weekly-daily,custom-final,custom,split-3,2023-11-17,21,11,12.268367599152171,14.227381176345798,15
custom/custom-weekly-daily,custom-weekly-daily,custom-final,custom,split-3,2023-11-17,35,11,11.466846313019134,14.544796739706623,15
custom/custom-weekly-daily,custom-weekly-daily,custom-final,custom,split-3,2023-11-17,82,4,8.9282844870175655,12.021663375688366,13
custom/custom-weekly-daily,custom-weekly-daily,custom-final,custom,split-3,2023-11-18,11,5,7.2558534012379372,9.5951304045980041,10
custom/custom-weekly-daily,custom-weekly-daily,custom-final,custom,split-3,2023-11-18,12,5,4.590234525445636,5.2935651907969703,6
custom/custom-weekly-daily,custom-weekly-daily,custom-final,custom,split-3,2023-11-18,13,11,9.0885648127241119,11.328616630264458,12
custom/custom-weekly-daily,custom-weekly-daily,custom-final,custom,split-3,2023-11-18,21,12,10.499776646901047,11.672041685285734,12
custom/custom-weekly-daily,custom-weekly-daily,custom-final,custom,split-3,2023-11-18,35,12,9.4204840681783963,11.503821301705599,12
custom/custom-weekly-daily,custom-weekly-daily,custom-final,custom,split-3,2023-11-18,82,8,7.1825492485480025,8.4375918219105444,9
custom/custom-weekly-daily,custom-weekly-daily,custom-final,custom,split-3,2023-11-19,11,6,6.7554541406144821,9.4743948946071157,10
custom/custom-weekly-daily,custom-weekly-daily,custom-final,custom,split-3,2023-11-19,12,5,4.6557317515056402,5.4839268834580119,6
custom/custom-weekly-daily,custom-weekly-daily,custom-final,custom,split-3,2023-11-19,13,9,9.5463106358819836,11.710302447360101,12
custom/custom-weekly-daily,custom-weekly-daily,custom-final,custom,split-3,2023-11-19,21,13,11.191730806062854,12.719333366374979,13
custom/custom-weekly-daily,custom-weekly-daily,custom-final,custom,split-3,2023-11-19,35,9,9.7478459632083378,11.735717132774823,12
custom/custom-weekly-daily,custom-weekly-daily,custom-final,custom,split-3,2023-11-19,82,8,7.4916389529099696,9.2390032301183211,10
custom/custom-weekly-daily,custom-weekly-daily,custom-final,custom,split-3,2023-11-20,11,3,8.3285249285532501,12.278494227367524,13
custom/custom-weekly-daily,custom-weekly-daily,custom-final,custom,split-3,2023-11-20,12,4,5.539352445405008,6.1993609914010559,7
custom/custom-weekly-daily,custom-weekly-daily,custom-final,custom,split-3,2023-11-20,13,13,11.155479762994862,14.004315914407901,15
custom/custom-weekly-daily,custom-weekly-daily,custom-final,custom,split-3,2023-11-20,21,8,13.710351964859129,15.497668400838496,16
custom/custom-weekly-daily,custom-weekly-daily,custom-final,custom,split-3,2023-11-20,35,10,12.213761706105347,14.550087438601258,15
custom/custom-weekly-daily,custom-weekly-daily,custom-final,custom,split-3,2023-11-20,82,8,9.9962946260068861,11.389078219982132,12
custom/custom-weekly-daily,custom-weekly-daily,custom-final,custom,split-3,2023-11-21,11,5,5.2132870176346717,7.1541819333701628,8
custom/custom-weekly-daily,custom-weekly-daily,custom-final,custom,split-3,2023-11-21,12,5,4.3021492218695423,4.9101713852233573,5
custom/custom-weekly-daily,custom-weekly-daily,custom-final,custom,split-3,2023-11-21,13,11,9.2852232798817766,11.22958088637853,12
custom/custom-weekly-daily,custom-weekly-daily,custom-final,custom,split-3,2023-11-21,21,11,10.709060515005373,12.319869751551343,13
custom/custom-weekly-daily,custom-weekly-daily,custom-final,custom,split-3,2023-11-21,35,11,8.3747370393977345,10.754766001195247,11
custom/custom-weekly-daily,custom-weekly-daily,custom-final,custom,split-3,2023-11-21,82,9,7.3001157290186729,8.9503645358719321,9
custom/custom-weekly-daily,custom-weekly-daily,custom-final,custom,split-3,2023-11-22,11,6,4.9422984714969997,6.3514660411233113,7
custom/custom-weekly-daily,custom-weekly-daily,custom-final,custom,split-3,2023-11-22,12,6,3.7625413905561524,4.8722877730434906,5
custom/custom-weekly-daily,custom-weekly-daily,custom-final,custom,split-3,2023-11-22,13,8,9.0078163150140433,11.176600468343082,12
custom/custom-weekly-daily,custom-weekly-daily,custom-final,custom,split-3,2023-11-22,21,15,10.95092537608933,12.28665509523848,13
custom/custom-weekly-daily,custom-weekly-daily,custom-final,custom,split-3,2023-11-22,35,16,9.1095396248543565,10.39031148870108,11
custom/custom-weekly-daily,custom-weekly-daily,custom-final,custom,split-3,2023-11-22,82,9,7.5973775649559254,8.7144367973304853,9
custom/custom-weekly-daily,custom-weekly-daily,custom-final,custom,split-3,2023-11-23,11,4,4.8526722411202403,6.2094594240210821,7
custom/custom-weekly-daily,custom-weekly-daily,custom-final,custom,split-3,2023-11-23,12,5,4.365934078195119,5.1041648439292144,6
custom/custom-weekly-daily,custom-weekly-daily,custom-final,custom,split-3,2023-11-23,13,8,8.5613548807687874,10.871185133660191,11
custom/custom-weekly-daily,custom-weekly-daily,custom-final,custom,split-3,2023-11-23,21,6,12.180047476956613,13.677292606221187,14
custom/custom-weekly-daily,custom-weekly-daily,custom-final,custom,split-3,2023-11-23,35,7,10.011082074894526,12.456794689307293,13
custom/custom-weekly-daily,custom-weekly-daily,custom-final,custom,split-3,2023-11-23,82,6,7.7198428329753082,9.7644469651191148,10
custom/custom-weekly-daily,custom-weekly-daily,custom-final,custom,split-3,2023-11-24,11,9,5.0875177977244395,6.5837665207714675,7
custom/custom-weekly-daily,custom-weekly-daily,custom-final,custom,split-3,2023-11-24,12,11,4.7677152985820985,5.4762731309990622,6
custom/custom-weekly-daily,custom-weekly-daily,custom-final,custom,split-3,2023-11-24,13,11,8.7340670374288845,10.672544572912011,11
custom/custom-weekly-daily,custom-weekly-daily,custom-final,custom,split-3,2023-11-24,21,12,10.542078212077669,12.049309619011238,13
custom/custom-weekly-daily,custom-weekly-daily,custom-final,custom,split-3,2023-11-24,35,10,9.2676801488397658,11.300926938217216,12
custom/custom-weekly-daily,custom-weekly-daily,custom-final,custom,split-3,2023-11-24,82,7,7.2775391728430101,8.4060110728494504,9
custom/custom-weekly-daily,custom-weekly-daily,custom-final,custom,split-3,2023-11-25,11,11,5.6192958522808265,7.4402898450266131,8
custom/custom-weekly-daily,custom-weekly-daily,custom-final,custom,split-3,2023-11-25,12,8,5.8228279542434951,7.1221532069562539,8
custom/custom-weekly-daily,custom-weekly-daily,custom-final,custom,split-3,2023-11-25,13,12,9.8183943326841554,11.504728827284566,12
custom/custom-weekly-daily,custom-weekly-daily,custom-final,custom,split-3,2023-11-25,21,13,11.106997041123975,12.436445865680174,13
custom/custom-weekly-daily,custom-weekly-daily,custom-final,custom,split-3,2023-11-25,35,7,9.1042609092863156,11.313348834127918,12
custom/custom-weekly-daily,custom-weekly-daily,custom-final,custom,split-3,2023-11-25,82,7,7.592257443567564,9.2092204281518413,10
custom/custom-weekly-daily,custom-weekly-daily,custom-final,custom,split-3,2023-11-26,11,8,6.6147549573037283,9.5532784002351185,10
custom/custom-weekly-daily,custom-weekly-daily,custom-final,custom,split-3,2023-11-26,12,8,5.9617004632853181,7.4883416310679412,8
custom/custom-weekly-daily,custom-weekly-daily,custom-final,custom,split-3,2023-11-26,13,7,10.104612711707519,11.955258941582963,12
custom/custom-weekly-daily,custom-weekly-daily,custom-final,custom,split-3,2023-11-26,21,10,12.405225856864172,14.439888504702544,15
custom/custom-weekly-daily,custom-weekly-daily,custom-final,custom,split-3,2023-11-26,35,12,8.7850494935576435,10.918352423958634,11
custom/custom-weekly-daily,custom-weekly-daily,custom-final,custom,split-3,2023-11-26,82,7,7.9729684304058299,9.2788068971441078,10
custom/custom-weekly-daily,custom-weekly-daily,custom-final,custom,split-3,2023-11-27,11,10,7.3876242135278281,11.013084675128075,12
custom/custom-weekly-daily,custom-weekly-daily,custom-final,custom,split-3,2023-11-27,12,3,7.3186890373540097,9.3480172472736669,10
custom/custom-weekly-daily,custom-weekly-daily,custom-final,custom,split-3,2023-11-27,13,10,11.171762213730119,13.984816492876323,14
custom/custom-weekly-daily,custom-weekly-daily,custom-final,custom,split-3,2023-11-27,21,10,13.114332594582828,14.948652513805722,15
custom/custom-weekly-daily,custom-weekly-daily,custom-final,custom,split-3,2023-11-27,35,6,11.51649516086621,13.548868164903325,14
custom/custom-weekly-daily,custom-weekly-daily,custom-final,custom,split-3,2023-11-27,82,4,9.025162477017334,10.765108133496577,11
custom/custom-weekly-daily,custom-weekly-daily,custom-final,custom,split-3,2023-11-28,11,10,7.2288539561733929,10.04211408743355,11
custom/custom-weekly-daily,custom-weekly-daily,custom-final,custom,split-3,2023-11-28,12,8,5.1688100193314783,6.7697077008655366,7
custom/custom-weekly-daily,custom-weekly-daily,custom-final,custom,split-3,2023-11-28,13,8,8.875954591998136,11.131810417728785,12
custom/custom-weekly-daily,custom-weekly-daily,custom-final,custom,split-3,2023-11-28,21,9,10.890083188644279,12.770306471996539,13
custom/custom-weekly-daily,custom-weekly-daily,custom-final,custom,split-3,2023-11-28,35,5,8.2334434721034739,10.209595695217139,11
custom/custom-weekly-daily,custom-weekly-daily,custom-final,custom,split-3,2023-11-28,82,5,6.2815997014619569,7.3357670833779052,8
custom/custom-weekly-daily,custom-weekly-daily,custom-final,custom,split-3,2023-11-29,11,11,8.0080381920288843,10.496301313944098,11
custom/custom-weekly-daily,custom-weekly-daily,custom-final,custom,split-3,2023-11-29,12,8,5.9690876353428823,8.0171392618872375,9
custom/custom-weekly-daily,custom-weekly-daily,custom-final,custom,split-3,2023-11-29,13,10,7.887798041546553,10.115284435909075,11
custom/custom-weekly-daily,custom-weekly-daily,custom-final,custom,split-3,2023-11-29,21,13,10.204213197764103,11.740292007421948,12
custom/custom-weekly-daily,custom-weekly-daily,custom-final,custom,split-3,2023-11-29,35,10,7.4250616580770439,9.2098390067937181,10
custom/custom-weekly-daily,custom-weekly-daily,custom-final,custom,split-3,2023-11-29,82,6,5.8696949201771726,6.7776070903399077,7
custom/custom-weekly-daily,custom-weekly-daily,custom-final,custom,split-3,2023-11-30,11,8,8.6563733688954674,11.597779154906746,12
custom/custom-weekly-daily,custom-weekly-daily,custom-final,custom,split-3,2023-11-30,12,5,6.6664570812806598,8.4182988472225198,9
custom/custom-weekly-daily,custom-weekly-daily,custom-final,custom,split-3,2023-11-30,13,9,9.1166110120277644,11.524983424204619,12
custom/custom-weekly-daily,custom-weekly-daily,custom-final,custom,split-3,2023-11-30,21,13,10.566065777819944,12.488787077185615,13
custom/custom-weekly-daily,custom-weekly-daily,custom-final,custom,split-3,2023-11-30,35,10,7.8175397744367947,9.9110664719929886,10
custom/custom-weekly-daily,custom-weekly-daily,custom-final,custom,split-3,2023-11-30,82,6,5.5603644602333837,6.5166858938366135,7
custom/custom-weekly-daily,custom-weekly-daily,custom-final,custom,split-3,2023-12-01,11,9,8.2571082212073232,11.773210874882881,12
custom/custom-weekly-daily,custom-weekly-daily,custom-final,custom,split-3,2023-12-01,12,2,6.2886432011344944,8.1181210779818009,9
custom/custom-weekly-daily,custom-weekly-daily,custom-final,custom,split-3,2023-12-01,13,7,9.1164778546811505,11.523797087611589,12
custom/custom-weekly-daily,custom-weekly-daily,custom-final,custom,split-3,2023-12-01,21,5,12.583712239658084,14.707411181056548,15
custom/custom-weekly-daily,custom-weekly-daily,custom-final,custom,split-3,2023-12-01,35,9,8.9722044206803027,10.564506074114757,11
custom/custom-weekly-daily,custom-weekly-daily,custom-final,custom,split-3,2023-12-01,82,4,5.6578281315432086,6.5093081397943298,7
custom/custom-weekly-daily,custom-weekly-daily,custom-final,custom,split-3,2023-12-02,11,8,9.0827470331196167,12.056235402192133,13
custom/custom-weekly-daily,custom-weekly-daily,custom-final,custom,split-3,2023-12-02,12,8,5.9729922640428086,7.3630714086834441,8
custom/custom-weekly-daily,custom-weekly-daily,custom-final,custom,split-3,2023-12-02,13,13,8.5181701384068056,10.421776882162126,11
custom/custom-weekly-daily,custom-weekly-daily,custom-final,custom,split-3,2023-12-02,21,19,9.6958000187589679,11.612325511343217,12
custom/custom-weekly-daily,custom-weekly-daily,custom-final,custom,split-3,2023-12-02,35,15,8.6012039375202569,10.618279117885105,11
custom/custom-weekly-daily,custom-weekly-daily,custom-final,custom,split-3,2023-12-02,82,6,5.7626348019413216,6.6608347524699107,7
custom/custom-weekly-daily,custom-weekly-daily,custom-final,custom,split-3,2023-12-03,11,7,8.8461582249176391,11.931412139106108,12
custom/custom-weekly-daily,custom-weekly-daily,custom-final,custom,split-3,2023-12-03,12,7,6.517328358928598,8.1640290503062722,9
custom/custom-weekly-daily,custom-weekly-daily,custom-final,custom,split-3,2023-12-03,13,8,9.3137297031865636,11.740936303533717,12
custom/custom-weekly-daily,custom-weekly-daily,custom-final,custom,split-3,2023-12-03,21,4,12.439201775150478,15.193214792519049,16
custom/custom-weekly-daily,custom-weekly-daily,custom-final,custom,split-3,2023-12-03,35,6,10.349252941991322,12.694808922845747,13
custom/custom-weekly-daily,custom-weekly-daily,custom-final,custom,split-3,2023-12-03,82,6,5.759661527011712,6.6581612737401237,7
custom/custom-weekly-daily,custom-weekly-daily,custom-final,custom,split-3,2023-12-04,11,12,9.5822167190060377,12.68119611010108,13
custom/custom-weekly-daily,custom-weekly-daily,custom-final,custom,split-3,2023-12-04,12,7,7.0780492362424203,9.2896628876710636,10
custom/custom-weekly-daily,custom-weekly-daily,custom-final,custom,split-3,2023-12-04,13,7,10.344507393109403,13.04136987159349,14
custom/custom-weekly-daily,custom-weekly-daily,custom-final,custom,split-3,2023-12-04,21,8,11.161575981978853,13.768526152120403,14
custom/custom-weekly-daily,custom-weekly-daily,custom-final,custom,split-3,2023-12-04,35,8,9.6878807994943408,12.35767982644936,13
custom/custom-weekly-daily,custom-weekly-daily,custom-final,custom,split-3,2023-12-04,82,6,6.223432120136998,7.059332666552133,8
custom/custom-weekly-daily,custom-weekly-daily,custom-final,custom,split-3,2023-12-05,11,9,8.8782062542198759,12.059260973614236,13
custom/custom-weekly-daily,custom-weekly-daily,custom-final,custom,split-3,2023-12-05,12,6,6.6287780962915122,8.7722311413438092,9
custom/custom-weekly-daily,custom-weekly-daily,custom-final,custom,split-3,2023-12-05,13,10,7.8675881364059101,9.8701491830754335,10
custom/custom-weekly-daily,custom-weekly-daily,custom-final,custom,split-3,2023-12-05,21,12,9.1311050167615111,11.346052378611191,12
custom/custom-weekly-daily,custom-weekly-daily,custom-final,custom,split-3,2023-12-05,35,7,8.4597523015425011,10.752760087459535,11
custom/custom-weekly-daily,custom-weekly-daily,custom-final,custom,split-3,2023-12-05,82,5,5.3455013032949878,5.8324768619341487,6
custom/custom-weekly-daily,custom-weekly-daily,custom-final,custom,split-3,2023-12-06,11,8,8.5755354320924617,11.591330659971916,12
custom/custom-weekly-daily,custom-weekly-daily,custom-final,custom,split-3,2023-12-06,12,7,5.8513627420369207,7.5791835697014314,8
custom/custom-weekly-daily,custom-weekly-daily,custom-final,custom,split-3,2023-12-06,13,7,8.5479945981640562,11.025022569595555,12
custom/custom-weekly-daily,custom-weekly-daily,custom-final,custom,split-3,2023-12-06,21,12,10.201481302460751,12.178659341465981,13
custom/custom-weekly-daily,custom-weekly-daily,custom-final,custom,split-3,2023-12-06,35,9,7.7445334584087933,10.746705697204288,11
custom/custom-weekly-daily,custom-weekly-daily,custom-final,custom,split-3,2023-12-06,82,6,5.0720714865913861,5.4590105404611666,6
custom/custom-weekly-daily,custom-weekly-daily,custom-final,custom,split-3,2023-12-07,11,8,7.8251307209926564,10.936658007916851,11
custom/custom-weekly-daily,custom-weekly-daily,custom-final,custom,split-3,2023-12-07,12,3,5.9956732263821912,7.5082514087679506,8
custom/custom-weekly-daily,custom-weekly-daily,custom-final,custom,split-3,2023-12-07,13,10,7.9808210670297557,10.424953781754876,11
custom/custom-weekly-daily,custom-weekly-daily,custom-final,custom,split-3,2023-12-07,21,11,10.496038357701147,12.748696562050288,13
custom/custom-weekly-daily,custom-weekly-daily,custom-final,custom,split-3,2023-12-07,35,10,8.2253295854209476,10.569703919746516,11
custom/custom-weekly-daily,custom-weekly-daily,custom-final,custom,split-3,2023-12-07,82,4,5.2213364817336743,5.7789516087874215,6
custom/custom-weekly-daily,custom-weekly-daily,custom-final,custom,split-3,2023-12-08,11,12,7.844212611881705,10.864527568935209,11
custom/custom-weekly-daily,custom-weekly-daily,custom-final,custom,split-3,2023-12-08,12,9,5.273897175020398,6.8321819086435118,7
custom/custom-weekly-daily,custom-weekly-daily,custom-final,custom,split-3,2023-12-08,13,10,8.7086176850372432,11.12178942310339,12
custom/custom-weekly-daily,custom-weekly-daily,custom-final,custom,split-3,2023-12-08,21,16,11.171139861610961,12.936769089238457,13
custom/custom-weekly-daily,custom-weekly-daily,custom-final,custom,split-3,2023-12-08,35,10,9.1526547592415533,10.690626894818188,11
custom/custom-weekly-daily,custom-weekly-daily,custom-final,custom,split-3,2023-12-08,82,12,5.1632179906772127,5.6601760978327738,6
custom/custom-weekly-daily,custom-weekly-daily,custom-final,custom,split-3,2023-12-09,11,12,8.9933213824629838,12.052968716897603,13
custom/custom-weekly-daily,custom-weekly-daily,custom-final,custom,split-3,2023-12-09,12,8,7.1149627930559491,9.5139356992115367,10
custom/custom-weekly-daily,custom-weekly-daily,custom-final,custom,split-3,2023-12-09,13,23,9.3584169794798058,11.756465926502282,12
custom/custom-weekly-daily,custom-weekly-daily,custom-final,custom,split-3,2023-12-09,21,30,13.230596395548899,15.541643844321142,16
custom/custom-weekly-daily,custom-weekly-daily,custom-final,custom,split-3,2023-12-09,35,22,9.4845651206425288,11.048326758230008,12
custom/custom-weekly-daily,custom-weekly-daily,custom-final,custom,split-3,2023-12-09,82,12,6.7588258728743549,9.1791826774536656,10
custom/custom-weekly-daily,custom-weekly-daily,custom-final,custom,split-3,2023-12-10,11,13,9.8547223905047563,12.865027132043398,13
custom/custom-weekly-daily,custom-weekly-daily,custom-final,custom,split-3,2023-12-10,12,5,6.8761469134186113,9.2070771641141711,10
custom/custom-weekly-daily,custom-weekly-daily,custom-final,custom,split-3,2023-12-10,13,19,11.833350450380218,15.121539317782128,16
custom/custom-weekly-daily,custom-weekly-daily,custom-final,custom,split-3,2023-12-10,21,8,16.690194979658411,21.8434219834865,22
custom/custom-weekly-daily,custom-weekly-daily,custom-final,custom,split-3,2023-12-10,35,14,10.771321250809136,13.675390790011654,14
custom/custom-weekly-daily,custom-weekly-daily,custom-final,custom,split-3,2023-12-10,82,11,7.7490007510236607,9.9939937713287055,10
custom/custom-weekly-daily,custom-weekly-daily,custom-final,custom,split-3,2023-12-11,11,2,11.950922886660489,15.562204936140143,16
custom/custom-weekly-daily,custom-weekly-daily,custom-final,custom,split-3,2023-12-11,12,2,7.0235341928688459,9.2330240140383921,10
custom/custom-weekly-daily,custom-weekly-daily,custom-final,custom,split-3,2023-12-11,13,5,14.578637280000525,18.72192798848068,19
custom/custom-weekly-daily,custom-weekly-daily,custom-final,custom,split-3,2023-12-11,21,2,15.556638998187626,19.473499773387324,20
custom/custom-weekly-daily,custom-weekly-daily,custom-final,custom,split-3,2023-12-11,35,12,12.783965369728163,15.459444732229757,16
custom/custom-weekly-daily,custom-weekly-daily,custom-final,custom,split-3,2023-12-11,82,3,9.1992884347975696,11.852485961641465,12
rolling/extra-trees,rolling-daily,extra-trees,rolling,split-3,2023-11-01,11,9,13,15,15
rolling/extra-trees,rolling-daily,extra-trees,rolling,split-3,2023-11-01,12,5,8,10.25,11
rolling/extra-trees,rolling-daily,extra-trees,rolling,split-3,2023-11-01,13,16,14,18.25,19
rolling/extra-trees,rolling-daily,extra-trees,rolling,split-3,2023-11-01,21,14,18,20.25,21
rolling/extra-trees,rolling-daily,extra-trees,rolling,split-3,2023-11-01,35,20,29,31,31
rolling/extra-trees,rolling-daily,extra-trees,rolling,split-3,2023-11-01,82,12,16,19.25,20
rolling/extra-trees,rolling-daily,extra-trees,rolling,split-3,2023-11-02,11,17,12,14,14
rolling/extra-trees,rolling-daily,extra-trees,rolling,split-3,2023-11-02,12,15,7,8.25,9
rolling/extra-trees,rolling-daily,extra-trees,rolling,split-3,2023-11-02,13,20,14,18.25,19
rolling/extra-trees,rolling-daily,extra-trees,rolling,split-3,2023-11-02,21,13,15,16.25,17
rolling/extra-trees,rolling-daily,extra-trees,rolling,split-3,2023-11-02,35,27,24.5,29,29
rolling/extra-trees,rolling-daily,extra-trees,rolling,split-3,2023-11-02,82,14,13,16.25,17
rolling/extra-trees,rolling-daily,extra-trees,rolling,split-3,2023-11-03,11,11,13,16.25,17
rolling/extra-trees,rolling-daily,extra-trees,rolling,split-3,2023-11-03,12,9,11,13.25,14
rolling/extra-trees,rolling-daily,extra-trees,rolling,split-3,2023-11-03,13,17,15.5,20.25,21
rolling/extra-trees,rolling-daily,extra-trees,rolling,split-3,2023-11-03,21,5,14,14.25,15
rolling/extra-trees,rolling-daily,extra-trees,rolling,split-3,2023-11-03,35,21,27.5,32,32
rolling/extra-trees,rolling-daily,extra-trees,rolling,split-3,2023-11-03,82,12,13,16.25,17
rolling/extra-trees,rolling-daily,extra-trees,rolling,split-3,2023-11-04,11,11,12,15.25,16
rolling/extra-trees,rolling-daily,extra-trees,rolling,split-3,2023-11-04,12,4,9,11.25,12
rolling/extra-trees,rolling-daily,extra-trees,rolling,split-3,2023-11-04,13,9,16.5,20.25,21
rolling/extra-trees,rolling-daily,extra-trees,rolling,split-3,2023-11-04,21,12,13,14,14
rolling/extra-trees,rolling-daily,extra-trees,rolling,split-3,2023-11-04,35,17,20.5,24,24
rolling/extra-trees,rolling-daily,extra-trees,rolling,split-3,2023-11-04,82,12,12,14.25,15
rolling/extra-trees,rolling-daily,extra-trees,rolling,split-3,2023-11-05,11,4,10.5,15,15
rolling/extra-trees,rolling-daily,extra-trees,rolling,split-3,2023-11-05,12,2,7,8.25,9
rolling/extra-trees,rolling-daily,extra-trees,rolling,split-3,2023-11-05,13,9,16.5,20.25,21
rolling/extra-trees,rolling-daily,extra-trees,rolling,split-3,2023-11-05,21,8,13,16,16
rolling/extra-trees,rolling-daily,extra-trees,rolling,split-3,2023-11-05,35,16,18.5,23,23
rolling/extra-trees,rolling-daily,extra-trees,rolling,split-3,2023-11-05,82,11,14,18.25,19
rolling/extra-trees,rolling-daily,extra-trees,rolling,split-3,2023-11-06,11,8,11.5,18,18
rolling/extra-trees,rolling-daily,extra-trees,rolling,split-3,2023-11-06,12,5,8,11.25,12
rolling/extra-trees,rolling-daily,extra-trees,rolling,split-3,2023-11-06,13,11,20.5,26.25,27
rolling/extra-trees,rolling-daily,extra-trees,rolling,split-3,2023-11-06,21,14,16,22,22
rolling/extra-trees,rolling-daily,extra-trees,rolling,split-3,2023-11-06,35,14,30.5,41,41
rolling/extra-trees,rolling-daily,extra-trees,rolling,split-3,2023-11-06,82,10,17,22.25,23
rolling/extra-trees,rolling-daily,extra-trees,rolling,split-3,2023-11-07,11,6,7.5,10,10
rolling/extra-trees,rolling-daily,extra-trees,rolling,split-3,2023-11-07,12,2,5,7.25,8
rolling/extra-trees,rolling-daily,extra-trees,rolling,split-3,2023-11-07,13,11,11.5,12.25,13
rolling/extra-trees,rolling-daily,extra-trees,rolling,split-3,2023-11-07,21,12,11,13,13
rolling/extra-trees,rolling-daily,extra-trees,rolling,split-3,2023-11-07,35,17,13.5,18,18
rolling/extra-trees,rolling-daily,extra-trees,rolling,split-3,2023-11-07,82,8,10,10.25,11
rolling/extra-trees,rolling-daily,extra-trees,rolling,split-3,2023-11-08,11,7,7.5,10,10
rolling/extra-trees,rolling-daily,extra-trees,rolling,split-3,2023-11-08,12,3,5,6.25,7
rolling/extra-trees,rolling-daily,extra-trees,rolling,split-3,2023-11-08,13,5,11.5,12.25,13
rolling/extra-trees,rolling-daily,extra-trees,rolling,split-3,2023-11-08,21,6,10.5,11,11
rolling/extra-trees,rolling-daily,extra-trees,rolling,split-3,2023-11-08,82,8,10,10.25,11
rolling/extra-trees,rolling-daily,extra-trees,rolling,split-3,2023-11-09,11,5,6,9.25,10
rolling/extra-trees,rolling-daily,extra-trees,rolling,split-3,2023-11-09,12,4,5,5.25,6
rolling/extra-trees,rolling-daily,extra-trees,rolling,split-3,2023-11-09,13,5,10,11,11
rolling/extra-trees,rolling-daily,extra-trees,rolling,split-3,2023-11-09,21,7,9,11,11
rolling/extra-trees,rolling-daily,extra-trees,rolling,split-3,2023-11-09,35,10,13,15.5,16
rolling/extra-trees,rolling-daily,extra-trees,rolling,split-3,2023-11-09,82,8,9,9,9
rolling/extra-trees,rolling-daily,extra-trees,rolling,split-3,2023-11-10,11,9,5,7.25,8
rolling/extra-trees,rolling-daily,extra-trees,rolling,split-3,2023-11-10,12,4,5,5,5
rolling/extra-trees,rolling-daily,extra-trees,rolling,split-3,2023-11-10,13,5,8,9,9
rolling/extra-trees,rolling-daily,extra-trees,rolling,split-3,2023-11-10,21,11,8,9,9
rolling/extra-trees,rolling-daily,extra-trees,rolling,split-3,2023-11-10,35,9,11,11.5,12
rolling/extra-trees,rolling-daily,extra-trees,rolling,split-3,2023-11-10,82,6,9,9,9
rolling/extra-trees,rolling-daily,extra-trees,rolling,split-3,2023-11-11,11,5,6.5,10,10
rolling/extra-trees,rolling-daily,extra-trees,rolling,split-3,2023-11-11,13,10,8,9,9
rolling/extra-trees,rolling-daily,extra-trees,rolling,split-3,2023-11-11,21,10,10.5,11,11
rolling/extra-trees,rolling-daily,extra-trees,rolling,split-3,2023-11-11,35,11,9,11.5,12
rolling/extra-trees,rolling-daily,extra-trees,rolling,split-3,2023-11-11,82,7,8,8,8
rolling/extra-trees,rolling-daily,extra-trees,rolling,split-3,2023-11-12,11,8,5.5,8,8
rolling/extra-trees,rolling-daily,extra-trees,rolling,split-3,2023-11-12,12,6,5,6.5,7
rolling/extra-trees,rolling-daily,extra-trees,rolling,split-3,2023-11-12,13,10,9,11,11
rolling/extra-trees,rolling-daily,extra-trees,rolling,split-3,2023-11-12,21,12,10,11,11
rolling/extra-trees,rolling-daily,extra-trees,rolling,split-3,2023-11-12,35,12,11,12.5,13
rolling/extra-trees,rolling-daily,extra-trees,rolling,split-3,2023-11-12,82,8,8,8,8
rolling/extra-trees,rolling-daily,extra-trees,rolling,split-3,2023-11-13,11,8,9,12,12
rolling/extra-trees,rolling-daily,extra-trees,rolling,split-3,2023-11-13,12,5,5,5.5,6
rolling/extra-trees,rolling-daily,extra-trees,rolling,split-3,2023-11-13,13,12,10,12,12
rolling/extra-trees,rolling-daily,extra-trees,rolling,split-3,2023-11-13,21,8,12.5,14,14
rolling/extra-trees,rolling-daily,extra-trees,rolling,split-3,2023-11-13,35,12,13,18.5,19
rolling/extra-trees,rolling-daily,extra-trees,rolling,split-3,2023-11-13,82,10,10,11,11
rolling/extra-trees,rolling-daily,extra-trees,rolling,split-3,2023-11-14,11,8,7,9,9
rolling/extra-trees,rolling-daily,extra-trees,rolling,split-3,2023-11-14,12,6,5,5,5
rolling/extra-trees,rolling-daily,extra-trees,rolling,split-3,2023-11-14,13,9,10,11,11
rolling/extra-trees,rolling-daily,extra-trees,rolling,split-3,2023-11-14,21,12,9.5,10,10
rolling/extra-trees,rolling-daily,extra-trees,rolling,split-3,2023-11-14,35,9,9,9,9
rolling/extra-trees,rolling-daily,extra-trees,rolling,split-3,2023-11-14,82,6,9,9,9
rolling/extra-trees,rolling-daily,extra-trees,rolling,split-3,2023-11-15,11,8,7,10,10
rolling/extra-trees,rolling-daily,extra-trees,rolling,split-3,2023-11-15,12,4,5,5,5
rolling/extra-trees,rolling-daily,extra-trees,rolling,split-3,2023-11-15,13,5,9,10,10
rolling/extra-trees,rolling-daily,extra-trees,rolling,split-3,2023-11-15,21,10,9.5,11.25,12
rolling/extra-trees,rolling-daily,extra-trees,rolling,split-3,2023-11-15,35,10,8,8,8
rolling/extra-trees,rolling-daily,extra-trees,rolling,split-3,2023-11-15,82,8,7,7,7
rolling/extra-trees,rolling-daily,extra-trees,rolling,split-3,2023-11-17,11,5,11,14,14
rolling/extra-trees,rolling-daily,extra-trees,rolling,split-3,2023-11-17,12,5,6,8,8
rolling/extra-trees,rolling-daily,extra-trees,rolling,split-3,2023-11-17,13,10,11,14,14
rolling/extra-trees,rolling-daily,extra-trees,rolling,split-3,2023-11-17,21,11,13,14,14
rolling/extra-trees,rolling-daily,extra-trees,rolling,split-3,2023-11-17,35,11,12,12,12
rolling/extra-trees,rolling-daily,extra-trees,rolling,split-3,2023-11-17,82,4,10,13,13
rolling/extra-trees,rolling-daily,extra-trees,rolling,split-3,2023-11-18,11,5,7,9,9
rolling/extra-trees,rolling-daily,extra-trees,rolling,split-3,2023-11-18,12,5,5,5,5
rolling/extra-trees,rolling-daily,extra-trees,rolling,split-3,2023-11-18,13,11,10,11,11
rolling/extra-trees,rolling-daily,extra-trees,rolling,split-3,2023-11-18,21,12,11,11,11
rolling/extra-trees,rolling-daily,extra-trees,rolling,split-3,2023-11-18,35,12,9.5,9.5,10
rolling/extra-trees,rolling-daily,extra-trees,rolling,split-3,2023-11-18,82,8,7,7,7
rolling/extra-trees,rolling-daily,extra-trees,rolling,split-3,2023-11-19,11,6,6,8,8
rolling/extra-trees,rolling-daily,extra-trees,rolling,split-3,2023-11-19,12,5,5,5,5
rolling/extra-trees,rolling-daily,extra-trees,rolling,split-3,2023-11-19,13,9,10,11,11
rolling/extra-trees,rolling-daily,extra-trees,rolling,split-3,2023-11-19,21,13,11,11,11
rolling/extra-trees,rolling-daily,extra-trees,rolling,split-3,2023-11-19,35,9,9.5,9.5,10
rolling/extra-trees,rolling-daily,extra-trees,rolling,split-3,2023-11-19,82,8,7,8.5,9
rolling/extra-trees,rolling-daily,extra-trees,rolling,split-3,2023-11-20,11,3,8,12,12
rolling/extra-trees,rolling-daily,extra-trees,rolling,split-3,2023-11-20,12,4,5,5,5
rolling/extra-trees,rolling-daily,extra-trees,rolling,split-3,2023-11-20,13,13,10,12,12
rolling/extra-trees,rolling-daily,extra-trees,rolling,split-3,2023-11-20,21,8,13,14,14
rolling/extra-trees,rolling-daily,extra-trees,rolling,split-3,2023-11-20,35,10,10.5,11,11
rolling/extra-trees,rolling-daily,extra-trees,rolling,split-3,2023-11-20,82,8,10,10,10
rolling/extra-trees,rolling-daily,extra-trees,rolling,split-3,2023-11-21,11,5,5,6,6
rolling/extra-trees,rolling-daily,extra-trees,rolling,split-3,2023-11-21,12,5,5,5,5
rolling/extra-trees,rolling-daily,extra-trees,rolling,split-3,2023-11-21,13,11,10,11,11
rolling/extra-trees,rolling-daily,extra-trees,rolling,split-3,2023-11-21,21,11,9,11,11
rolling/extra-trees,rolling-daily,extra-trees,rolling,split-3,2023-11-21,35,11,8,9,9
rolling/extra-trees,rolling-daily,extra-trees,rolling,split-3,2023-11-21,82,9,7,8,8
rolling/extra-trees,rolling-daily,extra-trees,rolling,split-3,2023-11-22,11,6,5,5.5,6
rolling/extra-trees,rolling-daily,extra-trees,rolling,split-3,2023-11-22,12,6,4,5,5
rolling/extra-trees,rolling-daily,extra-trees,rolling,split-3,2023-11-22,13,8,9,11,11
rolling/extra-trees,rolling-daily,extra-trees,rolling,split-3,2023-11-22,21,15,10,11,11
rolling/extra-trees,rolling-daily,extra-trees,rolling,split-3,2023-11-22,35,16,9.5,9.75,10
rolling/extra-trees,rolling-daily,extra-trees,rolling,split-3,2023-11-22,82,9,8,8.5,9
rolling/extra-trees,rolling-daily,extra-trees,rolling,split-3,2023-11-23,11,4,5,6,6
rolling/extra-trees,rolling-daily,extra-trees,rolling,split-3,2023-11-23,12,5,5,5,5
rolling/extra-trees,rolling-daily,extra-trees,rolling,split-3,2023-11-23,13,8,8,10,10
rolling/extra-trees,rolling-daily,extra-trees,rolling,split-3,2023-11-23,21,6,13,13.5,14
rolling/extra-trees,rolling-daily,extra-trees,rolling,split-3,2023-11-23,35,7,11,12,12
rolling/extra-trees,rolling-daily,extra-trees,rolling,split-3,2023-11-23,82,6,8,11,11
rolling/extra-trees,rolling-daily,extra-trees,rolling,split-3,2023-11-24,11,9,4,6,6
rolling/extra-trees,rolling-daily,extra-trees,rolling,split-3,2023-11-24,12,11,5,5,5
rolling/extra-trees,rolling-daily,extra-trees,rolling,split-3,2023-11-24,13,11,8,9,9
rolling/extra-trees,rolling-daily,extra-trees,rolling,split-3,2023-11-24,21,12,10,10.5,11
rolling/extra-trees,rolling-daily,extra-trees,rolling,split-3,2023-11-24,35,10,9,9,9
rolling/extra-trees,rolling-daily,extra-trees,rolling,split-3,2023-11-24,82,7,7,8,8
rolling/extra-trees,rolling-daily,extra-trees,rolling,split-3,2023-11-25,11,11,5,7,7
rolling/extra-trees,rolling-daily,extra-trees,rolling,split-3,2023-11-25,12,8,6,7,7
rolling/extra-trees,rolling-daily,extra-trees,rolling,split-3,2023-11-25,13,12,10,11,11
rolling/extra-trees,rolling-daily,extra-trees,rolling,split-3,2023-11-25,21,13,11,12,12
rolling/extra-trees,rolling-daily,extra-trees,rolling,split-3,2023-11-25,35,7,9.5,10.75,11
rolling/extra-trees,rolling-daily,extra-trees,rolling,split-3,2023-11-25,82,7,7,8.5,9
rolling/extra-trees,rolling-daily,extra-trees,rolling,split-3,2023-11-26,11,8,6,10,10
rolling/extra-trees,rolling-daily,extra-trees,rolling,split-3,2023-11-26,12,8,6,7.75,8
rolling/extra-trees,rolling-daily,extra-trees,rolling,split-3,2023-11-26,13,7,10,11,11
rolling/extra-trees,rolling-daily,extra-trees,rolling,split-3,2023-11-26,21,10,12,14.5,15
rolling/extra-trees,rolling-daily,extra-trees,rolling,split-3,2023-11-26,35,12,9,10,10
rolling/extra-trees,rolling-daily,extra-trees,rolling,split-3,2023-11-26,82,7,8,8,8
rolling/extra-trees,rolling-daily,extra-trees,rolling,split-3,2023-11-27,11,10,6,12,12
rolling/extra-trees,rolling-daily,extra-trees,rolling,split-3,2023-11-27,12,3,7,9.75,10
rolling/extra-trees,rolling-daily,extra-trees,rolling,split-3,2023-11-27,13,10,10,13,13
rolling/extra-trees,rolling-daily,extra-trees,rolling,split-3,2023-11-27,21,10,12,14,14
rolling/extra-trees,rolling-daily,extra-trees,rolling,split-3,2023-11-27,35,6,12,12,12
rolling/extra-trees,rolling-daily,extra-trees,rolling,split-3,2023-11-27,82,4,9,10,10
rolling/extra-trees,rolling-daily,extra-trees,rolling,split-3,2023-11-28,11,10,7,10.5,11
rolling/extra-trees,rolling-daily,extra-trees,rolling,split-3,2023-11-28,12,8,5,6,6
rolling/extra-trees,rolling-daily,extra-trees,rolling,split-3,2023-11-28,13,8,9,11,11
rolling/extra-trees,rolling-daily,extra-trees,rolling,split-3,2023-11-28,21,9,9,11.5,12
rolling/extra-trees,rolling-daily,extra-trees,rolling,split-3,2023-11-28,35,5,8.5,8.75,9
rolling/extra-trees,rolling-daily,extra-trees,rolling,split-3,2023-11-28,82,5,6,6,6
rolling/extra-trees,rolling-daily,extra-trees,rolling,split-3,2023-11-29,11,11,9,10.5,11
rolling/extra-trees,rolling-daily,extra-trees,rolling,split-3,2023-11-29,12,8,6,8.75,9
rolling/extra-trees,rolling-daily,extra-trees,rolling,split-3,2023-11-29,13,10,8,10,10
rolling/extra-trees,rolling-daily,extra-trees,rolling,split-3,2023-11-29,21,13,9,10,10
rolling/extra-trees,rolling-daily,extra-trees,rolling,split-3,2023-11-29,35,10,7,7.75,8
rolling/extra-trees,rolling-daily,extra-trees,rolling,split-3,2023-11-29,82,6,6,6,6
rolling/extra-trees,rolling-daily,extra-trees,rolling,split-3,2023-11-30,11,8,9,11.5,12
rolling/extra-trees,rolling-daily,extra-trees,rolling,split-3,2023-11-30,12,5,7,8.75,9
rolling/extra-trees,rolling-daily,extra-trees,rolling,split-3,2023-11-30,13,9,9,11,11
rolling/extra-trees,rolling-daily,extra-trees,rolling,split-3,2023-11-30,21,13,10,12.5,13
rolling/extra-trees,rolling-daily,extra-trees,rolling,split-3,2023-11-30,35,10,8,10,10
rolling/extra-trees,rolling-daily,extra-trees,rolling,split-3,2023-11-30,82,6,5,5,5
rolling/extra-trees,rolling-daily,extra-trees,rolling,split-3,2023-12-01,11,9,8,11.5,12
rolling/extra-trees,rolling-daily,extra-trees,rolling,split-3,2023-12-01,12,2,6,7,7
rolling/extra-trees,rolling-daily,extra-trees,rolling,split-3,2023-12-01,13,7,9,11,11
rolling/extra-trees,rolling-daily,extra-trees,rolling,split-3,2023-12-01,21,5,12,15,15
rolling/extra-trees,rolling-daily,extra-trees,rolling,split-3,2023-12-01,35,9,9,10,10
rolling/extra-trees,rolling-daily,extra-trees,rolling,split-3,2023-12-01,82,4,5,5,5
rolling/extra-trees,rolling-daily,extra-trees,rolling,split-3,2023-12-02,11,8,9,11,11
rolling/extra-trees,rolling-daily,extra-trees,rolling,split-3,2023-12-02,12,8,6,6,6
rolling/extra-trees,rolling-daily,extra-trees,rolling,split-3,2023-12-02,13,13,8,9,9
rolling/extra-trees,rolling-daily,extra-trees,rolling,split-3,2023-12-02,21,19,8,10.5,11
rolling/extra-trees,rolling-daily,extra-trees,rolling,split-3,2023-12-02,35,15,8,9.75,10
rolling/extra-trees,rolling-daily,extra-trees,rolling,split-3,2023-12-02,82,6,5,5,5
rolling/extra-trees,rolling-daily,extra-trees,rolling,split-3,2023-12-03,11,7,9,11,11
rolling/extra-trees,rolling-daily,extra-trees,rolling,split-3,2023-12-03,12,7,6,7.75,8
rolling/extra-trees,rolling-daily,extra-trees,rolling,split-3,2023-12-03,13,8,9,11,11
rolling/extra-trees,rolling-daily,extra-trees,rolling,split-3,2023-12-03,21,4,11,15,15
rolling/extra-trees,rolling-daily,extra-trees,rolling,split-3,2023-12-03,35,6,10,12,12
rolling/extra-trees,rolling-daily,extra-trees,rolling,split-3,2023-12-03,82,6,5,5,5
rolling/extra-trees,rolling-daily,extra-trees,rolling,split-3,2023-12-04,11,12,9,12,12
rolling/extra-trees,rolling-daily,extra-trees,rolling,split-3,2023-12-04,12,7,7,9.75,10
rolling/extra-trees,rolling-daily,extra-trees,rolling,split-3,2023-12-04,13,7,10,12,12
rolling/extra-trees,rolling-daily,extra-trees,rolling,split-3,2023-12-04,21,8,10,13,13
rolling/extra-trees,rolling-daily,extra-trees,rolling,split-3,2023-12-04,35,8,9,11,11
rolling/extra-trees,rolling-daily,extra-trees,rolling,split-3,2023-12-04,82,6,6,6,6
rolling/extra-trees,rolling-daily,extra-trees,rolling,split-3,2023-12-05,11,9,9,11,11
rolling/extra-trees,rolling-daily,extra-trees,rolling,split-3,2023-12-05,12,6,6,8.75,9
rolling/extra-trees,rolling-daily,extra-trees,rolling,split-3,2023-12-05,13,10,8,9,9
rolling/extra-trees,rolling-daily,extra-trees,rolling,split-3,2023-12-05,21,12,8,11,11
rolling/extra-trees,rolling-daily,extra-trees,rolling,split-3,2023-12-05,35,7,8,10,10
rolling/extra-trees,rolling-daily,extra-trees,rolling,split-3,2023-12-05,82,5,5,5,5
rolling/extra-trees,rolling-daily,extra-trees,rolling,split-3,2023-12-06,11,8,9,11,11
rolling/extra-trees,rolling-daily,extra-trees,rolling,split-3,2023-12-06,12,7,6,7.75,8
rolling/extra-trees,rolling-daily,extra-trees,rolling,split-3,2023-12-06,13,7,9,11,11
rolling/extra-trees,rolling-daily,extra-trees,rolling,split-3,2023-12-06,21,12,10,12,12
rolling/extra-trees,rolling-daily,extra-trees,rolling,split-3,2023-12-06,35,9,7,10,10
rolling/extra-trees,rolling-daily,extra-trees,rolling,split-3,2023-12-06,82,6,5,5,5
rolling/extra-trees,rolling-daily,extra-trees,rolling,split-3,2023-12-07,11,8,8,10,10
rolling/extra-trees,rolling-daily,extra-trees,rolling,split-3,2023-12-07,12,3,6,7,7
rolling/extra-trees,rolling-daily,extra-trees,rolling,split-3,2023-12-07,13,10,8,10,10
rolling/extra-trees,rolling-daily,extra-trees,rolling,split-3,2023-12-07,21,11,10,13,13
rolling/extra-trees,rolling-daily,extra-trees,rolling,split-3,2023-12-07,35,10,8,10,10
rolling/extra-trees,rolling-daily,extra-trees,rolling,split-3,2023-12-07,82,4,5,5,5
rolling/extra-trees,rolling-daily,extra-trees,rolling,split-3,2023-12-08,11,12,8,10,10
rolling/extra-trees,rolling-daily,extra-trees,rolling,split-3,2023-12-08,12,9,5,6,6
rolling/extra-trees,rolling-daily,extra-trees,rolling,split-3,2023-12-08,13,10,9,11,11
rolling/extra-trees,rolling-daily,extra-trees,rolling,split-3,2023-12-08,21,16,11,13,13
rolling/extra-trees,rolling-daily,extra-trees,rolling,split-3,2023-12-08,35,10,9,10,10
rolling/extra-trees,rolling-daily,extra-trees,rolling,split-3,2023-12-08,82,12,5,5,5
rolling/extra-trees,rolling-daily,extra-trees,rolling,split-3,2023-12-09,11,12,9,11,11
rolling/extra-trees,rolling-daily,extra-trees,rolling,split-3,2023-12-09,12,8,7,9,9
rolling/extra-trees,rolling-daily,extra-trees,rolling,split-3,2023-12-09,13,23,9,11,11
rolling/extra-trees,rolling-daily,extra-trees,rolling,split-3,2023-12-09,21,30,12,15.5,16
rolling/extra-trees,rolling-daily,extra-trees,rolling,split-3,2023-12-09,35,22,9,10,10
rolling/extra-trees,rolling-daily,extra-trees,rolling,split-3,2023-12-09,82,12,7,11,11
rolling/extra-trees,rolling-daily,extra-trees,rolling,split-3,2023-12-10,11,13,10,12.5,13
rolling/extra-trees,rolling-daily,extra-trees,rolling,split-3,2023-12-10,12,5,7,9,9
rolling/extra-trees,rolling-daily,extra-trees,rolling,split-3,2023-12-10,13,19,11,14,14
rolling/extra-trees,rolling-daily,extra-trees,rolling,split-3,2023-12-10,21,8,16,24,24
rolling/extra-trees,rolling-daily,extra-trees,rolling,split-3,2023-12-10,35,14,10.5,13,13
rolling/extra-trees,rolling-daily,extra-trees,rolling,split-3,2023-12-10,82,11,8,11,11
rolling/extra-trees,rolling-daily,extra-trees,rolling,split-3,2023-12-11,11,2,12,16,16
rolling/extra-trees,rolling-daily,extra-trees,rolling,split-3,2023-12-11,12,2,7,9,9
rolling/extra-trees,rolling-daily,extra-trees,rolling,split-3,2023-12-11,13,5,13,18.5,19
rolling/extra-trees,rolling-daily,extra-trees,rolling,split-3,2023-12-11,21,2,14,20.5,21
rolling/extra-trees,rolling-daily,extra-trees,rolling,split-3,2023-12-11,35,12,12,14.75,15
rolling/extra-trees,rolling-daily,extra-trees,rolling,split-3,2023-12-11,82,3,9,13,13
rolling/histogram-small,rolling-daily,histogram-small,rolling,split-3,2023-11-01,11,9,10.391117739201755,12.532159462728515,13
rolling/histogram-small,rolling-daily,histogram-small,rolling,split-3,2023-11-01,12,5,6.7491124096916453,7.1153345286316387,8
rolling/histogram-small,rolling-daily,histogram-small,rolling,split-3,2023-11-01,13,16,12.895292727389496,14.379118518151571,15
rolling/histogram-small,rolling-daily,histogram-small,rolling,split-3,2023-11-01,21,14,15.510696483789195,19.842156136649709,20
rolling/histogram-small,rolling-daily,histogram-small,rolling,split-3,2023-11-01,35,20,26.829298474742959,27.091638664151162,28
rolling/histogram-small,rolling-daily,histogram-small,rolling,split-3,2023-11-01,82,12,15.801722735212621,17.016312150186341,18
rolling/histogram-small,rolling-daily,histogram-small,rolling,split-3,2023-11-02,11,17,10.100667027223169,11.346116973409355,12
rolling/histogram-small,rolling-daily,histogram-small,rolling,split-3,2023-11-02,12,15,6.2184278470018555,7.1959441889211337,8
rolling/histogram-small,rolling-daily,histogram-small,rolling,split-3,2023-11-02,13,20,14.369329647473602,16.410397792844762,17
rolling/histogram-small,rolling-daily,histogram-small,rolling,split-3,2023-11-02,21,13,13.023130707612937,13.811067169669128,14
rolling/histogram-small,rolling-daily,histogram-small,rolling,split-3,2023-11-02,35,27,19.257505257385777,23.693883373892305,24
rolling/histogram-small,rolling-daily,histogram-small,rolling,split-3,2023-11-02,82,14,14.069653633797877,14.069653633797877,15
rolling/histogram-small,rolling-daily,histogram-small,rolling,split-3,2023-11-03,11,11,12.024905983729651,15.118112025399203,16
rolling/histogram-small,rolling-daily,histogram-small,rolling,split-3,2023-11-03,12,9,9.5994745927499636,10.481765948764865,11
rolling/histogram-small,rolling-daily,histogram-small,rolling,split-3,2023-11-03,13,17,15.298068415702952,18.076628580038818,19
rolling/histogram-small,rolling-daily,histogram-small,rolling,split-3,2023-11-03,21,5,11.567407903812075,13.157620263630314,14
rolling/histogram-small,rolling-daily,histogram-small,rolling,split-3,2023-11-03,35,21,23.852596981455964,30.309119897959086,31
rolling/histogram-small,rolling-daily,histogram-small,rolling,split-3,2023-11-03,82,12,14.371117653189739,14.371117653189739,15
rolling/histogram-small,rolling-daily,histogram-small,rolling,split-3,2023-11-04,11,11,9.7694365835818182,12.580497447247893,13
rolling/histogram-small,rolling-daily,histogram-small,rolling,split-3,2023-11-04,12,4,7.3674668044041312,7.6749627315965245,8
rolling/histogram-small,rolling-daily,histogram-small,rolling,split-3,2023-11-04,13,9,13.303100531882452,17.675052886470244,18
rolling/histogram-small,rolling-daily,histogram-small,rolling,split-3,2023-11-04,21,12,9.4374063347531845,10.705806017138926,11
rolling/histogram-small,rolling-daily,histogram-small,rolling,split-3,2023-11-04,35,17,18.927012925894111,22.324632962362422,23
rolling/histogram-small,rolling-daily,histogram-small,rolling,split-3,2023-11-04,82,12,10.682611638091432,11.746422284701637,12
rolling/histogram-small,rolling-daily,histogram-small,rolling,split-3,2023-11-05,11,4,9.1439779390553255,9.7806995779689885,10
rolling/histogram-small,rolling-daily,histogram-small,rolling,split-3,2023-11-05,12,2,6.0021353584723061,6.8298623614745058,7
rolling/histogram-small,rolling-daily,histogram-small,rolling,split-3,2023-11-05,13,9,10.13787777032088,12.666884529613835,13
rolling/histogram-small,rolling-daily,histogram-small,rolling,split-3,2023-11-05,21,8,11.069298140865094,12.75972263897423,13
rolling/histogram-small,rolling-daily,histogram-small,rolling,split-3,2023-11-05,35,16,17.00511694978864,17.397178606813831,18
rolling/histogram-small,rolling-daily,histogram-small,rolling,split-3,2023-11-05,82,11,11.019347545004107,11.587932452796107,12
rolling/histogram-small,rolling-daily,histogram-small,rolling,split-3,2023-11-06,11,8,7.9828292007055186,9.8687188111019388,10
rolling/histogram-small,rolling-daily,histogram-small,rolling,split-3,2023-11-06,12,5,6.6407931782706608,8.3931857493612458,9
rolling/histogram-small,rolling-daily,histogram-small,rolling,split-3,2023-11-06,13,11,12.240546061899146,16.590223285794337,17
rolling/histogram-small,rolling-daily,histogram-small,rolling,split-3,2023-11-06,21,14,12.200494027003002,17.668660026489423,18
rolling/histogram-small,rolling-daily,histogram-small,rolling,split-3,2023-11-06,35,14,22.904385999483051,22.904385999483051,23
rolling/histogram-small,rolling-daily,histogram-small,rolling,split-3,2023-11-06,82,10,12.876538194449246,16.599722977901855,17
rolling/histogram-small,rolling-daily,histogram-small,rolling,split-3,2023-11-07,11,6,6.6328847015594814,8.3249199632894069,9
rolling/histogram-small,rolling-daily,histogram-small,rolling,split-3,2023-11-07,12,2,5.2652625322622058,6.5903329760589315,7
rolling/histogram-small,rolling-daily,histogram-small,rolling,split-3,2023-11-07,13,11,9.5403853027362011,10.161445221731544,11
rolling/histogram-small,rolling-daily,histogram-small,rolling,split-3,2023-11-07,21,12,10.586376956067561,11.137762627378139,12
rolling/histogram-small,rolling-daily,histogram-small,rolling,split-3,2023-11-07,35,17,14.238801006501467,14.238801006501467,15
rolling/histogram-small,rolling-daily,histogram-small,rolling,split-3,2023-11-07,82,8,9.2796812813121754,9.2796812813121754,10
rolling/histogram-small,rolling-daily,histogram-small,rolling,split-3,2023-11-08,11,7,6.2165237222550003,8.215836939918443,9
rolling/histogram-small,rolling-daily,histogram-small,rolling,split-3,2023-11-08,12,3,4.312086750556249,5.0232964833713742,6
rolling/histogram-small,rolling-daily,histogram-small,rolling,split-3,2023-11-08,13,5,9.6485276093171013,11.536483180164129,12
rolling/histogram-small,rolling-daily,histogram-small,rolling,split-3,2023-11-08,21,6,9.2150003681467894,11.821183143089552,12
rolling/histogram-small,rolling-daily,histogram-small,rolling,split-3,2023-11-08,82,8,8.6583864153627168,9.1170162364680749,10
rolling/histogram-small,rolling-daily,histogram-small,rolling,split-3,2023-11-09,11,5,6.310939687068875,8.2430230734629006,9
rolling/histogram-small,rolling-daily,histogram-small,rolling,split-3,2023-11-09,12,4,4.2134985604584445,5.3330987381294648,6
rolling/histogram-small,rolling-daily,histogram-small,rolling,split-3,2023-11-09,13,5,7.3800139230066364,10.259935341261258,11
rolling/histogram-small,rolling-daily,histogram-small,rolling,split-3,2023-11-09,21,7,7.1178682400372404,9.8997465829254612,10
rolling/histogram-small,rolling-daily,histogram-small,rolling,split-3,2023-11-09,35,10,14.201059958276714,16.250375292756672,17
rolling/histogram-small,rolling-daily,histogram-small,rolling,split-3,2023-11-09,82,8,7.5135892806736919,7.9287158382426695,8
rolling/histogram-small,rolling-daily,histogram-small,rolling,split-3,2023-11-10,11,9,6.084967849752263,8.0420998566206201,9
rolling/histogram-small,rolling-daily,histogram-small,rolling,split-3,2023-11-10,12,4,3.6201586422024867,4.4568834920205518,5
rolling/histogram-small,rolling-daily,histogram-small,rolling,split-3,2023-11-10,13,5,6.1069391516749327,8.8514317715825861,9
rolling/histogram-small,rolling-daily,histogram-small,rolling,split-3,2023-11-10,21,11,7.4404422698356365,10.353880467853758,11
rolling/histogram-small,rolling-daily,histogram-small,rolling,split-3,2023-11-10,35,9,10.052307878869202,11.433759774336419,12
rolling/histogram-small,rolling-daily,histogram-small,rolling,split-3,2023-11-10,82,6,7.5954955570670251,8.3169430207999149,9
rolling/histogram-small,rolling-daily,histogram-small,rolling,split-3,2023-11-11,11,5,7.3883295264019591,9.7511001522963241,10
rolling/histogram-small,rolling-daily,histogram-small,rolling,split-3,2023-11-11,13,10,6.0744269293765081,9.0795277127190985,10
rolling/histogram-small,rolling-daily,histogram-small,rolling,split-3,2023-11-11,21,10,8.9946271927904533,10.859422460881964,11
rolling/histogram-small,rolling-daily,histogram-small,rolling,split-3,2023-11-11,35,11,8.7373104022842352,9.6726424471361057,10
rolling/histogram-small,rolling-daily,histogram-small,rolling,split-3,2023-11-11,82,7,7.0451740162169969,8.4590146822871972,9
rolling/histogram-small,rolling-daily,histogram-small,rolling,split-3,2023-11-12,11,8,5.8132956755390435,8.087308039328267,9
rolling/histogram-small,rolling-daily,histogram-small,rolling,split-3,2023-11-12,12,6,8.3754907831394707,9.0967124962458463,10
rolling/histogram-small,rolling-daily,histogram-small,rolling,split-3,2023-11-12,13,10,8.0766824636561143,10.591052618735997,11
rolling/histogram-small,rolling-daily,histogram-small,rolling,split-3,2023-11-12,21,12,9.6292052406167201,11.601278422149868,12
rolling/histogram-small,rolling-daily,histogram-small,rolling,split-3,2023-11-12,35,12,9.2314083583122937,9.4783085856113445,10
rolling/histogram-small,rolling-daily,histogram-small,rolling,split-3,2023-11-12,82,8,7.6724992143005757,8.8927030235855469,9
rolling/histogram-small,rolling-daily,histogram-small,rolling,split-3,2023-11-13,11,8,7.8260729263879254,10.920221359823767,11
rolling/histogram-small,rolling-daily,histogram-small,rolling,split-3,2023-11-13,12,5,4.874006025846553,5.4538955224353973,6
rolling/histogram-small,rolling-daily,histogram-small,rolling,split-3,2023-11-13,13,12,8.5207744547577207,11.017440883935549,12
rolling/histogram-small,rolling-daily,histogram-small,rolling,split-3,2023-11-13,21,8,10.268443145856017,12.863018148391458,13
rolling/histogram-small,rolling-daily,histogram-small,rolling,split-3,2023-11-13,35,12,11.767183763182457,12.637325918819148,13
rolling/histogram-small,rolling-daily,histogram-small,rolling,split-3,2023-11-13,82,10,8.5471812963158555,10.0696511526032,11
rolling/histogram-small,rolling-daily,histogram-small,rolling,split-3,2023-11-14,11,8,6.8136872079916522,9.9331051229748333,10
rolling/histogram-small,rolling-daily,histogram-small,rolling,split-3,2023-11-14,12,6,4.1858129282346335,5.0280045147214505,6
rolling/histogram-small,rolling-daily,histogram-small,rolling,split-3,2023-11-14,13,9,8.906420196030199,10.711196887043442,11
rolling/histogram-small,rolling-daily,histogram-small,rolling,split-3,2023-11-14,21,12,8.5698478070615298,12.609756617481132,13
rolling/histogram-small,rolling-daily,histogram-small,rolling,split-3,2023-11-14,35,9,9.1834118854433271,10.292593431888907,11
rolling/histogram-small,rolling-daily,histogram-small,rolling,split-3,2023-11-14,82,6,8.552264781620714,9.5736601530234964,10
rolling/histogram-small,rolling-daily,histogram-small,rolling,split-3,2023-11-15,11,8,7.3693345425354631,10.176567797799144,11
rolling/histogram-small,rolling-daily,histogram-small,rolling,split-3,2023-11-15,12,4,3.8162621940979999,4.4912339966058648,5
rolling/histogram-small,rolling-daily,histogram-small,rolling,split-3,2023-11-15,13,5,9.0649231157577468,10.91174636253271,11
rolling/histogram-small,rolling-daily,histogram-small,rolling,split-3,2023-11-15,21,10,10.447796939025,12.035853191255296,13
rolling/histogram-small,rolling-daily,histogram-small,rolling,split-3,2023-11-15,35,10,7.4000820031112973,9.0927362368587126,10
rolling/histogram-small,rolling-daily,histogram-small,rolling,split-3,2023-11-15,82,8,7.3620769031995312,8.4977672944553788,9
rolling/histogram-small,rolling-daily,histogram-small,rolling,split-3,2023-11-17,11,5,11.125950468773658,13.899113118243612,14
rolling/histogram-small,rolling-daily,histogram-small,rolling,split-3,2023-11-17,12,5,8.930206184291972,8.9684462004694243,9
rolling/histogram-small,rolling-daily,histogram-small,rolling,split-3,2023-11-17,13,10,11.439203184658258,14.714577664828182,15
rolling/histogram-small,rolling-daily,histogram-small,rolling,split-3,2023-11-17,21,11,12.633601639406145,15.533012971907533,16
rolling/histogram-small,rolling-daily,histogram-small,rolling,split-3,2023-11-17,35,11,12.087317935513676,13.541856879065094,14
rolling/histogram-small,rolling-daily,histogram-small,rolling,split-3,2023-11-17,82,4,11.716099692455828,13.183813613863261,14
rolling/histogram-small,rolling-daily,histogram-small,rolling,split-3,2023-11-18,11,5,6.9746853877238717,9.504104994262546,10
rolling/histogram-small,rolling-daily,histogram-small,rolling,split-3,2023-11-18,12,5,4.0789029101717205,4.4478369860271609,5
rolling/histogram-small,rolling-daily,histogram-small,rolling,split-3,2023-11-18,13,11,8.1509079890475906,11.021234661425128,12
rolling/histogram-small,rolling-daily,histogram-small,rolling,split-3,2023-11-18,21,12,9.9923284536320907,12.325727608678823,13
rolling/histogram-small,rolling-daily,histogram-small,rolling,split-3,2023-11-18,35,12,8.3511216432596065,9.6761607861568724,10
rolling/histogram-small,rolling-daily,histogram-small,rolling,split-3,2023-11-18,82,8,7.6945956608385284,9.1592728326732953,10
rolling/histogram-small,rolling-daily,histogram-small,rolling,split-3,2023-11-19,11,6,6.5686433224870626,8.4890610511617091,9
rolling/histogram-small,rolling-daily,histogram-small,rolling,split-3,2023-11-19,12,5,3.8946062703450988,4.1768163964469585,5
rolling/histogram-small,rolling-daily,histogram-small,rolling,split-3,2023-11-19,13,9,8.8568766356182689,11.125158869901036,12
rolling/histogram-small,rolling-daily,histogram-small,rolling,split-3,2023-11-19,21,13,10.874086179733313,12.60768163534398,13
rolling/histogram-small,rolling-daily,histogram-small,rolling,split-3,2023-11-19,35,9,9.0185679391049511,9.7000285515078666,10
rolling/histogram-small,rolling-daily,histogram-small,rolling,split-3,2023-11-19,82,8,7.6112949779440431,9.3916131671074865,10
rolling/histogram-small,rolling-daily,histogram-small,rolling,split-3,2023-11-20,11,3,7.2329087564665606,8.4574174285548835,9
rolling/histogram-small,rolling-daily,histogram-small,rolling,split-3,2023-11-20,12,4,4.7065581423337246,5.0151385346470647,6
rolling/histogram-small,rolling-daily,histogram-small,rolling,split-3,2023-11-20,13,13,8.8205725978226237,11.465668064940999,12
rolling/histogram-small,rolling-daily,histogram-small,rolling,split-3,2023-11-20,21,8,11.819141699234427,13.403770818017477,14
rolling/histogram-small,rolling-daily,histogram-small,rolling,split-3,2023-11-20,35,10,8.8795496003020915,10.286288396093536,11
rolling/histogram-small,rolling-daily,histogram-small,rolling,split-3,2023-11-20,82,8,8.8103269322500459,9.9448178292649629,10
rolling/histogram-small,rolling-daily,histogram-small,rolling,split-3,2023-11-21,11,5,4.6118442556578927,5.2232455525771435,6
rolling/histogram-small,rolling-daily,histogram-small,rolling,split-3,2023-11-21,12,5,3.9148303024156457,4.5743727093671858,5
rolling/histogram-small,rolling-daily,histogram-small,rolling,split-3,2023-11-21,13,11,9.2524881173568918,11.006435893578033,12
rolling/histogram-small,rolling-daily,histogram-small,rolling,split-3,2023-11-21,21,11,9.3206789934860339,13.057452018493638,14
rolling/histogram-small,rolling-daily,histogram-small,rolling,split-3,2023-11-21,35,11,8.0228056211563548,9.722991891464801,10
rolling/histogram-small,rolling-daily,histogram-small,rolling,split-3,2023-11-21,82,9,7.6524241134094719,8.8786421906892201,9
rolling/histogram-small,rolling-daily,histogram-small,rolling,split-3,2023-11-22,11,6,4.8818621580000032,5.6506983110953506,6
rolling/histogram-small,rolling-daily,histogram-small,rolling,split-3,2023-11-22,12,6,3.806685203524129,4.5280768697537823,5
rolling/histogram-small,rolling-daily,histogram-small,rolling,split-3,2023-11-22,13,8,9.2586375995071464,11.609486026104495,12
rolling/histogram-small,rolling-daily,histogram-small,rolling,split-3,2023-11-22,21,15,11.091285873459162,13.099000947509811,14
rolling/histogram-small,rolling-daily,histogram-small,rolling,split-3,2023-11-22,35,16,9.0601097521721332,10.599581006013619,11
rolling/histogram-small,rolling-daily,histogram-small,rolling,split-3,2023-11-22,82,9,8.7911463500908376,9.188905303779169,10
rolling/histogram-small,rolling-daily,histogram-small,rolling,split-3,2023-11-23,11,4,4.8025038967005367,6.2123346573820823,7
rolling/histogram-small,rolling-daily,histogram-small,rolling,split-3,2023-11-23,12,5,4.2297936091926438,5.747608335577608,6
rolling/histogram-small,rolling-daily,histogram-small,rolling,split-3,2023-11-23,13,8,7.7503596613813288,11.290472398702686,12
rolling/histogram-small,rolling-daily,histogram-small,rolling,split-3,2023-11-23,21,6,13.425886301377707,16.002790880580108,17
rolling/histogram-small,rolling-daily,histogram-small,rolling,split-3,2023-11-23,35,7,12.044568826558695,13.837839856543624,14
rolling/histogram-small,rolling-daily,histogram-small,rolling,split-3,2023-11-23,82,6,9.2151054010819067,9.9327725369139834,10
rolling/histogram-small,rolling-daily,histogram-small,rolling,split-3,2023-11-24,11,9,5.1149824687982663,5.4025022001786001,6
rolling/histogram-small,rolling-daily,histogram-small,rolling,split-3,2023-11-24,12,11,4.0845645822289658,4.7306982543791749,5
rolling/histogram-small,rolling-daily,histogram-small,rolling,split-3,2023-11-24,13,11,7.8314285249307609,11.308081124458468,12
rolling/histogram-small,rolling-daily,histogram-small,rolling,split-3,2023-11-24,21,12,9.0780949889369733,11.787077218147539,12
rolling/histogram-small,rolling-daily,histogram-small,rolling,split-3,2023-11-24,35,10,8.4333718471302852,11.037097786000221,12
rolling/histogram-small,rolling-daily,histogram-small,rolling,split-3,2023-11-24,82,7,7.7140326188221806,8.2764882517388401,9
rolling/histogram-small,rolling-daily,histogram-small,rolling,split-3,2023-11-25,11,11,6.0736537459858591,7.0331642354735848,8
rolling/histogram-small,rolling-daily,histogram-small,rolling,split-3,2023-11-25,12,8,6.3470144866871294,6.5394848245035639,7
rolling/histogram-small,rolling-daily,histogram-small,rolling,split-3,2023-11-25,13,12,9.5463151586490476,11.612322829159467,12
rolling/histogram-small,rolling-daily,histogram-small,rolling,split-3,2023-11-25,21,13,10.731368732543269,12.939891133400945,13
rolling/histogram-small,rolling-daily,histogram-small,rolling,split-3,2023-11-25,35,7,9.5536571950544147,11.086770263983031,12
rolling/histogram-small,rolling-daily,histogram-small,rolling,split-3,2023-11-25,82,7,8.0238090350540219,9.4202564606389814,10
rolling/histogram-small,rolling-daily,histogram-small,rolling,split-3,2023-11-26,11,8,7.515797437991294,8.5743139373172905,9
rolling/histogram-small,rolling-daily,histogram-small,rolling,split-3,2023-11-26,12,8,5.5738337919247707,6.8510911557799865,7
rolling/histogram-small,rolling-daily,histogram-small,rolling,split-3,2023-11-26,13,7,9.1604851302574932,11.544931580189818,12
rolling/histogram-small,rolling-daily,histogram-small,rolling,split-3,2023-11-26,21,10,11.934272229343399,14.548838239046862,15
rolling/histogram-small,rolling-daily,histogram-small,rolling,split-3,2023-11-26,35,12,8.1338717841350245,11.291812277493863,12
rolling/histogram-small,rolling-daily,histogram-small,rolling,split-3,2023-11-26,82,7,7.7704943280184882,8.7947616668709223,9
rolling/histogram-small,rolling-daily,histogram-small,rolling,split-3,2023-11-27,11,10,6.6668722031868368,8.0603752796238801,9
rolling/histogram-small,rolling-daily,histogram-small,rolling,split-3,2023-11-27,12,3,6.2434391443695905,7.8126466049509879,8
rolling/histogram-small,rolling-daily,histogram-small,rolling,split-3,2023-11-27,13,10,9.0189962049014412,12.461776231664679,13
rolling/histogram-small,rolling-daily,histogram-small,rolling,split-3,2023-11-27,21,10,11.55450831646252,13.913108520327647,14
rolling/histogram-small,rolling-daily,histogram-small,rolling,split-3,2023-11-27,35,6,11.288698301276284,11.767509039350566,12
rolling/histogram-small,rolling-daily,histogram-small,rolling,split-3,2023-11-27,82,4,8.7717460549859467,9.6893379899271359,10
rolling/histogram-small,rolling-daily,histogram-small,rolling,split-3,2023-11-28,11,10,7.7740573021434187,8.9876865607814462,9
rolling/histogram-small,rolling-daily,histogram-small,rolling,split-3,2023-11-28,12,8,4.9967862817980579,5.780956162267131,6
rolling/histogram-small,rolling-daily,histogram-small,rolling,split-3,2023-11-28,13,8,8.3779223555679785,10.937131036790259,11
rolling/histogram-small,rolling-daily,histogram-small,rolling,split-3,2023-11-28,21,9,10.937403496789857,13.769340939683838,14
rolling/histogram-small,rolling-daily,histogram-small,rolling,split-3,2023-11-28,35,5,6.9035185783534088,9.8273951979427316,10
rolling/histogram-small,rolling-daily,histogram-small,rolling,split-3,2023-11-28,82,5,7.0163824790323011,7.0916191357588163,8
rolling/histogram-small,rolling-daily,histogram-small,rolling,split-3,2023-11-29,11,11,8.3737194064152316,9.4976043216307779,10
rolling/histogram-small,rolling-daily,histogram-small,rolling,split-3,2023-11-29,12,8,5.891504161548867,8.4111067615562334,9
rolling/histogram-small,rolling-daily,histogram-small,rolling,split-3,2023-11-29,13,10,7.4863159701824031,11.190035566438615,12
rolling/histogram-small,rolling-daily,histogram-small,rolling,split-3,2023-11-29,21,13,10.57795320521436,13.644965703139201,14
rolling/histogram-small,rolling-daily,histogram-small,rolling,split-3,2023-11-29,35,10,5.8906667629308664,8.9994997449670784,9
rolling/histogram-small,rolling-daily,histogram-small,rolling,split-3,2023-11-29,82,6,6.6085005609657461,6.8735281569494902,7
rolling/histogram-small,rolling-daily,histogram-small,rolling,split-3,2023-11-30,11,8,9.5871519495801678,10.971271222696886,11
rolling/histogram-small,rolling-daily,histogram-small,rolling,split-3,2023-11-30,12,5,6.5936613665231834,9.2019619808080151,10
rolling/histogram-small,rolling-daily,histogram-small,rolling,split-3,2023-11-30,13,9,9.1809790711580099,12.075837473814289,13
rolling/histogram-small,rolling-daily,histogram-small,rolling,split-3,2023-11-30,21,13,10.632189369552439,13.635136896477848,14
rolling/histogram-small,rolling-daily,histogram-small,rolling,split-3,2023-11-30,35,10,7.7062924785326077,11.282026273794644,12
rolling/histogram-small,rolling-daily,histogram-small,rolling,split-3,2023-11-30,82,6,5.5595867193652255,6.0077185301255946,7
rolling/histogram-small,rolling-daily,histogram-small,rolling,split-3,2023-12-01,11,9,7.8065149924522741,10.386257578923791,11
rolling/histogram-small,rolling-daily,histogram-small,rolling,split-3,2023-12-01,12,2,5.9396899460190475,7.6830426835345778,8
rolling/histogram-small,rolling-daily,histogram-small,rolling,split-3,2023-12-01,13,7,8.8251137553902623,12.937472487585257,13
rolling/histogram-small,rolling-daily,histogram-small,rolling,split-3,2023-12-01,21,5,12.000258966237165,14.998101420401488,15
rolling/histogram-small,rolling-daily,histogram-small,rolling,split-3,2023-12-01,35,9,7.8871863247453282,10.977006816243584,11
rolling/histogram-small,rolling-daily,histogram-small,rolling,split-3,2023-12-01,82,4,5.531045897974332,5.8363959683664159,6
rolling/histogram-small,rolling-daily,histogram-small,rolling,split-3,2023-12-02,11,8,9.1069857624206669,10.176534971415936,11
rolling/histogram-small,rolling-daily,histogram-small,rolling,split-3,2023-12-02,12,8,5.3290393240307843,6.0036612460151204,7
rolling/histogram-small,rolling-daily,histogram-small,rolling,split-3,2023-12-02,13,13,7.8985092179987149,11.652387568960673,12
rolling/histogram-small,rolling-daily,histogram-small,rolling,split-3,2023-12-02,21,19,8.3932694093581617,11.572163326677931,12
rolling/histogram-small,rolling-daily,histogram-small,rolling,split-3,2023-12-02,35,15,7.9663904195828463,12.130729858813016,13
rolling/histogram-small,rolling-daily,histogram-small,rolling,split-3,2023-12-02,82,6,5.360042208953951,5.360042208953951,6
rolling/histogram-small,rolling-daily,histogram-small,rolling,split-3,2023-12-03,11,7,7.9540842791622648,10.517618369750597,11
rolling/histogram-small,rolling-daily,histogram-small,rolling,split-3,2023-12-03,12,7,5.4624359959260582,8.0878665862011871,9
rolling/histogram-small,rolling-daily,histogram-small,rolling,split-3,2023-12-03,13,8,8.9988167386499924,12.034582688634405,13
rolling/histogram-small,rolling-daily,histogram-small,rolling,split-3,2023-12-03,21,4,13.68323437345247,18.560597503452986,19
rolling/histogram-small,rolling-daily,histogram-small,rolling,split-3,2023-12-03,35,6,10.153144517750196,14.689779065583316,15
rolling/histogram-small,rolling-daily,histogram-small,rolling,split-3,2023-12-03,82,6,5.7231819406170654,5.7231819406170654,6
rolling/histogram-small,rolling-daily,histogram-small,rolling,split-3,2023-12-04,11,12,8.3396104644623748,10.710027408772792,11
rolling/histogram-small,rolling-daily,histogram-small,rolling,split-3,2023-12-04,12,7,6.6528324752383758,7.5328144903198071,8
rolling/histogram-small,rolling-daily,histogram-small,rolling,split-3,2023-12-04,13,7,8.6165981342906246,12.943685678140564,13
rolling/histogram-small,rolling-daily,histogram-small,rolling,split-3,2023-12-04,21,8,9.1111866945846831,12.14191959922298,13
rolling/histogram-small,rolling-daily,histogram-small,rolling,split-3,2023-12-04,35,8,7.219314010761761,11.622322358614259,12
rolling/histogram-small,rolling-daily,histogram-small,rolling,split-3,2023-12-04,82,6,6.2065885037208268,6.2065885037208268,7
rolling/histogram-small,rolling-daily,histogram-small,rolling,split-3,2023-12-05,11,9,9.1432148678722172,12.049389133711516,13
rolling/histogram-small,rolling-daily,histogram-small,rolling,split-3,2023-12-05,12,6,6.7140229696167317,8.8922750438906135,9
rolling/histogram-small,rolling-daily,histogram-small,rolling,split-3,2023-12-05,13,10,7.6418556189934348,11.223739308941834,12
rolling/histogram-small,rolling-daily,histogram-small,rolling,split-3,2023-12-05,21,12,8.4604084601979856,12.668944699931989,13
rolling/histogram-small,rolling-daily,histogram-small,rolling,split-3,2023-12-05,35,7,7.2285771818262505,11.724449217027566,12
rolling/histogram-small,rolling-daily,histogram-small,rolling,split-3,2023-12-05,82,5,5.8060911418847896,5.8060911418847896,6
rolling/histogram-small,rolling-daily,histogram-small,rolling,split-3,2023-12-06,11,8,8.9613393081555373,11.777167847104522,12
rolling/histogram-small,rolling-daily,histogram-small,rolling,split-3,2023-12-06,12,7,5.7473051808142728,6.7680492014271687,7
rolling/histogram-small,rolling-daily,histogram-small,rolling,split-3,2023-12-06,13,7,8.7594915706525871,12.553905251859913,13
rolling/histogram-small,rolling-daily,histogram-small,rolling,split-3,2023-12-06,21,12,10.928387061454977,13.760416081340306,14
rolling/histogram-small,rolling-daily,histogram-small,rolling,split-3,2023-12-06,35,9,7.6805037974841719,11.980058277316889,12
rolling/histogram-small,rolling-daily,histogram-small,rolling,split-3,2023-12-06,82,6,5.7766439108768894,5.7766439108768894,6
rolling/histogram-small,rolling-daily,histogram-small,rolling,split-3,2023-12-07,11,8,7.4286354778030139,11.75439516680515,12
rolling/histogram-small,rolling-daily,histogram-small,rolling,split-3,2023-12-07,12,3,5.8377014949323609,7.1323557229882715,8
rolling/histogram-small,rolling-daily,histogram-small,rolling,split-3,2023-12-07,13,10,7.9264413048843663,12.002290893252809,13
rolling/histogram-small,rolling-daily,histogram-small,rolling,split-3,2023-12-07,21,11,9.9568278343751615,13.18460806070194,14
rolling/histogram-small,rolling-daily,histogram-small,rolling,split-3,2023-12-07,35,10,8.5786525930136293,12.282796047414305,13
rolling/histogram-small,rolling-daily,histogram-small,rolling,split-3,2023-12-07,82,4,5.5893866564885668,5.6445209026894494,6
rolling/histogram-small,rolling-daily,histogram-small,rolling,split-3,2023-12-08,11,12,7.8126031571464232,11.311408484733118,12
rolling/histogram-small,rolling-daily,histogram-small,rolling,split-3,2023-12-08,12,9,5.8420705717834291,6.1840542374706757,7
rolling/histogram-small,rolling-daily,histogram-small,rolling,split-3,2023-12-08,13,10,9.0713525083392348,12.372742786923663,13
rolling/histogram-small,rolling-daily,histogram-small,rolling,split-3,2023-12-08,21,16,10.492605032303846,13.169225127034519,14
rolling/histogram-small,rolling-daily,histogram-small,rolling,split-3,2023-12-08,35,10,8.9861317377683356,11.664395714666103,12
rolling/histogram-small,rolling-daily,histogram-small,rolling,split-3,2023-12-08,82,12,5.5780687151237238,5.5780687151237238,6
rolling/histogram-small,rolling-daily,histogram-small,rolling,split-3,2023-12-09,11,12,9.0840453737839972,12.331921652944734,13
rolling/histogram-small,rolling-daily,histogram-small,rolling,split-3,2023-12-09,12,8,8.0131825046571308,8.7832862017636071,9
rolling/histogram-small,rolling-daily,histogram-small,rolling,split-3,2023-12-09,13,23,9.5890049447000081,12.512514281456717,13
rolling/histogram-small,rolling-daily,histogram-small,rolling,split-3,2023-12-09,21,30,14.430541233557729,18.4597465274428,19
rolling/histogram-small,rolling-daily,histogram-small,rolling,split-3,2023-12-09,35,22,9.3247363554140499,11.583147727669466,12
rolling/histogram-small,rolling-daily,histogram-small,rolling,split-3,2023-12-09,82,12,8.3349615026367694,8.3349615026367694,9
rolling/histogram-small,rolling-daily,histogram-small,rolling,split-3,2023-12-10,11,13,9.5686637595090218,13.239441621601076,14
rolling/histogram-small,rolling-daily,histogram-small,rolling,split-3,2023-12-10,12,5,7.0714798315962266,8.7073852022666003,9
rolling/histogram-small,rolling-daily,histogram-small,rolling,split-3,2023-12-10,13,19,12.479160450124908,17.678239039084318,18
rolling/histogram-small,rolling-daily,histogram-small,rolling,split-3,2023-12-10,21,8,17.282576649723907,23.105688545383764,24
rolling/histogram-small,rolling-daily,histogram-small,rolling,split-3,2023-12-10,35,14,12.151804920996867,16.591686958455874,17
rolling/histogram-small,rolling-daily,histogram-small,rolling,split-3,2023-12-10,82,11,8.458527249565698,9.7524322881459149,10
rolling/histogram-small,rolling-daily,histogram-small,rolling,split-3,2023-12-11,11,2,10.660545197451791,13.938752202750242,14
rolling/histogram-small,rolling-daily,histogram-small,rolling,split-3,2023-12-11,12,2,7.141506555594983,7.786649566614404,8
rolling/histogram-small,rolling-daily,histogram-small,rolling,split-3,2023-12-11,13,5,13.927822235240626,21.031631557094375,22
rolling/histogram-small,rolling-daily,histogram-small,rolling,split-3,2023-12-11,21,2,14.887857934961451,20.712948307463815,21
rolling/histogram-small,rolling-daily,histogram-small,rolling,split-3,2023-12-11,35,12,12.603278485143854,14.695597288622823,15
rolling/histogram-small,rolling-daily,histogram-small,rolling,split-3,2023-12-11,82,3,8.2278132897229401,10.217918367106758,11
chronos/raw,raw,chronos-bolt-small,chronos,split-1,2023-07-01,11,13,15.231294631958008,19.199197769165039,20
chronos/raw,raw,chronos-bolt-small,chronos,split-1,2023-07-01,12,15,8.0035133361816406,10.776802062988281,11
chronos/raw,raw,chronos-bolt-small,chronos,split-1,2023-07-01,13,9,19.523706436157227,26.006601333618164,27
chronos/raw,raw,chronos-bolt-small,chronos,split-1,2023-07-01,21,13,26.13591194152832,32.397945404052734,33
chronos/raw,raw,chronos-bolt-small,chronos,split-1,2023-07-01,35,15,26.497043609619141,33.557971954345703,34
chronos/raw,raw,chronos-bolt-small,chronos,split-1,2023-07-01,82,22,21.451444625854492,25.965719223022461,26
chronos/raw,raw,chronos-bolt-small,chronos,split-1,2023-07-02,11,12,17.728178024291992,21.835914611816406,22
chronos/raw,raw,chronos-bolt-small,chronos,split-1,2023-07-02,12,11,14.453394889831543,18.372589111328125,19
chronos/raw,raw,chronos-bolt-small,chronos,split-1,2023-07-02,13,29,20.111291885375977,26.14799690246582,27
chronos/raw,raw,chronos-bolt-small,chronos,split-1,2023-07-02,21,24,26.405031204223633,32.322658538818359,33
chronos/raw,raw,chronos-bolt-small,chronos,split-1,2023-07-02,35,34,25.561256408691406,32.912441253662109,33
chronos/raw,raw,chronos-bolt-small,chronos,split-1,2023-07-02,82,17,24.549386978149414,28.985260009765625,29
chronos/raw,raw,chronos-bolt-small,chronos,split-1,2023-07-03,11,42,16.859197616577148,20.664556503295898,21
chronos/raw,raw,chronos-bolt-small,chronos,split-1,2023-07-03,12,14,14.195217132568359,17.261466979980469,18
chronos/raw,raw,chronos-bolt-small,chronos,split-1,2023-07-03,13,31,26.861293792724609,33.684005737304688,34
chronos/raw,raw,chronos-bolt-small,chronos,split-1,2023-07-03,21,27,28.368379592895508,33.930191040039062,34
chronos/raw,raw,chronos-bolt-small,chronos,split-1,2023-07-03,35,49,29.905654907226562,37.619846343994141,38
chronos/raw,raw,chronos-bolt-small,chronos,split-1,2023-07-03,82,23,22.150033950805664,26.402149200439453,27
chronos/raw,raw,chronos-bolt-small,chronos,split-1,2023-07-04,11,20,20.069664001464844,25.741291046142578,26
chronos/raw,raw,chronos-bolt-small,chronos,split-1,2023-07-04,12,14,13.275230407714844,16.226394653320312,17
chronos/raw,raw,chronos-bolt-small,chronos,split-1,2023-07-04,13,27,24.076105117797852,29.889102935791016,30
chronos/raw,raw,chronos-bolt-small,chronos,split-1,2023-07-04,21,28,24.72831916809082,30.118087768554688,31
chronos/raw,raw,chronos-bolt-small,chronos,split-1,2023-07-04,35,41,28.604318618774414,36.606109619140625,37
chronos/raw,raw,chronos-bolt-small,chronos,split-1,2023-07-04,82,24,23.088550567626953,27.342477798461914,28
chronos/raw,raw,chronos-bolt-small,chronos,split-1,2023-07-05,11,24,15.619686126708984,20.095563888549805,21
chronos/raw,raw,chronos-bolt-small,chronos,split-1,2023-07-05,12,10,11.66981315612793,14.573185920715332,15
chronos/raw,raw,chronos-bolt-small,chronos,split-1,2023-07-05,13,13,18.928153991699219,24.350662231445312,25
chronos/raw,raw,chronos-bolt-small,chronos,split-1,2023-07-05,21,23,20.809989929199219,25.820661544799805,26
chronos/raw,raw,chronos-bolt-small,chronos,split-1,2023-07-05,35,28,26.665409088134766,34.384750366210938,35
chronos/raw,raw,chronos-bolt-small,chronos,split-1,2023-07-05,82,17,20.042200088500977,24.404872894287109,25
chronos/raw,raw,chronos-bolt-small,chronos,split-1,2023-07-06,11,20,18.317726135253906,23.145814895629883,24
chronos/raw,raw,chronos-bolt-small,chronos,split-1,2023-07-06,12,14,10.567282676696777,13.268040657043457,14
chronos/raw,raw,chronos-bolt-small,chronos,split-1,2023-07-06,13,15,15.978036880493164,20.983814239501953,21
chronos/raw,raw,chronos-bolt-small,chronos,split-1,2023-07-06,21,46,20.18370246887207,25.026689529418945,26
chronos/raw,raw,chronos-bolt-small,chronos,split-1,2023-07-06,35,31,26.765338897705078,34.06689453125,35
chronos/raw,raw,chronos-bolt-small,chronos,split-1,2023-07-06,82,20,17.971197128295898,22.041534423828125,23
chronos/raw,raw,chronos-bolt-small,chronos,split-1,2023-07-07,11,18,17.137954711914062,21.755943298339844,22
chronos/raw,raw,chronos-bolt-small,chronos,split-1,2023-07-07,12,7,11.389113426208496,14.422136306762695,15
chronos/raw,raw,chronos-bolt-small,chronos,split-1,2023-07-07,13,18,16.589944839477539,22.035003662109375,23
chronos/raw,raw,chronos-bolt-small,chronos,split-1,2023-07-07,21,22,26.531003952026367,32.842140197753906,33
chronos/raw,raw,chronos-bolt-small,chronos,split-1,2023-07-07,35,26,28.586399078369141,36.186038970947266,37
chronos/raw,raw,chronos-bolt-small,chronos,split-1,2023-07-07,82,21,19.25732421875,23.297164916992188,24
chronos/raw,raw,chronos-bolt-small,chronos,split-1,2023-07-08,11,29,18.560741424560547,23.0076904296875,24
chronos/raw,raw,chronos-bolt-small,chronos,split-1,2023-07-08,12,15,9.4319620132446289,12.318011283874512,13
chronos/raw,raw,chronos-bolt-small,chronos,split-1,2023-07-08,13,23,20.096794128417969,25.365573883056641,26
chronos/raw,raw,chronos-bolt-small,chronos,split-1,2023-07-08,21,39,25.941741943359375,31.882266998291016,32
chronos/raw,raw,chronos-bolt-small,chronos,split-1,2023-07-08,35,37,26.352729797363281,33.493495941162109,34
chronos/raw,raw,chronos-bolt-small,chronos,split-1,2023-07-08,82,24,19.813148498535156,24.069950103759766,25
chronos/raw,raw,chronos-bolt-small,chronos,split-1,2023-07-09,11,28,25.322349548339844,32.084117889404297,33
chronos/raw,raw,chronos-bolt-small,chronos,split-1,2023-07-09,12,15,14.493715286254883,17.670745849609375,18
chronos/raw,raw,chronos-bolt-small,chronos,split-1,2023-07-09,13,40,25.516738891601562,31.309131622314453,32
chronos/raw,raw,chronos-bolt-small,chronos,split-1,2023-07-09,21,21,35.200565338134766,42.617485046386719,43
chronos/raw,raw,chronos-bolt-small,chronos,split-1,2023-07-09,35,48,34.217994689941406,42.824256896972656,43
chronos/raw,raw,chronos-bolt-small,chronos,split-1,2023-07-09,82,24,24.41819953918457,28.834407806396484,29
chronos/raw,raw,chronos-bolt-small,chronos,split-1,2023-07-10,11,28,27.853080749511719,33.660354614257812,34
chronos/raw,raw,chronos-bolt-small,chronos,split-1,2023-07-10,12,29,16.284669876098633,19.486961364746094,20
chronos/raw,raw,chronos-bolt-small,chronos,split-1,2023-07-10,13,39,33.900535583496094,41.114410400390625,42
chronos/raw,raw,chronos-bolt-small,chronos,split-1,2023-07-10,21,69,32.353385925292969,38.575431823730469,39
chronos/raw,raw,chronos-bolt-small,chronos,split-1,2023-07-10,35,65,38.444614410400391,47.052604675292969,48
chronos/raw,raw,chronos-bolt-small,chronos,split-1,2023-07-10,82,34,26.018508911132812,30.415895462036133,31
chronos/raw,raw,chronos-bolt-small,chronos,split-1,2023-07-11,11,33,23.166881561279297,28.402748107910156,29
chronos/raw,raw,chronos-bolt-small,chronos,split-1,2023-07-11,12,19,16.205490112304688,19.817291259765625,20
chronos/raw,raw,chronos-bolt-small,chronos,split-1,2023-07-11,13,55,28.434803009033203,34.354095458984375,35
chronos/raw,raw,chronos-bolt-small,chronos,split-1,2023-07-11,21,44,32.74822998046875,39.897377014160156,40
chronos/raw,raw,chronos-bolt-small,chronos,split-1,2023-07-11,35,71,38.003578186035156,47.371284484863281,48
chronos/raw,raw,chronos-bolt-small,chronos,split-1,2023-07-11,82,23,27.429420471191406,32.541770935058594,33
chronos/raw,raw,chronos-bolt-small,chronos,split-1,2023-07-12,11,15,22.933200836181641,28.081829071044922,29
chronos/raw,raw,chronos-bolt-small,chronos,split-1,2023-07-12,12,13,13.863252639770508,17.290658950805664,18
chronos/raw,raw,chronos-bolt-small,chronos,split-1,2023-07-12,13,17,27.941455841064453,34.568840026855469,35
chronos/raw,raw,chronos-bolt-small,chronos,split-1,2023-07-12,21,14,27.864465713500977,34.645439147949219,35
chronos/raw,raw,chronos-bolt-small,chronos,split-1,2023-07-12,35,33,39.863052368164062,49.919639587402344,50
chronos/raw,raw,chronos-bolt-small,chronos,split-1,2023-07-12,82,14,21.072353363037109,25.749790191650391,26
chronos/raw,raw,chronos-bolt-small,chronos,split-1,2023-07-13,11,33,17.254920959472656,22.15521240234375,23
chronos/raw,raw,chronos-bolt-small,chronos,split-1,2023-07-13,12,21,12.863285064697266,15.912280082702637,16
chronos/raw,raw,chronos-bolt-small,chronos,split-1,2023-07-13,13,25,21.850244522094727,27.735225677490234,28
chronos/raw,raw,chronos-bolt-small,chronos,split-1,2023-07-13,21,51,22.822320938110352,29.311988830566406,30
chronos/raw,raw,chronos-bolt-small,chronos,split-1,2023-07-13,35,71,32.955780029296875,41.656097412109375,42
chronos/raw,raw,chronos-bolt-small,chronos,split-1,2023-07-13,82,36,18.300220489501953,22.92578125,23
chronos/raw,raw,chronos-bolt-small,chronos,split-1,2023-07-14,11,16,23.611000061035156,29.774429321289062,30
chronos/raw,raw,chronos-bolt-small,chronos,split-1,2023-07-14,12,11,15.772903442382812,19.557352066040039,20
chronos/raw,raw,chronos-bolt-small,chronos,split-1,2023-07-14,13,25,24.682218551635742,30.889179229736328,31
chronos/raw,raw,chronos-bolt-small,chronos,split-1,2023-07-14,21,36,30.485931396484375,38.02459716796875,39
chronos/raw,raw,chronos-bolt-small,chronos,split-1,2023-07-14,35,61,45.043701171875,56.193290710449219,57
chronos/raw,raw,chronos-bolt-small,chronos,split-1,2023-07-14,82,19,26.448219299316406,32.319480895996094,33
chronos/raw,raw,chronos-bolt-small,chronos,split-1,2023-07-15,11,20,21.168672561645508,26.723400115966797,27
chronos/raw,raw,chronos-bolt-small,chronos,split-1,2023-07-15,12,14,13.176764488220215,16.766799926757812,17
chronos/raw,raw,chronos-bolt-small,chronos,split-1,2023-07-15,13,24,26.798301696777344,33.774368286132812,34
chronos/raw,raw,chronos-bolt-small,chronos,split-1,2023-07-15,21,24,33.636375427246094,41.756889343261719,42
chronos/raw,raw,chronos-bolt-small,chronos,split-1,2023-07-15,35,35,50.795181274414062,63.765651702880859,64
chronos/raw,raw,chronos-bolt-small,chronos,split-1,2023-07-15,82,24,22.476064682006836,27.834095001220703,28
chronos/raw,raw,chronos-bolt-small,chronos,split-1,2023-07-16,11,29,24.74407958984375,30.882524490356445,31
chronos/raw,raw,chronos-bolt-small,chronos,split-1,2023-07-16,12,17,17.322546005249023,21.277910232543945,22
chronos/raw,raw,chronos-bolt-small,chronos,split-1,2023-07-16,13,25,31.387866973876953,38.811386108398438,39
chronos/raw,raw,chronos-bolt-small,chronos,split-1,2023-07-16,21,47,35.584888458251953,44.076190948486328,45
chronos/raw,raw,chronos-bolt-small,chronos,split-1,2023-07-16,35,37,45.583587646484375,57.814453125,58
chronos/raw,raw,chronos-bolt-small,chronos,split-1,2023-07-16,82,42,26.95683479309082,32.663719177246094,33
chronos/raw,raw,chronos-bolt-small,chronos,split-1,2023-07-17,11,26,28.705772399902344,35.136684417724609,36
chronos/raw,raw,chronos-bolt-small,chronos,split-1,2023-07-17,12,14,19.465278625488281,23.647205352783203,24
chronos/raw,raw,chronos-bolt-small,chronos,split-1,2023-07-17,13,48,31.557186126708984,37.805587768554688,38
chronos/raw,raw,chronos-bolt-small,chronos,split-1,2023-07-17,21,52,39.18621826171875,47.901721954345703,48
chronos/raw,raw,chronos-bolt-small,chronos,split-1,2023-07-17,35,62,45.304096221923828,54.885787963867188,55
chronos/raw,raw,chronos-bolt-small,chronos,split-1,2023-07-17,82,33,33.75250244140625,40.710098266601562,41
chronos/raw,raw,chronos-bolt-small,chronos,split-1,2023-07-18,11,30,24.662063598632812,30.026611328125,31
chronos/raw,raw,chronos-bolt-small,chronos,split-1,2023-07-18,12,14,15.310912132263184,18.703619003295898,19
chronos/raw,raw,chronos-bolt-small,chronos,split-1,2023-07-18,13,51,31.039133071899414,37.365550994873047,38
chronos/raw,raw,chronos-bolt-small,chronos,split-1,2023-07-18,21,51,36.275951385498047,43.811111450195312,44
chronos/raw,raw,chronos-bolt-small,chronos,split-1,2023-07-18,35,65,44.293304443359375,54.034629821777344,55
chronos/raw,raw,chronos-bolt-small,chronos,split-1,2023-07-18,82,29,29.372425079345703,35.228553771972656,36
chronos/raw,raw,chronos-bolt-small,chronos,split-1,2023-07-19,11,30,23.952764511108398,29.746429443359375,30
chronos/raw,raw,chronos-bolt-small,chronos,split-1,2023-07-19,12,17,13.110130310058594,16.165473937988281,17
chronos/raw,raw,chronos-bolt-small,chronos,split-1,2023-07-19,13,37,27.788417816162109,34.412559509277344,35
chronos/raw,raw,chronos-bolt-small,chronos,split-1,2023-07-19,21,43,32.081344604492188,39.8087158203125,40
chronos/raw,raw,chronos-bolt-small,chronos,split-1,2023-07-19,35,58,42.965072631835938,52.955024719238281,53
chronos/raw,raw,chronos-bolt-small,chronos,split-1,2023-07-19,82,22,26.073162078857422,31.807491302490234,32
chronos/raw,raw,chronos-bolt-small,chronos,split-1,2023-07-20,11,31,26.573383331298828,32.637733459472656,33
chronos/raw,raw,chronos-bolt-small,chronos,split-1,2023-07-20,12,16,15.783048629760742,19.137569427490234,20
chronos/raw,raw,chronos-bolt-small,chronos,split-1,2023-07-20,13,39,28.400869369506836,34.953041076660156,35
chronos/raw,raw,chronos-bolt-small,chronos,split-1,2023-07-20,21,36,36.748893737792969,44.520790100097656,45
chronos/raw,raw,chronos-bolt-small,chronos,split-1,2023-07-20,35,60,48.587287902832031,58.900184631347656,59
chronos/raw,raw,chronos-bolt-small,chronos,split-1,2023-07-20,82,23,24.49444580078125,29.747018814086914,30
chronos/raw,raw,chronos-bolt-small,chronos,split-1,2023-07-21,11,30,29.519241333007812,35.822021484375,36
chronos/raw,raw,chronos-bolt-small,chronos,split-1,2023-07-21,12,12,15.462068557739258,18.908344268798828,19
chronos/raw,raw,chronos-bolt-small,chronos,split-1,2023-07-21,13,22,33.119884490966797,40.445186614990234,41
chronos/raw,raw,chronos-bolt-small,chronos,split-1,2023-07-21,21,34,36.738826751708984,44.5450439453125,45
chronos/raw,raw,chronos-bolt-small,chronos,split-1,2023-07-21,35,52,54.015922546386719,64.560760498046875,65
chronos/raw,raw,chronos-bolt-small,chronos,split-1,2023-07-21,82,21,26.01207160949707,31.725791931152344,32
chronos/raw,raw,chronos-bolt-small,chronos,split-1,2023-07-22,11,34,32.525394439697266,39.057567596435547,40
chronos/raw,raw,chronos-bolt-small,chronos,split-1,2023-07-22,12,18,13.844991683959961,17.145919799804688,18
chronos/raw,raw,chronos-bolt-small,chronos,split-1,2023-07-22,13,28,27.932727813720703,34.470283508300781,35
chronos/raw,raw,chronos-bolt-small,chronos,split-1,2023-07-22,21,51,36.611068725585938,43.91748046875,44
chronos/raw,raw,chronos-bolt-small,chronos,split-1,2023-07-22,35,58,50.281364440917969,59.385097503662109,60
chronos/raw,raw,chronos-bolt-small,chronos,split-1,2023-07-22,82,31,24.911439895629883,29.861642837524414,30
chronos/raw,raw,chronos-bolt-small,chronos,split-1,2023-07-23,11,41,37.118793487548828,44.758514404296875,45
chronos/raw,raw,chronos-bolt-small,chronos,split-1,2023-07-23,12,12,18.659896850585938,22.949329376220703,23
chronos/raw,raw,chronos-bolt-small,chronos,split-1,2023-07-23,13,33,32.346168518066406,39.714210510253906,40
chronos/raw,raw,chronos-bolt-small,chronos,split-1,2023-07-23,21,33,48.653404235839844,58.644947052001953,59
chronos/raw,raw,chronos-bolt-small,chronos,split-1,2023-07-23,35,59,57.371726989746094,65.953422546386719,66
chronos/raw,raw,chronos-bolt-small,chronos,split-1,2023-07-23,82,31,31.890031814575195,37.390647888183594,38
chronos/raw,raw,chronos-bolt-small,chronos,split-1,2023-07-24,11,40,42.421607971191406,50.691314697265625,51
chronos/raw,raw,chronos-bolt-small,chronos,split-1,2023-07-24,12,29,18.182521820068359,21.736162185668945,22
chronos/raw,raw,chronos-bolt-small,chronos,split-1,2023-07-24,13,60,38.100692749023438,44.966438293457031,45
chronos/raw,raw,chronos-bolt-small,chronos,split-1,2023-07-24,21,61,41.873466491699219,48.746940612792969,49
chronos/raw,raw,chronos-bolt-small,chronos,split-1,2023-07-24,35,71,56.566043853759766,65.261146545410156,66
chronos/raw,raw,chronos-bolt-small,chronos,split-1,2023-07-24,82,48,33.439983367919922,39.122947692871094,40
chronos/raw,raw,chronos-bolt-small,chronos,split-1,2023-07-25,11,57,37.307388305664062,44.034584045410156,45
chronos/raw,raw,chronos-bolt-small,chronos,split-1,2023-07-25,13,46,36.951286315917969,44.715766906738281,45
chronos/raw,raw,chronos-bolt-small,chronos,split-1,2023-07-25,21,70,42.295967102050781,50.214065551757812,51
chronos/raw,raw,chronos-bolt-small,chronos,split-1,2023-07-25,35,76,58.321052551269531,68.453262329101562,69
chronos/raw,raw,chronos-bolt-small,chronos,split-1,2023-07-25,82,37,36.431713104248047,43.149650573730469,44
chronos/raw,raw,chronos-bolt-small,chronos,split-1,2023-07-26,11,42,45.897293090820312,56.359325408935547,57
chronos/raw,raw,chronos-bolt-small,chronos,split-1,2023-07-26,13,38,31.221927642822266,38.127384185791016,39
chronos/raw,raw,chronos-bolt-small,chronos,split-1,2023-07-26,21,36,42.961372375488281,51.831737518310547,52
chronos/raw,raw,chronos-bolt-small,chronos,split-1,2023-07-26,35,60,59.5899658203125,70.217178344726562,71
chronos/raw,raw,chronos-bolt-small,chronos,split-1,2023-07-26,82,37,31.623493194580078,37.898178100585938,38
chronos/raw,raw,chronos-bolt-small,chronos,split-1,2023-07-27,11,42,42.156455993652344,50.542636871337891,51
chronos/raw,raw,chronos-bolt-small,chronos,split-1,2023-07-27,12,14,17.623035430908203,21.630365371704102,22
chronos/raw,raw,chronos-bolt-small,chronos,split-1,2023-07-27,13,24,33.785194396972656,40.325763702392578,41
chronos/raw,raw,chronos-bolt-small,chronos,split-1,2023-07-27,21,31,37.768436431884766,45.08343505859375,46
chronos/raw,raw,chronos-bolt-small,chronos,split-1,2023-07-27,35,56,56.653141021728516,66.1322021484375,67
chronos/raw,raw,chronos-bolt-small,chronos,split-1,2023-07-27,82,35,34.492134094238281,40.702690124511719,41
chronos/raw,raw,chronos-bolt-small,chronos,split-1,2023-07-28,11,33,43.682273864746094,51.490303039550781,52
chronos/raw,raw,chronos-bolt-small,chronos,split-1,2023-07-28,12,11,15.758096694946289,19.088438034057617,20
chronos/raw,raw,chronos-bolt-small,chronos,split-1,2023-07-28,13,32,28.342311859130859,34.570484161376953,35
chronos/raw,raw,chronos-bolt-small,chronos,split-1,2023-07-28,21,37,35.685073852539062,43.04541015625,44
chronos/raw,raw,chronos-bolt-small,chronos,split-1,2023-07-28,35,68,58.646339416503906,67.798797607421875,68
chronos/raw,raw,chronos-bolt-small,chronos,split-1,2023-07-28,82,34,35.088367462158203,41.256996154785156,42
chronos/raw,raw,chronos-bolt-small,chronos,split-1,2023-07-29,11,32,39.172599792480469,47.744731903076172,48
chronos/raw,raw,chronos-bolt-small,chronos,split-1,2023-07-29,12,7,13.790985107421875,16.946201324462891,17
chronos/raw,raw,chronos-bolt-small,chronos,split-1,2023-07-29,13,32,33.024784088134766,40.198616027832031,41
chronos/raw,raw,chronos-bolt-small,chronos,split-1,2023-07-29,21,41,38.713546752929688,48.079730987548828,49
chronos/raw,raw,chronos-bolt-small,chronos,split-1,2023-07-29,35,55,66.215774536132812,75.73040771484375,76
chronos/raw,raw,chronos-bolt-small,chronos,split-1,2023-07-29,82,35,35.580593109130859,41.369140625,42
chronos/raw,raw,chronos-bolt-small,chronos,split-1,2023-07-30,11,78,40.163215637207031,47.102714538574219,48
chronos/raw,raw,chronos-bolt-small,chronos,split-1,2023-07-30,12,19,13.270580291748047,16.636665344238281,17
chronos/raw,raw,chronos-bolt-small,chronos,split-1,2023-07-30,13,50,39.673362731933594,48.381893157958984,49
chronos/raw,raw,chronos-bolt-small,chronos,split-1,2023-07-30,21,22,49.439811706542969,59.591259002685547,60
chronos/raw,raw,chronos-bolt-small,chronos,split-1,2023-07-30,35,71,62.888702392578125,71.380615234375,72
chronos/raw,raw,chronos-bolt-small,chronos,split-1,2023-07-30,82,62,39.773178100585938,45.224525451660156,46
chronos/raw,raw,chronos-bolt-small,chronos,split-1,2023-07-31,11,43,58.465744018554688,71.552627563476562,72
chronos/raw,raw,chronos-bolt-small,chronos,split-1,2023-07-31,12,32,20.574737548828125,25.021781921386719,26
chronos/raw,raw,chronos-bolt-small,chronos,split-1,2023-07-31,13,47,51.971305847167969,61.198204040527344,62
chronos/raw,raw,chronos-bolt-small,chronos,split-1,2023-07-31,21,60,40.778923034667969,49.720115661621094,50
chronos/raw,raw,chronos-bolt-small,chronos,split-1,2023-07-31,35,83,69.47265625,78.460006713867188,79
chronos/raw,raw,chronos-bolt-small,chronos,split-1,2023-07-31,82,45,53.480758666992188,62.788726806640625,63
chronos/raw,raw,chronos-bolt-small,chronos,split-1,2023-08-01,11,42,40.336246490478516,48.360973358154297,49
chronos/raw,raw,chronos-bolt-small,chronos,split-1,2023-08-01,12,12,22.306831359863281,27.735101699829102,28
chronos/raw,raw,chronos-bolt-small,chronos,split-1,2023-08-01,13,47,40.929756164550781,47.731803894042969,48
chronos/raw,raw,chronos-bolt-small,chronos,split-1,2023-08-01,21,37,42.177494049072266,50.622589111328125,51
chronos/raw,raw,chronos-bolt-small,chronos,split-1,2023-08-01,35,51,69.099830627441406,79.345596313476562,80
chronos/raw,raw,chronos-bolt-small,chronos,split-1,2023-08-01,82,42,41.256549835205078,48.117408752441406,49
chronos/raw,raw,chronos-bolt-small,chronos,split-1,2023-08-02,11,19,39.367546081542969,47.005706787109375,48
chronos/raw,raw,chronos-bolt-small,chronos,split-1,2023-08-02,12,13,15.04823112487793,19.250831604003906,20
chronos/raw,raw,chronos-bolt-small,chronos,split-1,2023-08-02,13,33,35.745536804199219,42.364738464355469,43
chronos/raw,raw,chronos-bolt-small,chronos,split-1,2023-08-02,21,15,33.167774200439453,40.024513244628906,41
chronos/raw,raw,chronos-bolt-small,chronos,split-1,2023-08-02,35,53,50.850128173828125,59.764072418212891,60
chronos/raw,raw,chronos-bolt-small,chronos,split-1,2023-08-02,82,42,39.258209228515625,46.005157470703125,47
chronos/raw,raw,chronos-bolt-small,chronos,split-1,2023-08-03,11,20,28.625114440917969,36.22906494140625,37
chronos/raw,raw,chronos-bolt-small,chronos,split-1,2023-08-03,12,13,16.93011474609375,21.062906265258789,22
chronos/raw,raw,chronos-bolt-small,chronos,split-1,2023-08-03,13,24,34.799869537353516,41.262435913085938,42
chronos/raw,raw,chronos-bolt-small,chronos,split-1,2023-08-03,21,24,29.432981491088867,36.044666290283203,37
chronos/raw,raw,chronos-bolt-small,chronos,split-1,2023-08-03,35,42,54.8629150390625,63.667346954345703,64
chronos/raw,raw,chronos-bolt-small,chronos,split-1,2023-08-03,82,34,41.598304748535156,48.161102294921875,49
chronos/raw,raw,chronos-bolt-small,chronos,split-1,2023-08-04,11,28,27.613075256347656,34.95587158203125,35
chronos/raw,raw,chronos-bolt-small,chronos,split-1,2023-08-04,12,9,15.136796951293945,18.814983367919922,19
chronos/raw,raw,chronos-bolt-small,chronos,split-1,2023-08-04,13,31,29.369024276733398,35.781944274902344,36
chronos/raw,raw,chronos-bolt-small,chronos,split-1,2023-08-04,21,23,29.291774749755859,35.862564086914062,36
chronos/raw,raw,chronos-bolt-small,chronos,split-1,2023-08-04,35,64,47.377052307128906,56.231487274169922,57
chronos/raw,raw,chronos-bolt-small,chronos,split-1,2023-08-04,82,34,37.04449462890625,43.468711853027344,44
chronos/raw,raw,chronos-bolt-small,chronos,split-1,2023-08-05,11,37,33.920860290527344,44.030967712402344,45
chronos/raw,raw,chronos-bolt-small,chronos,split-1,2023-08-05,12,17,13.846925735473633,18.037448883056641,19
chronos/raw,raw,chronos-bolt-small,chronos,split-1,2023-08-05,13,34,34.233684539794922,42.664375305175781,43
chronos/raw,raw,chronos-bolt-small,chronos,split-1,2023-08-05,21,20,30.718917846679688,37.872306823730469,38
chronos/raw,raw,chronos-bolt-small,chronos,split-1,2023-08-05,35,49,56.896949768066406,67.47918701171875,68
chronos/raw,raw,chronos-bolt-small,chronos,split-1,2023-08-05,82,35,40.193382263183594,46.585453033447266,47
chronos/raw,raw,chronos-bolt-small,chronos,split-1,2023-08-06,11,18,42.527980804443359,54.1729736328125,55
chronos/raw,raw,chronos-bolt-small,chronos,split-1,2023-08-06,12,12,19.39219856262207,24.763593673706055,25
chronos/raw,raw,chronos-bolt-small,chronos,split-1,2023-08-06,13,18,40.920768737792969,49.911094665527344,50
chronos/raw,raw,chronos-bolt-small,chronos,split-1,2023-08-06,21,33,34.599414825439453,42.729972839355469,43
chronos/raw,raw,chronos-bolt-small,chronos,split-1,2023-08-06,35,59,58.402549743652344,67.66058349609375,68
chronos/raw,raw,chronos-bolt-small,chronos,split-1,2023-08-06,82,35,43.696640014648438,50.388481140136719,51
chronos/raw,raw,chronos-bolt-small,chronos,split-1,2023-08-07,11,84,34.060462951660156,43.208770751953125,44
chronos/raw,raw,chronos-bolt-small,chronos,split-1,2023-08-07,12,54,20.398202896118164,25.274093627929688,26
chronos/raw,raw,chronos-bolt-small,chronos,split-1,2023-08-07,13,43,37.453407287597656,45.663883209228516,46
chronos/raw,raw,chronos-bolt-small,chronos,split-1,2023-08-07,21,62,39.011077880859375,46.016376495361328,47
chronos/raw,raw,chronos-bolt-small,chronos,split-1,2023-08-07,35,67,62.672859191894531,72.150833129882812,73
chronos/raw,raw,chronos-bolt-small,chronos,split-1,2023-08-07,82,45,43.585945129394531,49.167976379394531,50
chronos/raw,raw,chronos-bolt-small,chronos,split-1,2023-08-08,11,29,42.150077819824219,55.831649780273438,56
chronos/raw,raw,chronos-bolt-small,chronos,split-1,2023-08-08,12,29,23.95928955078125,31.543693542480469,32
chronos/raw,raw,chronos-bolt-small,chronos,split-1,2023-08-08,13,99,34.056926727294922,40.870338439941406,41
chronos/raw,raw,chronos-bolt-small,chronos,split-1,2023-08-08,21,41,35.316024780273438,41.988922119140625,42
chronos/raw,raw,chronos-bolt-small,chronos,split-1,2023-08-08,35,83,58.1781005859375,67.132888793945312,68
chronos/raw,raw,chronos-bolt-small,chronos,split-1,2023-08-08,82,33,42.17681884765625,47.937183380126953,48
chronos/raw,raw,chronos-bolt-small,chronos,split-1,2023-08-09,11,9,25.296878814697266,32.832118988037109,33
chronos/raw,raw,chronos-bolt-small,chronos,split-1,2023-08-09,12,4,17.317985534667969,22.177223205566406,23
chronos/raw,raw,chronos-bolt-small,chronos,split-1,2023-08-09,13,15,37.402683258056641,46.784950256347656,47
chronos/raw,raw,chronos-bolt-small,chronos,split-1,2023-08-09,21,25,27.716287612915039,34.067718505859375,35
chronos/raw,raw,chronos-bolt-small,chronos,split-1,2023-08-09,35,22,58.850639343261719,68.629081726074219,69
chronos/raw,raw,chronos-bolt-small,chronos,split-1,2023-08-09,82,12,34.325397491455078,40.160438537597656,41
chronos/raw,raw,chronos-bolt-small,chronos,split-1,2023-08-10,11,29,18.405879974365234,24.762485504150391,25
chronos/raw,raw,chronos-bolt-small,chronos,split-1,2023-08-10,12,16,10.118824005126953,13.430168151855469,14
chronos/raw,raw,chronos-bolt-small,chronos,split-1,2023-08-10,13,34,22.53837776184082,28.429243087768555,29
chronos/raw,raw,chronos-bolt-small,chronos,split-1,2023-08-10,21,45,26.880393981933594,32.940643310546875,33
chronos/raw,raw,chronos-bolt-small,chronos,split-1,2023-08-10,35,87,36.237094879150391,45.734222412109375,46
chronos/raw,raw,chronos-bolt-small,chronos,split-1,2023-08-10,82,58,22.388134002685547,28.825157165527344,29
chronos/raw,raw,chronos-bolt-small,chronos,split-1,2023-08-11,11,16,25.082725524902344,32.792068481445312,33
chronos/raw,raw,chronos-bolt-small,chronos,split-1,2023-08-11,12,18,13.863563537597656,17.694515228271484,18
chronos/raw,raw,chronos-bolt-small,chronos,split-1,2023-08-11,13,28,28.301153182983398,34.816112518310547,35
chronos/raw,raw,chronos-bolt-small,chronos,split-1,2023-08-11,21,35,32.985336303710938,39.899303436279297,40
chronos/raw,raw,chronos-bolt-small,chronos,split-1,2023-08-11,35,57,60.699058532714844,75.000961303710938,76
chronos/raw,raw,chronos-bolt-small,chronos,split-1,2023-08-11,82,45,35.801322937011719,44.478805541992188,45
chronos/raw,raw,chronos-bolt-small,chronos,split-1,2023-08-12,11,24,23.236017227172852,30.754451751708984,31
chronos/raw,raw,chronos-bolt-small,chronos,split-1,2023-08-12,12,9,14.332731246948242,18.475559234619141,19
chronos/raw,raw,chronos-bolt-small,chronos,split-1,2023-08-12,13,31,27.600975036621094,35.022186279296875,36
chronos/raw,raw,chronos-bolt-small,chronos,split-1,2023-08-12,21,27,35.558494567871094,43.421623229980469,44
chronos/raw,raw,chronos-bolt-small,chronos,split-1,2023-08-12,35,47,57.349292755126953,70.947708129882812,71
chronos/raw,raw,chronos-bolt-small,chronos,split-1,2023-08-12,82,52,39.124549865722656,48.899326324462891,49
chronos/raw,raw,chronos-bolt-small,chronos,split-1,2023-08-13,11,30,28.464988708496094,36.334320068359375,37
chronos/raw,raw,chronos-bolt-small,chronos,split-1,2023-08-13,12,16,14.305427551269531,18.462038040161133,19
chronos/raw,raw,chronos-bolt-small,chronos,split-1,2023-08-13,13,18,35.6533203125,44.797969818115234,45
chronos/raw,raw,chronos-bolt-small,chronos,split-1,2023-08-13,21,26,38.145900726318359,46.913864135742188,47
chronos/raw,raw,chronos-bolt-small,chronos,split-1,2023-08-13,35,40,59.960979461669922,73.388687133789062,74
chronos/raw,raw,chronos-bolt-small,chronos,split-1,2023-08-13,82,34,49.604019165039062,61.209999084472656,62
chronos/raw,raw,chronos-bolt-small,chronos,split-1,2023-08-14,11,60,30.920942306518555,38.481918334960938,39
chronos/raw,raw,chronos-bolt-small,chronos,split-1,2023-08-14,12,28,18.285234451293945,22.634559631347656,23
chronos/raw,raw,chronos-bolt-small,chronos,split-1,2023-08-14,13,52,30.373310089111328,37.625572204589844,38
chronos/raw,raw,chronos-bolt-small,chronos,split-1,2023-08-14,21,64,36.269332885742188,43.287235260009766,44
chronos/raw,raw,chronos-bolt-small,chronos,split-1,2023-08-14,35,77,53.119052886962891,63.542449951171875,64
chronos/raw,raw,chronos-bolt-small,chronos,split-1,2023-08-14,82,47,42.459678649902344,52.446994781494141,53
chronos/raw,raw,chronos-bolt-small,chronos,split-1,2023-08-15,11,36,30.964517593383789,40.073268890380859,41
chronos/raw,raw,chronos-bolt-small,chronos,split-1,2023-08-15,12,23,16.632139205932617,20.965768814086914,21
chronos/raw,raw,chronos-bolt-small,chronos,split-1,2023-08-15,13,41,32.224517822265625,40.418075561523438,41
chronos/raw,raw,chronos-bolt-small,chronos,split-1,2023-08-15,21,47,35.927001953125,43.520175933837891,44
chronos/raw,raw,chronos-bolt-small,chronos,split-1,2023-08-15,35,62,57.287784576416016,69.171501159667969,70
chronos/raw,raw,chronos-bolt-small,chronos,split-1,2023-08-15,82,35,41.548622131347656,52.127243041992188,53
chronos/raw,raw,chronos-bolt-small,chronos,split-1,2023-08-16,11,26,26.004554748535156,33.883831024169922,34
chronos/raw,raw,chronos-bolt-small,chronos,split-1,2023-08-16,12,11,14.178571701049805,17.890317916870117,18
chronos/raw,raw,chronos-bolt-small,chronos,split-1,2023-08-16,13,43,26.100044250488281,33.000137329101562,34
chronos/raw,raw,chronos-bolt-small,chronos,split-1,2023-08-16,21,32,32.606636047363281,39.134475708007812,40
chronos/raw,raw,chronos-bolt-small,chronos,split-1,2023-08-16,35,54,52.360694885253906,63.313766479492188,64
chronos/raw,raw,chronos-bolt-small,chronos,split-1,2023-08-16,82,23,31.864889144897461,40.624431610107422,41
chronos/raw,raw,chronos-bolt-small,chronos,split-1,2023-08-17,11,25,24.476543426513672,32.436752319335938,33
chronos/raw,raw,chronos-bolt-small,chronos,split-1,2023-08-17,12,6,12.405229568481445,15.625266075134277,16
chronos/raw,raw,chronos-bolt-small,chronos,split-1,2023-08-17,13,44,28.300718307495117,35.363334655761719,36
chronos/raw,raw,chronos-bolt-small,chronos,split-1,2023-08-17,21,37,30.358942031860352,36.523735046386719,37
chronos/raw,raw,chronos-bolt-small,chronos,split-1,2023-08-17,35,74,55.0594482421875,65.653976440429688,66
chronos/raw,raw,chronos-bolt-small,chronos,split-1,2023-08-17,82,38,27.056835174560547,34.589744567871094,35
chronos/raw,raw,chronos-bolt-small,chronos,split-1,2023-08-18,11,22,24.911935806274414,32.691688537597656,33
chronos/raw,raw,chronos-bolt-small,chronos,split-1,2023-08-18,12,13,9.3193378448486328,12.497020721435547,13
chronos/raw,raw,chronos-bolt-small,chronos,split-1,2023-08-18,13,42,33.521579742431641,43.728549957275391,44
chronos/raw,raw,chronos-bolt-small,chronos,split-1,2023-08-18,21,31,32.681934356689453,39.390663146972656,40
chronos/raw,raw,chronos-bolt-small,chronos,split-1,2023-08-18,35,67,65.98834228515625,80.818778991699219,81
chronos/raw,raw,chronos-bolt-small,chronos,split-1,2023-08-18,82,32,31.86492919921875,41.004135131835938,42
chronos/raw,raw,chronos-bolt-small,chronos,split-1,2023-08-19,11,33,25.825752258300781,34.199184417724609,35
chronos/raw,raw,chronos-bolt-small,chronos,split-1,2023-08-19,12,14,11.661679267883301,15.156394958496094,16
chronos/raw,raw,chronos-bolt-small,chronos,split-1,2023-08-19,13,46,39.69183349609375,51.472373962402344,52
chronos/raw,raw,chronos-bolt-small,chronos,split-1,2023-08-19,21,41,32.994979858398438,40.294891357421875,41
chronos/raw,raw,chronos-bolt-small,chronos,split-1,2023-08-19,35,53,69.219505310058594,84.418533325195312,85
chronos/raw,raw,chronos-bolt-small,chronos,split-1,2023-08-19,82,30,31.505483627319336,40.686866760253906,41
chronos/raw,raw,chronos-bolt-small,chronos,split-1,2023-08-20,11,28,33.495903015136719,44.108146667480469,45
chronos/raw,raw,chronos-bolt-small,chronos,split-1,2023-08-20,12,16,14.964882850646973,19.587600708007812,20
chronos/raw,raw,chronos-bolt-small,chronos,split-1,2023-08-20,13,40,50.009422302246094,64.398025512695312,65
chronos/raw,raw,chronos-bolt-small,chronos,split-1,2023-08-20,21,52,41.928066253662109,51.845840454101562,52
chronos/raw,raw,chronos-bolt-small,chronos,split-1,2023-08-20,35,51,65.66412353515625,78.519798278808594,79
chronos/raw,raw,chronos-bolt-small,chronos,split-1,2023-08-20,82,39,36.392131805419922,46.009151458740234,47
chronos/raw,raw,chronos-bolt-small,chronos,split-1,2023-08-21,11,53,31.534526824951172,39.216037750244141,40
chronos/raw,raw,chronos-bolt-small,chronos,split-1,2023-08-21,12,26,17.958953857421875,22.495622634887695,23
chronos/raw,raw,chronos-bolt-small,chronos,split-1,2023-08-21,13,52,47.774688720703125,58.168922424316406,59
chronos/raw,raw,chronos-bolt-small,chronos,split-1,2023-08-21,21,76,48.951702117919922,59.178375244140625,60
chronos/raw,raw,chronos-bolt-small,chronos,split-1,2023-08-21,35,87,63.332382202148438,73.209869384765625,74
chronos/raw,raw,chronos-bolt-small,chronos,split-1,2023-08-21,82,46,37.684772491455078,46.887138366699219,47
chronos/raw,raw,chronos-bolt-small,chronos,split-1,2023-08-22,11,51,31.733543395996094,41.814144134521484,42
chronos/raw,raw,chronos-bolt-small,chronos,split-1,2023-08-22,12,19,17.720121383666992,22.591548919677734,23
chronos/raw,raw,chronos-bolt-small,chronos,split-1,2023-08-22,13,32,45.773185729980469,55.359905242919922,56
chronos/raw,raw,chronos-bolt-small,chronos,split-1,2023-08-22,21,49,49.541782379150391,62.037471771240234,63
chronos/raw,raw,chronos-bolt-small,chronos,split-1,2023-08-22,35,55,66.796340942382812,78.579864501953125,79
chronos/raw,raw,chronos-bolt-small,chronos,split-1,2023-08-22,82,46,34.725921630859375,45.165428161621094,46
chronos/raw,raw,chronos-bolt-small,chronos,split-1,2023-08-23,11,23,29.646778106689453,38.852928161621094,39
chronos/raw,raw,chronos-bolt-small,chronos,split-1,2023-08-23,12,14,13.411679267883301,16.810056686401367,17
chronos/raw,raw,chronos-bolt-small,chronos,split-1,2023-08-23,13,39,28.491600036621094,35.014369964599609,36
chronos/raw,raw,chronos-bolt-small,chronos,split-1,2023-08-23,21,46,36.210140228271484,43.760478973388672,44
chronos/raw,raw,chronos-bolt-small,chronos,split-1,2023-08-23,35,51,53.495594024658203,63.019554138183594,64
chronos/raw,raw,chronos-bolt-small,chronos,split-1,2023-08-23,82,33,33.8089599609375,42.681259155273438,43
chronos/raw,raw,chronos-bolt-small,chronos,split-1,2023-08-24,11,25,23.345579147338867,30.852668762207031,31
chronos/raw,raw,chronos-bolt-small,chronos,split-1,2023-08-24,12,15,13.8365478515625,17.163095474243164,18
chronos/raw,raw,chronos-bolt-small,chronos,split-1,2023-08-24,13,27,33.30828857421875,40.393333435058594,41
chronos/raw,raw,chronos-bolt-small,chronos,split-1,2023-08-24,21,53,39.792266845703125,48.154964447021484,49
chronos/raw,raw,chronos-bolt-small,chronos,split-1,2023-08-24,35,49,54.310325622558594,63.407535552978516,64
chronos/raw,raw,chronos-bolt-small,chronos,split-1,2023-08-24,82,32,33.624099731445312,41.620643615722656,42
chronos/raw,raw,chronos-bolt-small,chronos,split-1,2023-08-25,11,28,24.814512252807617,32.447422027587891,33
chronos/raw,raw,chronos-bolt-small,chronos,split-1,2023-08-25,12,14,14.135477066040039,17.681890487670898,18
chronos/raw,raw,chronos-bolt-small,chronos,split-1,2023-08-25,13,25,29.968912124633789,36.996498107910156,37
chronos/raw,raw,chronos-bolt-small,chronos,split-1,2023-08-25,21,41,44.995071411132812,54.645439147949219,55
chronos/raw,raw,chronos-bolt-small,chronos,split-1,2023-08-25,35,41,54.363052368164062,63.228927612304688,64
chronos/raw,raw,chronos-bolt-small,chronos,split-1,2023-08-25,82,36,31.746753692626953,38.974353790283203,39
chronos/raw,raw,chronos-bolt-small,chronos,split-1,2023-08-26,11,26,28.916213989257812,38.287055969238281,39
chronos/raw,raw,chronos-bolt-small,chronos,split-1,2023-08-26,12,15,14.690299034118652,18.516330718994141,19
chronos/raw,raw,chronos-bolt-small,chronos,split-1,2023-08-26,13,24,28.832174301147461,36.220149993896484,37
chronos/raw,raw,chronos-bolt-small,chronos,split-1,2023-08-26,21,38,42.619213104248047,51.949264526367188,52
chronos/raw,raw,chronos-bolt-small,chronos,split-1,2023-08-26,35,32,48.264328002929688,56.558456420898438,57
chronos/raw,raw,chronos-bolt-small,chronos,split-1,2023-08-26,82,32,34.955764770507812,43.268459320068359,44
chronos/raw,raw,chronos-bolt-small,chronos,split-1,2023-08-27,11,23,32.271461486816406,42.201271057128906,43
chronos/raw,raw,chronos-bolt-small,chronos,split-1,2023-08-27,12,7,16.970142364501953,21.266027450561523,22
chronos/raw,raw,chronos-bolt-small,chronos,split-1,2023-08-27,13,49,32.003044128417969,40.205448150634766,41
chronos/raw,raw,chronos-bolt-small,chronos,split-1,2023-08-27,21,36,47.183914184570312,57.458301544189453,58
chronos/raw,raw,chronos-bolt-small,chronos,split-1,2023-08-27,35,43,46.749568939208984,56.1121826171875,57
chronos/raw,raw,chronos-bolt-small,chronos,split-1,2023-08-27,82,38,37.005935668945312,44.890983581542969,45
chronos/raw,raw,chronos-bolt-small,chronos,split-1,2023-08-28,11,45,27.003269195556641,33.979896545410156,34
chronos/raw,raw,chronos-bolt-small,chronos,split-1,2023-08-28,12,21,14.382617950439453,18.259994506835938,19
chronos/raw,raw,chronos-bolt-small,chronos,split-1,2023-08-28,13,62,42.888568878173828,52.593418121337891,53
chronos/raw,raw,chronos-bolt-small,chronos,split-1,2023-08-28,21,56,44.117210388183594,52.523303985595703,53
chronos/raw,raw,chronos-bolt-small,chronos,split-1,2023-08-28,35,60,49.403995513916016,57.897590637207031,58
chronos/raw,raw,chronos-bolt-small,chronos,split-1,2023-08-28,82,45,38.144706726074219,45.445770263671875,46
chronos/raw,raw,chronos-bolt-small,chronos,split-1,2023-08-29,11,26,29.559707641601562,37.938308715820312,38
chronos/raw,raw,chronos-bolt-small,chronos,split-1,2023-08-29,12,8,15.821794509887695,19.765453338623047,20
chronos/raw,raw,chronos-bolt-small,chronos,split-1,2023-08-29,13,30,42.647697448730469,52.179538726806641,53
chronos/raw,raw,chronos-bolt-small,chronos,split-1,2023-08-29,21,49,43.313468933105469,51.7698974609375,52
chronos/raw,raw,chronos-bolt-small,chronos,split-1,2023-08-29,35,57,51.670646667480469,60.149070739746094,61
chronos/raw,raw,chronos-bolt-small,chronos,split-1,2023-08-29,82,33,37.900138854980469,44.433742523193359,45
chronos/raw,raw,chronos-bolt-small,chronos,split-1,2023-08-30,11,30,22.029790878295898,27.611093521118164,28
chronos/raw,raw,chronos-bolt-small,chronos,split-1,2023-08-30,12,13,9.8142032623291016,12.746039390563965,13
chronos/raw,raw,chronos-bolt-small,chronos,split-1,2023-08-30,13,37,25.469655990600586,31.522815704345703,32
chronos/raw,raw,chronos-bolt-small,chronos,split-1,2023-08-30,21,39,38.054531097412109,45.549919128417969,46
chronos/raw,raw,chronos-bolt-small,chronos,split-1,2023-08-30,35,57,46.721656799316406,54.685680389404297,55
chronos/raw,raw,chronos-bolt-small,chronos,split-1,2023-08-30,82,30,31.545787811279297,37.298927307128906,38
chronos/raw,raw,chronos-bolt-small,chronos,split-1,2023-08-31,11,39,25.88133430480957,31.918674468994141,32
chronos/raw,raw,chronos-bolt-small,chronos,split-1,2023-08-31,12,11,12.114083290100098,15.187887191772461,16
chronos/raw,raw,chronos-bolt-small,chronos,split-1,2023-08-31,13,32,28.686145782470703,35.089302062988281,36
chronos/raw,raw,chronos-bolt-small,chronos,split-1,2023-08-31,21,31,36.460403442382812,43.708370208740234,44
chronos/raw,raw,chronos-bolt-small,chronos,split-1,2023-08-31,35,45,51.107192993164062,59.348552703857422,60
chronos/raw,raw,chronos-bolt-small,chronos,split-1,2023-08-31,82,38,31.66265869140625,36.915733337402344,37
chronos/daily56,daily56,chronos-bolt-small,chronos,split-1,2023-07-01,11,13,15.741531372070312,19.060321807861328,20
chronos/daily56,daily56,chronos-bolt-small,chronos,split-1,2023-07-01,12,15,8.0749216079711914,10.546842575073242,11
chronos/daily56,daily56,chronos-bolt-small,chronos,split-1,2023-07-01,13,9,18.170154571533203,23.992535591125488,24
chronos/daily56,daily56,chronos-bolt-small,chronos,split-1,2023-07-01,21,13,25.383878707885742,31.550980091094971,32
chronos/daily56,daily56,chronos-bolt-small,chronos,split-1,2023-07-01,35,15,25.330903053283691,34.576164245605469,35
chronos/daily56,daily56,chronos-bolt-small,chronos,split-1,2023-07-01,82,22,23.39671802520752,26.519451141357422,27
chronos/daily56,daily56,chronos-bolt-small,chronos,split-1,2023-07-02,11,12,18.238414764404297,21.697038650512695,22
chronos/daily56,daily56,chronos-bolt-small,chronos,split-1,2023-07-02,12,11,14.766820907592773,18.402309417724609,19
chronos/daily56,daily56,chronos-bolt-small,chronos,split-1,2023-07-02,13,29,18.757740020751953,24.133931159973145,25
chronos/daily56,daily56,chronos-bolt-small,chronos,split-1,2023-07-02,21,24,25.652997970581055,31.475693225860596,32
chronos/daily56,daily56,chronos-bolt-small,chronos,split-1,2023-07-02,35,34,23.787705421447754,32.934983253479004,33
chronos/daily56,daily56,chronos-bolt-small,chronos,split-1,2023-07-02,82,17,26.494660377502441,29.538991928100586,30
chronos/daily56,daily56,chronos-bolt-small,chronos,split-1,2023-07-03,11,42,17.369434356689453,20.525680541992188,21
chronos/daily56,daily56,chronos-bolt-small,chronos,split-1,2023-07-03,12,14,14.50864315032959,17.291187286376953,18
chronos/daily56,daily56,chronos-bolt-small,chronos,split-1,2023-07-03,13,31,25.593740463256836,31.897650241851807,32
chronos/daily56,daily56,chronos-bolt-small,chronos,split-1,2023-07-03,21,27,27.61634635925293,33.083225727081299,34
chronos/daily56,daily56,chronos-bolt-small,chronos,split-1,2023-07-03,35,49,28.739514350891113,38.536632537841797,39
chronos/daily56,daily56,chronos-bolt-small,chronos,split-1,2023-07-03,82,23,23.92789363861084,26.81464672088623,27
chronos/daily56,daily56,chronos-bolt-small,chronos,split-1,2023-07-04,11,20,20.579900741577148,25.602415084838867,26
chronos/daily56,daily56,chronos-bolt-small,chronos,split-1,2023-07-04,12,14,13.346638679504395,15.996435165405273,16
chronos/daily56,daily56,chronos-bolt-small,chronos,split-1,2023-07-04,13,27,22.808551788330078,27.87503719329834,28
chronos/daily56,daily56,chronos-bolt-small,chronos,split-1,2023-07-04,21,28,23.854825496673584,28.800781726837158,29
chronos/daily56,daily56,chronos-bolt-small,chronos,split-1,2023-07-04,35,41,27.438178062438965,37.795074462890625,38
chronos/daily56,daily56,chronos-bolt-small,chronos,split-1,2023-07-04,82,24,24.866410255432129,27.754975318908691,28
chronos/daily56,daily56,chronos-bolt-small,chronos,split-1,2023-07-05,11,24,16.129922866821289,19.956687927246094,20
chronos/daily56,daily56,chronos-bolt-small,chronos,split-1,2023-07-05,12,10,11.98323917388916,14.343226432800293,15
chronos/daily56,daily56,chronos-bolt-small,chronos,split-1,2023-07-05,13,13,18.11107063293457,22.336596488952637,23
chronos/daily56,daily56,chronos-bolt-small,chronos,split-1,2023-07-05,21,23,20.057956695556641,24.503355503082275,25
chronos/daily56,daily56,chronos-bolt-small,chronos,split-1,2023-07-05,35,28,26.280348777770996,36.491888046264648,37
chronos/daily56,daily56,chronos-bolt-small,chronos,split-1,2023-07-05,82,17,21.820059776306152,24.817370414733887,25
chronos/daily56,daily56,chronos-bolt-small,chronos,split-1,2023-07-06,11,20,18.92705249786377,23.060015678405762,24
chronos/daily56,daily56,chronos-bolt-small,chronos,split-1,2023-07-06,12,14,10.880708694458008,13.038081169128418,14
chronos/daily56,daily56,chronos-bolt-small,chronos,split-1,2023-07-06,13,15,14.710483551025391,18.969748497009277,19
chronos/daily56,daily56,chronos-bolt-small,chronos,split-1,2023-07-06,21,46,19.431669235229492,23.709383487701416,24
chronos/daily56,daily56,chronos-bolt-small,chronos,split-1,2023-07-06,35,31,26.8387451171875,36.174032211303711,37
chronos/daily56,daily56,chronos-bolt-small,chronos,split-1,2023-07-06,82,20,19.612918853759766,22.454031944274902,23
chronos/daily56,daily56,chronos-bolt-small,chronos,split-1,2023-07-07,11,18,17.794195652008057,21.670144081115723,22
chronos/daily56,daily56,chronos-bolt-small,chronos,split-1,2023-07-07,12,7,11.702539443969727,14.45185661315918,15
chronos/daily56,daily56,chronos-bolt-small,chronos,split-1,2023-07-07,13,18,15.47291374206543,20.020937919616699,21
chronos/daily56,daily56,chronos-bolt-small,chronos,split-1,2023-07-07,21,22,25.963205337524414,31.995174884796143,32
chronos/daily56,daily56,chronos-bolt-small,chronos,split-1,2023-07-07,35,26,29.393215179443359,38.293176651000977,39
chronos/daily56,daily56,chronos-bolt-small,chronos,split-1,2023-07-07,82,21,21.102024078369141,23.709662437438965,24
chronos/daily56,daily56,chronos-bolt-small,chronos,split-1,2023-07-08,11,29,19.277846336364746,22.921891212463379,23
chronos/daily56,daily56,chronos-bolt-small,chronos,split-1,2023-07-08,12,15,9.7453880310058594,12.347731590270996,13
chronos/daily56,daily56,chronos-bolt-small,chronos,split-1,2023-07-08,13,23,19.418704986572266,23.351508140563965,24
chronos/daily56,daily56,chronos-bolt-small,chronos,split-1,2023-07-08,21,39,25.373943328857422,31.035301685333252,32
chronos/daily56,daily56,chronos-bolt-small,chronos,split-1,2023-07-08,35,37,27.1595458984375,35.60063362121582,36
chronos/daily56,daily56,chronos-bolt-small,chronos,split-1,2023-07-08,82,24,21.690543174743652,24.482447624206543,25
chronos/daily56,daily56,chronos-bolt-small,chronos,split-1,2023-07-09,11,28,26.119545459747314,32.082032680511475,33
chronos/daily56,daily56,chronos-bolt-small,chronos,split-1,2023-07-09,12,15,14.86408519744873,18.115713119506836,19
chronos/daily56,daily56,chronos-bolt-small,chronos,split-1,2023-07-09,13,40,25.547123908996582,29.322208404541016,30
chronos/daily56,daily56,chronos-bolt-small,chronos,split-1,2023-07-09,21,21,35.088151931762695,43.083196640014648,44
chronos/daily56,daily56,chronos-bolt-small,chronos,split-1,2023-07-09,35,48,35.733755111694336,45.425467967987061,46
chronos/daily56,daily56,chronos-bolt-small,chronos,split-1,2023-07-09,82,24,26.295594215393066,29.015758514404297,30
chronos/daily56,daily56,chronos-bolt-small,chronos,split-1,2023-07-10,11,28,28.650276660919189,33.651255130767822,34
chronos/daily56,daily56,chronos-bolt-small,chronos,split-1,2023-07-10,12,29,16.65503978729248,19.516681671142578,20
chronos/daily56,daily56,chronos-bolt-small,chronos,split-1,2023-07-10,13,39,34.424092292785645,39.328054904937744,40
chronos/daily56,daily56,chronos-bolt-small,chronos,split-1,2023-07-10,21,69,32.240972518920898,39.041143417358398,40
chronos/daily56,daily56,chronos-bolt-small,chronos,split-1,2023-07-10,35,65,40.523975372314453,49.887094020843506,50
chronos/daily56,daily56,chronos-bolt-small,chronos,split-1,2023-07-10,82,34,27.728489875793457,30.597246170043945,31
chronos/daily56,daily56,chronos-bolt-small,chronos,split-1,2023-07-11,11,33,23.883986473083496,28.263872146606445,29
chronos/daily56,daily56,chronos-bolt-small,chronos,split-1,2023-07-11,12,19,16.575860023498535,19.847011566162109,20
chronos/daily56,daily56,chronos-bolt-small,chronos,split-1,2023-07-11,13,55,29.292560577392578,32.567739963531494,33
chronos/daily56,daily56,chronos-bolt-small,chronos,split-1,2023-07-11,21,44,33.184478759765625,42.257125854492188,43
chronos/daily56,daily56,chronos-bolt-small,chronos,split-1,2023-07-11,35,71,40.082939147949219,50.205773830413818,51
chronos/daily56,daily56,chronos-bolt-small,chronos,split-1,2023-07-11,82,23,29.139401435852051,32.723121643066406,33
chronos/daily56,daily56,chronos-bolt-small,chronos,split-1,2023-07-12,11,15,23.730396747589111,28.072729587554932,29
chronos/daily56,daily56,chronos-bolt-small,chronos,split-1,2023-07-12,12,13,14.339472770690918,17.320379257202148,18
chronos/daily56,daily56,chronos-bolt-small,chronos,split-1,2023-07-12,13,17,29.200139999389648,32.837164402008057,33
chronos/daily56,daily56,chronos-bolt-small,chronos,split-1,2023-07-12,21,14,28.795816421508789,37.761995315551758,38
chronos/daily56,daily56,chronos-bolt-small,chronos,split-1,2023-07-12,35,33,41.942413330078125,52.970450878143311,53
chronos/daily56,daily56,chronos-bolt-small,chronos,split-1,2023-07-12,82,14,22.782334327697754,25.931140899658203,26
chronos/daily56,daily56,chronos-bolt-small,chronos,split-1,2023-07-13,11,33,17.972025871276855,22.016336441040039,23
chronos/daily56,daily56,chronos-bolt-small,chronos,split-1,2023-07-13,12,21,13.339505195617676,15.942000389099121,16
chronos/daily56,daily56,chronos-bolt-small,chronos,split-1,2023-07-13,13,25,23.108928680419922,26.003550052642822,27
chronos/daily56,daily56,chronos-bolt-small,chronos,split-1,2023-07-13,21,51,23.258569717407227,31.932313919067383,32
chronos/daily56,daily56,chronos-bolt-small,chronos,split-1,2023-07-13,35,71,34.471540451049805,44.706908702850342,45
chronos/daily56,daily56,chronos-bolt-small,chronos,split-1,2023-07-13,82,36,20.010201454162598,23.107131958007812,24
chronos/daily56,daily56,chronos-bolt-small,chronos,split-1,2023-07-14,11,16,24.408195972442627,29.765329837799072,30
chronos/daily56,daily56,chronos-bolt-small,chronos,split-1,2023-07-14,12,11,16.249123573303223,19.587072372436523,20
chronos/daily56,daily56,chronos-bolt-small,chronos,split-1,2023-07-14,13,25,25.940902709960938,29.102823734283447,30
chronos/daily56,daily56,chronos-bolt-small,chronos,split-1,2023-07-14,21,36,30.92218017578125,41.35678243637085,42
chronos/daily56,daily56,chronos-bolt-small,chronos,split-1,2023-07-14,35,61,46.55946159362793,59.244102001190186,60
chronos/daily56,daily56,chronos-bolt-small,chronos,split-1,2023-07-14,82,19,28.158200263977051,32.500831604003906,33
chronos/daily56,daily56,chronos-bolt-small,chronos,split-1,2023-07-15,11,20,21.885777473449707,26.584524154663086,27
chronos/daily56,daily56,chronos-bolt-small,chronos,split-1,2023-07-15,12,14,13.547134399414062,16.536840438842773,17
chronos/daily56,daily56,chronos-bolt-small,chronos,split-1,2023-07-15,13,24,27.571413993835449,31.850235939025879,32
chronos/daily56,daily56,chronos-bolt-small,chronos,split-1,2023-07-15,21,24,34.072624206542969,44.377214431762695,45
chronos/daily56,daily56,chronos-bolt-small,chronos,split-1,2023-07-15,35,35,52.310941696166992,67.190163612365723,68
chronos/daily56,daily56,chronos-bolt-small,chronos,split-1,2023-07-15,82,24,24.117786407470703,27.732213973999023,28
chronos/daily56,daily56,chronos-bolt-small,chronos,split-1,2023-07-16,11,29,25.400320529937744,30.540996551513672,31
chronos/daily56,daily56,chronos-bolt-small,chronos,split-1,2023-07-16,12,17,17.692915916442871,20.46061897277832,21
chronos/daily56,daily56,chronos-bolt-small,chronos,split-1,2023-07-16,13,25,31.766213417053223,36.887253761291504,37
chronos/daily56,daily56,chronos-bolt-small,chronos,split-1,2023-07-16,21,47,35.472475051879883,44.541902542114258,45
chronos/daily56,daily56,chronos-bolt-small,chronos,split-1,2023-07-16,35,37,47.099348068237305,61.238965034484863,62
chronos/daily56,daily56,chronos-bolt-small,chronos,split-1,2023-07-16,82,42,28.560686111450195,32.309483528137207,33
chronos/daily56,daily56,chronos-bolt-small,chronos,split-1,2023-07-17,11,26,29.422877311706543,34.795156478881836,35
chronos/daily56,daily56,chronos-bolt-small,chronos,split-1,2023-07-17,12,14,19.778704643249512,22.829914093017578,23
chronos/daily56,daily56,chronos-bolt-small,chronos,split-1,2023-07-17,13,48,31.227058410644531,35.628386497497559,36
chronos/daily56,daily56,chronos-bolt-small,chronos,split-1,2023-07-17,21,52,39.622467041015625,50.312342643737793,51
chronos/daily56,daily56,chronos-bolt-small,chronos,split-1,2023-07-17,35,62,46.110912322998047,58.182575702667236,59
chronos/daily56,daily56,chronos-bolt-small,chronos,split-1,2023-07-17,82,33,35.356353759765625,40.608217239379883,41
chronos/daily56,daily56,chronos-bolt-small,chronos,split-1,2023-07-18,11,30,25.379168510437012,29.685083389282227,30
chronos/daily56,daily56,chronos-bolt-small,chronos,split-1,2023-07-18,12,14,15.624338150024414,17.886327743530273,18
chronos/daily56,daily56,chronos-bolt-small,chronos,split-1,2023-07-18,13,51,31.417479515075684,35.441418647766113,36
chronos/daily56,daily56,chronos-bolt-small,chronos,split-1,2023-07-18,21,51,37.207302093505859,46.944624900817871,47
chronos/daily56,daily56,chronos-bolt-small,chronos,split-1,2023-07-18,35,65,45.809064865112305,57.735045433044434,58
chronos/daily56,daily56,chronos-bolt-small,chronos,split-1,2023-07-18,82,29,30.935165405273438,34.921527862548828,35
chronos/daily56,daily56,chronos-bolt-small,chronos,split-1,2023-07-19,11,30,24.749960422515869,29.607553482055664,30
chronos/daily56,daily56,chronos-bolt-small,chronos,split-1,2023-07-19,12,17,13.423556327819824,15.348182678222656,16
chronos/daily56,daily56,chronos-bolt-small,chronos,split-1,2023-07-19,13,37,28.561530113220215,32.626204013824463,33
chronos/daily56,daily56,chronos-bolt-small,chronos,split-1,2023-07-19,21,43,33.756805419921875,43.1409010887146,44
chronos/daily56,daily56,chronos-bolt-small,chronos,split-1,2023-07-19,35,58,44.480833053588867,56.846280097961426,57
chronos/daily56,daily56,chronos-bolt-small,chronos,split-1,2023-07-19,82,22,27.635902404785156,31.500465393066406,32
chronos/daily56,daily56,chronos-bolt-small,chronos,split-1,2023-07-20,11,31,27.58467960357666,32.591064453125,33
chronos/daily56,daily56,chronos-bolt-small,chronos,split-1,2023-07-20,12,16,16.15341854095459,18.907609939575195,19
chronos/daily56,daily56,chronos-bolt-small,chronos,split-1,2023-07-20,13,39,29.659553527832031,34.587672710418701,35
chronos/daily56,daily56,chronos-bolt-small,chronos,split-1,2023-07-20,21,36,38.937103271484375,47.852975368499756,48
chronos/daily56,daily56,chronos-bolt-small,chronos,split-1,2023-07-20,35,60,50.8614501953125,63.178933143615723,64
chronos/daily56,daily56,chronos-bolt-small,chronos,split-1,2023-07-20,82,23,26.057186126708984,29.439992904663086,30
chronos/daily56,daily56,chronos-bolt-small,chronos,split-1,2023-07-21,11,30,30.530537605285645,35.775352478027344,36
chronos/daily56,daily56,chronos-bolt-small,chronos,split-1,2023-07-21,12,12,15.775494575500488,18.678384780883789,19
chronos/daily56,daily56,chronos-bolt-small,chronos,split-1,2023-07-21,13,22,34.378568649291992,40.079818248748779,41
chronos/daily56,daily56,chronos-bolt-small,chronos,split-1,2023-07-21,21,34,38.927036285400391,47.8772292137146,48
chronos/daily56,daily56,chronos-bolt-small,chronos,split-1,2023-07-21,35,52,56.290084838867188,68.839509010314941,69
chronos/daily56,daily56,chronos-bolt-small,chronos,split-1,2023-07-21,82,21,27.574811935424805,31.418766021728516,32
chronos/daily56,daily56,chronos-bolt-small,chronos,split-1,2023-07-22,11,34,33.322590351104736,38.918691635131836,39
chronos/daily56,daily56,chronos-bolt-small,chronos,split-1,2023-07-22,12,18,14.061943054199219,16.328628540039062,17
chronos/daily56,daily56,chronos-bolt-small,chronos,split-1,2023-07-22,13,28,29.191411972045898,34.104915142059326,35
chronos/daily56,daily56,chronos-bolt-small,chronos,split-1,2023-07-22,21,51,38.286529541015625,47.117862701416016,48
chronos/daily56,daily56,chronos-bolt-small,chronos,split-1,2023-07-22,35,58,51.797124862670898,63.663846015930176,64
chronos/daily56,daily56,chronos-bolt-small,chronos,split-1,2023-07-22,82,31,26.381130218505859,29.554616928100586,30
chronos/daily56,daily56,chronos-bolt-small,chronos,split-1,2023-07-23,11,41,37.915989398956299,44.416986465454102,45
chronos/daily56,daily56,chronos-bolt-small,chronos,split-1,2023-07-23,12,12,18.876848220825195,22.132038116455078,23
chronos/daily56,daily56,chronos-bolt-small,chronos,split-1,2023-07-23,13,33,33.119280815124512,37.927855014801025,38
chronos/daily56,daily56,chronos-bolt-small,chronos,split-1,2023-07-23,21,33,50.328865051269531,62.519509315490723,63
chronos/daily56,daily56,chronos-bolt-small,chronos,split-1,2023-07-23,35,59,58.887487411499023,70.190103530883789,71
chronos/daily56,daily56,chronos-bolt-small,chronos,split-1,2023-07-23,82,31,33.359722137451172,37.083621978759766,38
chronos/daily56,daily56,chronos-bolt-small,chronos,split-1,2023-07-24,11,40,43.218803882598877,49.787126541137695,50
chronos/daily56,daily56,chronos-bolt-small,chronos,split-1,2023-07-24,12,29,18.399473190307617,20.91887092590332,21
chronos/daily56,daily56,chronos-bolt-small,chronos,split-1,2023-07-24,13,60,38.981265068054199,43.18008279800415,44
chronos/daily56,daily56,chronos-bolt-small,chronos,split-1,2023-07-24,21,61,42.804817199707031,51.947322845458984,52
chronos/daily56,daily56,chronos-bolt-small,chronos,split-1,2023-07-24,35,71,58.228645324707031,69.497827529907227,70
chronos/daily56,daily56,chronos-bolt-small,chronos,split-1,2023-07-24,82,48,34.641338348388672,38.815921783447266,39
chronos/daily56,daily56,chronos-bolt-small,chronos,split-1,2023-07-25,11,57,38.024493217468262,42.400238037109375,43
chronos/daily56,daily56,chronos-bolt-small,chronos,split-1,2023-07-25,13,46,37.83185863494873,42.9294114112854,43
chronos/daily56,daily56,chronos-bolt-small,chronos,split-1,2023-07-25,21,70,43.227317810058594,54.088627815246582,55
chronos/daily56,daily56,chronos-bolt-small,chronos,split-1,2023-07-25,35,76,59.983654022216797,72.689943313598633,73
chronos/daily56,daily56,chronos-bolt-small,chronos,split-1,2023-07-25,82,37,37.633068084716797,42.842624664306641,43
chronos/daily56,daily56,chronos-bolt-small,chronos,split-1,2023-07-26,11,42,46.614398002624512,55.455137252807617,56
chronos/daily56,daily56,chronos-bolt-small,chronos,split-1,2023-07-26,13,38,32.102499961853027,37.762015819549561,38
chronos/daily56,daily56,chronos-bolt-small,chronos,split-1,2023-07-26,21,36,43.892723083496094,55.706299781799316,56
chronos/daily56,daily56,chronos-bolt-small,chronos,split-1,2023-07-26,35,60,61.252567291259766,74.453859329223633,75
chronos/daily56,daily56,chronos-bolt-small,chronos,split-1,2023-07-26,82,37,32.572850227355957,37.591152191162109,38
chronos/daily56,daily56,chronos-bolt-small,chronos,split-1,2023-07-27,11,42,42.873560905456543,49.638448715209961,50
chronos/daily56,daily56,chronos-bolt-small,chronos,split-1,2023-07-27,12,14,17.439329147338867,20.802482604980469,21
chronos/daily56,daily56,chronos-bolt-small,chronos,split-1,2023-07-27,13,24,34.817137718200684,40.368942260742188,41
chronos/daily56,daily56,chronos-bolt-small,chronos,split-1,2023-07-27,21,31,38.437847137451172,48.95799732208252,49
chronos/daily56,daily56,chronos-bolt-small,chronos,split-1,2023-07-27,35,56,58.315742492675781,70.36888313293457,71
chronos/daily56,daily56,chronos-bolt-small,chronos,split-1,2023-07-27,82,35,35.44149112701416,39.774493217468262,40
chronos/daily56,daily56,chronos-bolt-small,chronos,split-1,2023-07-28,11,33,44.399378776550293,50.586114883422852,51
chronos/daily56,daily56,chronos-bolt-small,chronos,split-1,2023-07-28,12,11,15.56287956237793,18.260555267333984,19
chronos/daily56,daily56,chronos-bolt-small,chronos,split-1,2023-07-28,13,32,28.888683319091797,34.613662719726562,35
chronos/daily56,daily56,chronos-bolt-small,chronos,split-1,2023-07-28,21,37,35.403997421264648,46.91997241973877,47
chronos/daily56,daily56,chronos-bolt-small,chronos,split-1,2023-07-28,35,68,60.308940887451172,72.035478591918945,73
chronos/daily56,daily56,chronos-bolt-small,chronos,split-1,2023-07-28,82,34,35.969075202941895,40.328799247741699,41
chronos/daily56,daily56,chronos-bolt-small,chronos,split-1,2023-07-29,11,32,39.889704704284668,46.840543746948242,47
chronos/daily56,daily56,chronos-bolt-small,chronos,split-1,2023-07-29,12,7,13.573993682861328,16.118318557739258,17
chronos/daily56,daily56,chronos-bolt-small,chronos,split-1,2023-07-29,13,32,33.571155548095703,40.241794586181641,41
chronos/daily56,daily56,chronos-bolt-small,chronos,split-1,2023-07-29,21,41,38.432470321655273,51.954293251037598,52
chronos/daily56,daily56,chronos-bolt-small,chronos,split-1,2023-07-29,35,55,67.878376007080078,79.96708869934082,80
chronos/daily56,daily56,chronos-bolt-small,chronos,split-1,2023-07-29,82,35,36.398517608642578,40.320825576782227,41
chronos/daily56,daily56,chronos-bolt-small,chronos,split-1,2023-07-30,11,78,40.754526615142822,45.468368530273438,46
chronos/daily56,daily56,chronos-bolt-small,chronos,split-1,2023-07-30,12,19,13.0535888671875,15.808782577514648,16
chronos/daily56,daily56,chronos-bolt-small,chronos,split-1,2023-07-30,13,50,40.051709175109863,48.425071716308594,49
chronos/daily56,daily56,chronos-bolt-small,chronos,split-1,2023-07-30,21,22,49.158735275268555,62.791641235351562,63
chronos/daily56,daily56,chronos-bolt-small,chronos,split-1,2023-07-30,35,71,64.551303863525391,75.61729621887207,76
chronos/daily56,daily56,chronos-bolt-small,chronos,split-1,2023-07-30,82,62,40.482304573059082,44.176210403442383,45
chronos/daily56,daily56,chronos-bolt-small,chronos,split-1,2023-07-31,11,43,59.182848930358887,70.648439407348633,71
chronos/daily56,daily56,chronos-bolt-small,chronos,split-1,2023-07-31,12,32,20.379520416259766,24.498156547546387,25
chronos/daily56,daily56,chronos-bolt-small,chronos,split-1,2023-07-31,13,47,52.517677307128906,61.668730735778809,62
chronos/daily56,daily56,chronos-bolt-small,chronos,split-1,2023-07-31,21,60,40.497846603393555,52.920497894287109,53
chronos/daily56,daily56,chronos-bolt-small,chronos,split-1,2023-07-31,35,83,71.746818542480469,82.696687698364258,83
chronos/daily56,daily56,chronos-bolt-small,chronos,split-1,2023-07-31,82,45,54.361466407775879,61.860529899597168,62
chronos/daily56,daily56,chronos-bolt-small,chronos,split-1,2023-08-01,11,42,40.927557468414307,46.726627349853516,47
chronos/daily56,daily56,chronos-bolt-small,chronos,split-1,2023-08-01,12,12,22.123125076293945,27.842605590820312,28
chronos/daily56,daily56,chronos-bolt-small,chronos,split-1,2023-08-01,13,47,41.308102607727051,48.202330589294434,49
chronos/daily56,daily56,chronos-bolt-small,chronos,split-1,2023-08-01,21,37,41.896417617797852,53.822971343994141,54
chronos/daily56,daily56,chronos-bolt-small,chronos,split-1,2023-08-01,35,51,71.373992919921875,83.849063873291016,84
chronos/daily56,daily56,chronos-bolt-small,chronos,split-1,2023-08-01,82,42,41.965676307678223,47.189211845397949,48
chronos/daily56,daily56,chronos-bolt-small,chronos,split-1,2023-08-02,11,19,40.084650993347168,45.371360778808594,46
chronos/daily56,daily56,chronos-bolt-small,chronos,split-1,2023-08-02,12,13,14.85301399230957,19.358335494995117,20
chronos/daily56,daily56,chronos-bolt-small,chronos,split-1,2023-08-02,13,33,36.291908264160156,42.835265159606934,43
chronos/daily56,daily56,chronos-bolt-small,chronos,split-1,2023-08-02,21,15,32.886697769165039,43.224895477294922,44
chronos/daily56,daily56,chronos-bolt-small,chronos,split-1,2023-08-02,35,53,52.512729644775391,64.267539978027344,65
chronos/daily56,daily56,chronos-bolt-small,chronos,split-1,2023-08-02,82,42,39.914077758789062,45.076960563659668,46
chronos/daily56,daily56,chronos-bolt-small,chronos,split-1,2023-08-03,11,20,29.21642541885376,34.57379674911499,35
chronos/daily56,daily56,chronos-bolt-small,chronos,split-1,2023-08-03,12,13,16.713123321533203,20.539280891418457,21
chronos/daily56,daily56,chronos-bolt-small,chronos,split-1,2023-08-03,13,24,35.178215980529785,41.732962608337402,42
chronos/daily56,daily56,chronos-bolt-small,chronos,split-1,2023-08-03,21,24,29.151905059814453,39.245048522949219,40
chronos/daily56,daily56,chronos-bolt-small,chronos,split-1,2023-08-03,35,42,56.78631591796875,68.170814514160156,69
chronos/daily56,daily56,chronos-bolt-small,chronos,split-1,2023-08-03,82,34,42.254173278808594,47.112787246704102,48
chronos/daily56,daily56,chronos-bolt-small,chronos,split-1,2023-08-04,11,28,28.204386234283447,33.30060338973999,34
chronos/daily56,daily56,chronos-bolt-small,chronos,split-1,2023-08-04,12,9,14.814250946044922,18.29135799407959,19
chronos/daily56,daily56,chronos-bolt-small,chronos,split-1,2023-08-04,13,31,29.747370719909668,36.252470970153809,37
chronos/daily56,daily56,chronos-bolt-small,chronos,split-1,2023-08-04,21,23,29.010698318481445,39.062946319580078,40
chronos/daily56,daily56,chronos-bolt-small,chronos,split-1,2023-08-04,35,64,49.300453186035156,60.734954833984375,61
chronos/daily56,daily56,chronos-bolt-small,chronos,split-1,2023-08-04,82,34,37.60291576385498,42.42039680480957,43
chronos/daily56,daily56,chronos-bolt-small,chronos,split-1,2023-08-05,11,37,34.361433029174805,42.27943229675293,43
chronos/daily56,daily56,chronos-bolt-small,chronos,split-1,2023-08-05,12,17,13.469807624816895,17.513823509216309,18
chronos/daily56,daily56,chronos-bolt-small,chronos,split-1,2023-08-05,13,34,34.612030982971191,42.707553863525391,43
chronos/daily56,daily56,chronos-bolt-small,chronos,split-1,2023-08-05,21,20,29.976240158081055,41.072689056396484,42
chronos/daily56,daily56,chronos-bolt-small,chronos,split-1,2023-08-05,35,49,59.3975830078125,72.219217300415039,73
chronos/daily56,daily56,chronos-bolt-small,chronos,split-1,2023-08-05,82,35,40.721592903137207,45.537137985229492,46
chronos/daily56,daily56,chronos-bolt-small,chronos,split-1,2023-08-06,11,18,42.96855354309082,52.205715656280518,53
chronos/daily56,daily56,chronos-bolt-small,chronos,split-1,2023-08-06,12,12,19.015080451965332,24.239968299865723,25
chronos/daily56,daily56,chronos-bolt-small,chronos,split-1,2023-08-06,13,18,41.299115180969238,49.954273223876953,50
chronos/daily56,daily56,chronos-bolt-small,chronos,split-1,2023-08-06,21,33,33.85673713684082,45.930355072021484,46
chronos/daily56,daily56,chronos-bolt-small,chronos,split-1,2023-08-06,35,59,60.903182983398438,72.400613784790039,73
chronos/daily56,daily56,chronos-bolt-small,chronos,split-1,2023-08-06,82,35,44.224850654602051,49.340166091918945,50
chronos/daily56,daily56,chronos-bolt-small,chronos,split-1,2023-08-07,11,84,34.460849761962891,41.156779289245605,42
chronos/daily56,daily56,chronos-bolt-small,chronos,split-1,2023-08-07,12,54,19.778017520904541,24.603635311126709,25
chronos/daily56,daily56,chronos-bolt-small,chronos,split-1,2023-08-07,13,43,37.771188735961914,45.65020751953125,46
chronos/daily56,daily56,chronos-bolt-small,chronos,split-1,2023-08-07,21,62,38.262184143066406,49.213726043701172,50
chronos/daily56,daily56,chronos-bolt-small,chronos,split-1,2023-08-07,35,67,64.822731018066406,76.824184417724609,77
chronos/daily56,daily56,chronos-bolt-small,chronos,split-1,2023-08-07,82,45,44.09381103515625,48.089599609375,49
chronos/daily56,daily56,chronos-bolt-small,chronos,split-1,2023-08-08,11,29,42.550464630126953,54.03645133972168,55
chronos/daily56,daily56,chronos-bolt-small,chronos,split-1,2023-08-08,12,29,23.609457492828369,31.554213762283325,32
chronos/daily56,daily56,chronos-bolt-small,chronos,split-1,2023-08-08,13,99,34.495838165283203,40.856662750244141,41
chronos/daily56,daily56,chronos-bolt-small,chronos,split-1,2023-08-08,21,41,34.579563140869141,45.639768600463867,46
chronos/daily56,daily56,chronos-bolt-small,chronos,split-1,2023-08-08,35,83,60.327972412109375,71.599830627441406,72
chronos/daily56,daily56,chronos-bolt-small,chronos,split-1,2023-08-08,82,33,42.684684753417969,46.562057495117188,47
chronos/daily56,daily56,chronos-bolt-small,chronos,split-1,2023-08-09,11,9,25.683803558349609,30.583219528198242,31
chronos/daily56,daily56,chronos-bolt-small,chronos,split-1,2023-08-09,12,4,16.968153476715088,22.187743425369263,23
chronos/daily56,daily56,chronos-bolt-small,chronos,split-1,2023-08-09,13,15,37.841594696044922,46.771274566650391,47
chronos/daily56,daily56,chronos-bolt-small,chronos,split-1,2023-08-09,21,25,26.979825973510742,37.265068054199219,38
chronos/daily56,daily56,chronos-bolt-small,chronos,split-1,2023-08-09,35,22,61.000511169433594,73.302433013916016,74
chronos/daily56,daily56,chronos-bolt-small,chronos,split-1,2023-08-09,82,12,34.833263397216797,38.785312652587891,39
chronos/daily56,daily56,chronos-bolt-small,chronos,split-1,2023-08-10,11,29,18.792804718017578,22.513586044311523,23
chronos/daily56,daily56,chronos-bolt-small,chronos,split-1,2023-08-10,12,16,9.7689919471740723,13.440688371658325,14
chronos/daily56,daily56,chronos-bolt-small,chronos,split-1,2023-08-10,13,34,22.977289199829102,28.415567398071289,29
chronos/daily56,daily56,chronos-bolt-small,chronos,split-1,2023-08-10,21,45,26.143932342529297,36.137992858886719,37
chronos/daily56,daily56,chronos-bolt-small,chronos,split-1,2023-08-10,35,87,38.386966705322266,50.407573699951172,51
chronos/daily56,daily56,chronos-bolt-small,chronos,split-1,2023-08-10,82,58,22.895999908447266,27.450031280517578,28
chronos/daily56,daily56,chronos-bolt-small,chronos,split-1,2023-08-11,11,16,25.483112335205078,30.996870040893555,31
chronos/daily56,daily56,chronos-bolt-small,chronos,split-1,2023-08-11,12,18,13.593794822692871,18.452116250991821,19
chronos/daily56,daily56,chronos-bolt-small,chronos,split-1,2023-08-11,13,28,28.954984664916992,35.508245468139648,36
chronos/daily56,daily56,chronos-bolt-small,chronos,split-1,2023-08-11,21,35,33.159645080566406,43.550149917602539,44
chronos/daily56,daily56,chronos-bolt-small,chronos,split-1,2023-08-11,35,57,63.550453186035156,79.926803588867188,80
chronos/daily56,daily56,chronos-bolt-small,chronos,split-1,2023-08-11,82,45,36.309188842773438,43.103679656982422,44
chronos/daily56,daily56,chronos-bolt-small,chronos,split-1,2023-08-12,11,24,23.622941970825195,28.959253311157227,29
chronos/daily56,daily56,chronos-bolt-small,chronos,split-1,2023-08-12,12,9,14.126626968383789,19.233160257339478,20
chronos/daily56,daily56,chronos-bolt-small,chronos,split-1,2023-08-12,13,31,28.039886474609375,35.714319229125977,36
chronos/daily56,daily56,chronos-bolt-small,chronos,split-1,2023-08-12,21,27,36.873420715332031,47.072469711303711,48
chronos/daily56,daily56,chronos-bolt-small,chronos,split-1,2023-08-12,35,47,60.200687408447266,75.873550415039062,76
chronos/daily56,daily56,chronos-bolt-small,chronos,split-1,2023-08-12,82,52,39.632415771484375,47.524200439453125,48
chronos/daily56,daily56,chronos-bolt-small,chronos,split-1,2023-08-13,11,30,28.865375518798828,34.539121627807617,35
chronos/daily56,daily56,chronos-bolt-small,chronos,split-1,2023-08-13,12,16,14.099323272705078,19.21963906288147,20
chronos/daily56,daily56,chronos-bolt-small,chronos,split-1,2023-08-13,13,18,36.092231750488281,45.376394271850586,46
chronos/daily56,daily56,chronos-bolt-small,chronos,split-1,2023-08-13,21,26,39.460826873779297,50.56471061706543,51
chronos/daily56,daily56,chronos-bolt-small,chronos,split-1,2023-08-13,35,40,62.812374114990234,78.314529418945312,79
chronos/daily56,daily56,chronos-bolt-small,chronos,split-1,2023-08-13,82,34,50.15257453918457,60.191659927368164,61
chronos/daily56,daily56,chronos-bolt-small,chronos,split-1,2023-08-14,11,60,31.401700973510742,36.68671989440918,37
chronos/daily56,daily56,chronos-bolt-small,chronos,split-1,2023-08-14,12,28,18.090017318725586,23.366518974304199,24
chronos/daily56,daily56,chronos-bolt-small,chronos,split-1,2023-08-14,13,52,30.812221527099609,38.203996658325195,39
chronos/daily56,daily56,chronos-bolt-small,chronos,split-1,2023-08-14,21,64,37.584259033203125,46.938081741333008,47
chronos/daily56,daily56,chronos-bolt-small,chronos,split-1,2023-08-14,35,77,55.970447540283203,68.468292236328125,69
chronos/daily56,daily56,chronos-bolt-small,chronos,split-1,2023-08-14,82,47,43.008234024047852,51.428655624389648,52
chronos/daily56,daily56,chronos-bolt-small,chronos,split-1,2023-08-15,11,36,31.696864128112793,38.400465965270996,39
chronos/daily56,daily56,chronos-bolt-small,chronos,split-1,2023-08-15,12,23,16.436922073364258,21.800294876098633,22
chronos/daily56,daily56,chronos-bolt-small,chronos,split-1,2023-08-15,13,41,32.878349304199219,41.869245529174805,42
chronos/daily56,daily56,chronos-bolt-small,chronos,split-1,2023-08-15,21,47,37.941665649414062,47.620626449584961,48
chronos/daily56,daily56,chronos-bolt-small,chronos,split-1,2023-08-15,35,62,60.352958679199219,74.2818603515625,75
chronos/daily56,daily56,chronos-bolt-small,chronos,split-1,2023-08-15,82,35,42.097177505493164,50.752117156982422,51
chronos/daily56,daily56,chronos-bolt-small,chronos,split-1,2023-08-16,11,26,26.768537521362305,32.211028099060059,33
chronos/daily56,daily56,chronos-bolt-small,chronos,split-1,2023-08-16,12,11,14.395523071289062,18.74439811706543,19
chronos/daily56,daily56,chronos-bolt-small,chronos,split-1,2023-08-16,13,43,27.510099411010742,34.45130729675293,35
chronos/daily56,daily56,chronos-bolt-small,chronos,split-1,2023-08-16,21,32,34.621299743652344,43.234926223754883,44
chronos/daily56,daily56,chronos-bolt-small,chronos,split-1,2023-08-16,35,54,56.595355987548828,68.424125671386719,69
chronos/daily56,daily56,chronos-bolt-small,chronos,split-1,2023-08-16,82,23,32.37275505065918,39.034414291381836,40
chronos/daily56,daily56,chronos-bolt-small,chronos,split-1,2023-08-17,11,25,25.208889961242676,30.763949394226074,31
chronos/daily56,daily56,chronos-bolt-small,chronos,split-1,2023-08-17,12,6,12.210012435913086,16.459792137145996,17
chronos/daily56,daily56,chronos-bolt-small,chronos,split-1,2023-08-17,13,44,29.931694030761719,37.466108322143555,38
chronos/daily56,daily56,chronos-bolt-small,chronos,split-1,2023-08-17,21,37,32.373605728149414,40.624185562133789,41
chronos/daily56,daily56,chronos-bolt-small,chronos,split-1,2023-08-17,35,74,59.294109344482422,70.764335632324219,71
chronos/daily56,daily56,chronos-bolt-small,chronos,split-1,2023-08-17,82,38,27.564701080322266,32.999727249145508,33
chronos/daily56,daily56,chronos-bolt-small,chronos,split-1,2023-08-18,11,22,25.435392379760742,31.018885612487793,32
chronos/daily56,daily56,chronos-bolt-small,chronos,split-1,2023-08-18,12,13,9.1023464202880859,13.22898006439209,14
chronos/daily56,daily56,chronos-bolt-small,chronos,split-1,2023-08-18,13,42,36.424785614013672,46.448271751403809,47
chronos/daily56,daily56,chronos-bolt-small,chronos,split-1,2023-08-18,21,31,34.696598052978516,43.491113662719727,44
chronos/daily56,daily56,chronos-bolt-small,chronos,split-1,2023-08-18,35,67,70.315483093261719,86.276077270507812,87
chronos/daily56,daily56,chronos-bolt-small,chronos,split-1,2023-08-18,82,32,32.413484573364258,39.985795974731445,40
chronos/daily56,daily56,chronos-bolt-small,chronos,split-1,2023-08-19,11,33,26.306510925292969,32.403985977172852,33
chronos/daily56,daily56,chronos-bolt-small,chronos,split-1,2023-08-19,12,14,11.466462135314941,15.888354301452637,16
chronos/daily56,daily56,chronos-bolt-small,chronos,split-1,2023-08-19,13,46,42.615728378295898,54.192095756530762,55
chronos/daily56,daily56,chronos-bolt-small,chronos,split-1,2023-08-19,21,41,34.309906005859375,44.395341873168945,45
chronos/daily56,daily56,chronos-bolt-small,chronos,split-1,2023-08-19,35,53,73.546646118164062,89.875831604003906,90
chronos/daily56,daily56,chronos-bolt-small,chronos,split-1,2023-08-19,82,30,32.054039001464844,39.668527603149414,40
chronos/daily56,daily56,chronos-bolt-small,chronos,split-1,2023-08-20,11,28,33.998010635375977,42.417809009552002,43
chronos/daily56,daily56,chronos-bolt-small,chronos,split-1,2023-08-20,12,16,14.975749969482422,20.262315034866333,21
chronos/daily56,daily56,chronos-bolt-small,chronos,split-1,2023-08-20,13,40,53.046247482299805,67.05160665512085,68
chronos/daily56,daily56,chronos-bolt-small,chronos,split-1,2023-08-20,21,52,43.592861175537109,55.945204734802246,56
chronos/daily56,daily56,chronos-bolt-small,chronos,split-1,2023-08-20,35,51,69.945024490356445,83.836318969726562,84
chronos/daily56,daily56,chronos-bolt-small,chronos,split-1,2023-08-20,82,39,36.920342445373535,44.930731773376465,45
chronos/daily56,daily56,chronos-bolt-small,chronos,split-1,2023-08-21,11,53,32.03663444519043,37.525700092315674,38
chronos/daily56,daily56,chronos-bolt-small,chronos,split-1,2023-08-21,12,26,18.320571899414062,23.170336961746216,24
chronos/daily56,daily56,chronos-bolt-small,chronos,split-1,2023-08-21,13,52,50.688239097595215,60.029362678527832,61
chronos/daily56,daily56,chronos-bolt-small,chronos,split-1,2023-08-21,21,76,51.054039001464844,63.277739524841309,64
chronos/daily56,daily56,chronos-bolt-small,chronos,split-1,2023-08-21,35,87,66.9822998046875,78.526390075683594,79
chronos/daily56,daily56,chronos-bolt-small,chronos,split-1,2023-08-21,82,46,38.212983131408691,45.131443023681641,46
chronos/daily56,daily56,chronos-bolt-small,chronos,split-1,2023-08-22,11,51,32.235651016235352,40.28604793548584,41
chronos/daily56,daily56,chronos-bolt-small,chronos,split-1,2023-08-22,12,19,18.08173942565918,23.400433301925659,24
chronos/daily56,daily56,chronos-bolt-small,chronos,split-1,2023-08-22,13,32,48.81001091003418,57.220345497131348,58
chronos/daily56,daily56,chronos-bolt-small,chronos,split-1,2023-08-22,21,49,51.780014038085938,66.811251163482666,67
chronos/daily56,daily56,chronos-bolt-small,chronos,split-1,2023-08-22,35,55,70.446258544921875,83.896385192871094,84
chronos/daily56,daily56,chronos-bolt-small,chronos,split-1,2023-08-22,82,46,35.254132270812988,44.270009994506836,45
chronos/daily56,daily56,chronos-bolt-small,chronos,split-1,2023-08-23,11,23,30.274679660797119,37.946887016296387,38
chronos/daily56,daily56,chronos-bolt-small,chronos,split-1,2023-08-23,12,14,13.773297309875488,17.618941068649292,18
chronos/daily56,daily56,chronos-bolt-small,chronos,split-1,2023-08-23,13,39,31.528425216674805,36.874810218811035,37
chronos/daily56,daily56,chronos-bolt-small,chronos,split-1,2023-08-23,21,46,38.312477111816406,48.534258365631104,49
chronos/daily56,daily56,chronos-bolt-small,chronos,split-1,2023-08-23,35,51,57.145511627197266,68.336074829101562,69
chronos/daily56,daily56,chronos-bolt-small,chronos,split-1,2023-08-23,82,33,34.337170600891113,41.78584098815918,42
chronos/daily56,daily56,chronos-bolt-small,chronos,split-1,2023-08-24,11,25,23.973480701446533,29.946627616882324,30
chronos/daily56,daily56,chronos-bolt-small,chronos,split-1,2023-08-24,12,15,14.383850574493408,17.971979856491089,18
chronos/daily56,daily56,chronos-bolt-small,chronos,split-1,2023-08-24,13,27,36.58267879486084,43.046914577484131,44
chronos/daily56,daily56,chronos-bolt-small,chronos,split-1,2023-08-24,21,53,41.894603729248047,52.928743839263916,53
chronos/daily56,daily56,chronos-bolt-small,chronos,split-1,2023-08-24,35,49,57.960243225097656,68.724056243896484,69
chronos/daily56,daily56,chronos-bolt-small,chronos,split-1,2023-08-24,82,32,34.111325263977051,40.725225448608398,41
chronos/daily56,daily56,chronos-bolt-small,chronos,split-1,2023-08-25,11,28,25.458231925964355,31.541380882263184,32
chronos/daily56,daily56,chronos-bolt-small,chronos,split-1,2023-08-25,12,14,14.792022228240967,18.490774869918823,19
chronos/daily56,daily56,chronos-bolt-small,chronos,split-1,2023-08-25,13,25,33.243302345275879,39.650079250335693,40
chronos/daily56,daily56,chronos-bolt-small,chronos,split-1,2023-08-25,21,41,47.233303070068359,59.976027965545654,60
chronos/daily56,daily56,chronos-bolt-small,chronos,split-1,2023-08-25,35,41,58.012969970703125,68.545448303222656,69
chronos/daily56,daily56,chronos-bolt-small,chronos,split-1,2023-08-25,82,36,32.047581672668457,37.218658447265625,38
chronos/daily56,daily56,chronos-bolt-small,chronos,split-1,2023-08-26,11,26,29.729228019714355,37.381014823913574,38
chronos/daily56,daily56,chronos-bolt-small,chronos,split-1,2023-08-26,12,15,15.34684419631958,19.325215101242065,20
chronos/daily56,daily56,chronos-bolt-small,chronos,split-1,2023-08-26,13,24,31.868999481201172,38.08059024810791,39
chronos/daily56,daily56,chronos-bolt-small,chronos,split-1,2023-08-26,21,38,44.721549987792969,56.237490653991699,57
chronos/daily56,daily56,chronos-bolt-small,chronos,split-1,2023-08-26,35,32,51.456594467163086,61.874977111816406,62
chronos/daily56,daily56,chronos-bolt-small,chronos,split-1,2023-08-26,82,32,35.277233123779297,41.512763977050781,42
chronos/daily56,daily56,chronos-bolt-small,chronos,split-1,2023-08-27,11,23,33.084475517272949,41.295229911804199,42
chronos/daily56,daily56,chronos-bolt-small,chronos,split-1,2023-08-27,12,7,17.517445087432861,21.940741777420044,22
chronos/daily56,daily56,chronos-bolt-small,chronos,split-1,2023-08-27,13,49,35.03986930847168,42.065888404846191,43
chronos/daily56,daily56,chronos-bolt-small,chronos,split-1,2023-08-27,21,36,49.286251068115234,61.746527671813965,62
chronos/daily56,daily56,chronos-bolt-small,chronos,split-1,2023-08-27,35,43,49.941835403442383,61.428703308105469,62
chronos/daily56,daily56,chronos-bolt-small,chronos,split-1,2023-08-27,82,38,36.887258529663086,43.135288238525391,44
chronos/daily56,daily56,chronos-bolt-small,chronos,split-1,2023-08-28,11,45,27.816283226013184,33.073855400085449,34
chronos/daily56,daily56,chronos-bolt-small,chronos,split-1,2023-08-28,12,21,14.929920673370361,18.934708833694458,19
chronos/daily56,daily56,chronos-bolt-small,chronos,split-1,2023-08-28,13,62,45.925394058227539,54.453858375549316,55
chronos/daily56,daily56,chronos-bolt-small,chronos,split-1,2023-08-28,21,56,46.219547271728516,56.811530113220215,57
chronos/daily56,daily56,chronos-bolt-small,chronos,split-1,2023-08-28,35,60,51.298583984375,63.214111328125,64
chronos/daily56,daily56,chronos-bolt-small,chronos,split-1,2023-08-28,82,45,38.466175079345703,43.690074920654297,44
chronos/daily56,daily56,chronos-bolt-small,chronos,split-1,2023-08-29,11,26,30.372721672058105,37.032267570495605,38
chronos/daily56,daily56,chronos-bolt-small,chronos,split-1,2023-08-29,12,8,16.478339672088623,20.574337720870972,21
chronos/daily56,daily56,chronos-bolt-small,chronos,split-1,2023-08-29,13,30,45.68452262878418,55.11652660369873,56
chronos/daily56,daily56,chronos-bolt-small,chronos,split-1,2023-08-29,21,49,45.551700592041016,56.058123588562012,57
chronos/daily56,daily56,chronos-bolt-small,chronos,split-1,2023-08-29,35,57,53.565235137939453,65.226737976074219,66
chronos/daily56,daily56,chronos-bolt-small,chronos,split-1,2023-08-29,82,33,38.221607208251953,43.538324356079102,44
chronos/daily56,daily56,chronos-bolt-small,chronos,split-1,2023-08-30,11,30,22.842804908752441,26.705052375793457,27
chronos/daily56,daily56,chronos-bolt-small,chronos,split-1,2023-08-30,12,13,10.36150598526001,13.55492377281189,14
chronos/daily56,daily56,chronos-bolt-small,chronos,split-1,2023-08-30,13,37,28.496136665344238,34.459803581237793,35
chronos/daily56,daily56,chronos-bolt-small,chronos,split-1,2023-08-30,21,39,40.292762756347656,49.83814525604248,50
chronos/daily56,daily56,chronos-bolt-small,chronos,split-1,2023-08-30,35,57,48.616245269775391,59.763347625732422,60
chronos/daily56,daily56,chronos-bolt-small,chronos,split-1,2023-08-30,82,30,31.42711067199707,36.403509140014648,37
chronos/daily56,daily56,chronos-bolt-small,chronos,split-1,2023-08-31,11,39,26.694348335266113,31.012633323669434,32
chronos/daily56,daily56,chronos-bolt-small,chronos,split-1,2023-08-31,12,11,12.81986141204834,15.996771574020386,16
chronos/daily56,daily56,chronos-bolt-small,chronos,split-1,2023-08-31,13,32,31.960536003112793,39.090264320373535,40
chronos/daily56,daily56,chronos-bolt-small,chronos,split-1,2023-08-31,21,31,38.6109619140625,47.996596336364746,48
chronos/daily56,daily56,chronos-bolt-small,chronos,split-1,2023-08-31,35,45,54.299459457397461,64.426219940185547,65
chronos/daily56,daily56,chronos-bolt-small,chronos,split-1,2023-08-31,82,38,31.543981552124023,36.020315170288086,37
chronos/raw,raw,chronos-bolt-small,chronos,split-2,2023-09-01,11,35,26.894519805908203,34.835605621337891,35
chronos/raw,raw,chronos-bolt-small,chronos,split-2,2023-09-01,12,11,11.27932071685791,14.355350494384766,15
chronos/raw,raw,chronos-bolt-small,chronos,split-2,2023-09-01,13,31,28.794031143188477,35.356422424316406,36
chronos/raw,raw,chronos-bolt-small,chronos,split-2,2023-09-01,21,39,31.652530670166016,38.333160400390625,39
chronos/raw,raw,chronos-bolt-small,chronos,split-2,2023-09-01,35,57,46.501960754394531,54.527946472167969,55
chronos/raw,raw,chronos-bolt-small,chronos,split-2,2023-09-01,82,55,34.374473571777344,40.331233978271484,41
chronos/raw,raw,chronos-bolt-small,chronos,split-2,2023-09-02,11,17,29.882942199707031,38.816036224365234,39
chronos/raw,raw,chronos-bolt-small,chronos,split-2,2023-09-02,12,8,11.482934951782227,14.598344802856445,15
chronos/raw,raw,chronos-bolt-small,chronos,split-2,2023-09-02,13,22,32.071243286132812,39.500465393066406,40
chronos/raw,raw,chronos-bolt-small,chronos,split-2,2023-09-02,21,29,35.495246887207031,42.883842468261719,43
chronos/raw,raw,chronos-bolt-small,chronos,split-2,2023-09-02,35,47,52.568378448486328,61.742832183837891,62
chronos/raw,raw,chronos-bolt-small,chronos,split-2,2023-09-02,82,30,42.372802734375,50.234180450439453,51
chronos/raw,raw,chronos-bolt-small,chronos,split-2,2023-09-03,11,5,24.545618057250977,32.607826232910156,33
chronos/raw,raw,chronos-bolt-small,chronos,split-2,2023-09-03,12,7,11.836511611938477,15.23618221282959,16
chronos/raw,raw,chronos-bolt-small,chronos,split-2,2023-09-03,13,19,30.264122009277344,37.990543365478516,38
chronos/raw,raw,chronos-bolt-small,chronos,split-2,2023-09-03,21,16,35.346023559570312,42.917102813720703,43
chronos/raw,raw,chronos-bolt-small,chronos,split-2,2023-09-03,35,32,53.977615356445312,62.757659912109375,63
chronos/raw,raw,chronos-bolt-small,chronos,split-2,2023-09-03,82,14,36.466064453125,43.075153350830078,44
chronos/raw,raw,chronos-bolt-small,chronos,split-2,2023-09-04,11,60,14.883858680725098,21.199312210083008,22
chronos/raw,raw,chronos-bolt-small,chronos,split-2,2023-09-04,12,29,12.315794944763184,15.355280876159668,16
chronos/raw,raw,chronos-bolt-small,chronos,split-2,2023-09-04,13,54,26.985950469970703,33.427345275878906,34
chronos/raw,raw,chronos-bolt-small,chronos,split-2,2023-09-04,21,63,26.829860687255859,33.044502258300781,34
chronos/raw,raw,chronos-bolt-small,chronos,split-2,2023-09-04,35,82,44.051284790039062,51.636505126953125,52
chronos/raw,raw,chronos-bolt-small,chronos,split-2,2023-09-04,82,46,21.796833038330078,28.611110687255859,29
chronos/raw,raw,chronos-bolt-small,chronos,split-2,2023-09-05,11,30,26.893888473510742,36.403926849365234,37
chronos/raw,raw,chronos-bolt-small,chronos,split-2,2023-09-05,12,15,15.702472686767578,20.183509826660156,21
chronos/raw,raw,chronos-bolt-small,chronos,split-2,2023-09-05,13,28,33.710739135742188,41.577537536621094,42
chronos/raw,raw,chronos-bolt-small,chronos,split-2,2023-09-05,21,31,36.023555755615234,45.419551849365234,46
chronos/raw,raw,chronos-bolt-small,chronos,split-2,2023-09-05,35,45,55.711662292480469,66.547660827636719,67
chronos/raw,raw,chronos-bolt-small,chronos,split-2,2023-09-05,82,30,33.577198028564453,40.710395812988281,41
chronos/raw,raw,chronos-bolt-small,chronos,split-2,2023-09-06,11,17,22.446739196777344,29.644382476806641,30
chronos/raw,raw,chronos-bolt-small,chronos,split-2,2023-09-06,12,8,12.501217842102051,15.702003479003906,16
chronos/raw,raw,chronos-bolt-small,chronos,split-2,2023-09-06,13,19,24.698122024536133,30.886987686157227,31
chronos/raw,raw,chronos-bolt-small,chronos,split-2,2023-09-06,21,22,28.029430389404297,34.767856597900391,35
chronos/raw,raw,chronos-bolt-small,chronos,split-2,2023-09-06,35,44,44.889884948730469,52.906341552734375,53
chronos/raw,raw,chronos-bolt-small,chronos,split-2,2023-09-06,82,20,29.175315856933594,35.264583587646484,36
chronos/raw,raw,chronos-bolt-small,chronos,split-2,2023-09-07,11,25,19.347644805908203,25.666519165039062,26
chronos/raw,raw,chronos-bolt-small,chronos,split-2,2023-09-07,12,15,10.357305526733398,13.323799133300781,14
chronos/raw,raw,chronos-bolt-small,chronos,split-2,2023-09-07,13,20,20.797157287597656,26.218528747558594,27
chronos/raw,raw,chronos-bolt-small,chronos,split-2,2023-09-07,21,30,23.516000747680664,29.402824401855469,30
chronos/raw,raw,chronos-bolt-small,chronos,split-2,2023-09-07,35,31,44.240516662597656,51.827346801757812,52
chronos/raw,raw,chronos-bolt-small,chronos,split-2,2023-09-07,82,25,24.331838607788086,29.976978302001953,30
chronos/raw,raw,chronos-bolt-small,chronos,split-2,2023-09-08,11,24,21.386547088623047,27.513160705566406,28
chronos/raw,raw,chronos-bolt-small,chronos,split-2,2023-09-08,12,11,11.943175315856934,15.188037872314453,16
chronos/raw,raw,chronos-bolt-small,chronos,split-2,2023-09-08,13,22,20.126150131225586,25.319549560546875,26
chronos/raw,raw,chronos-bolt-small,chronos,split-2,2023-09-08,21,45,23.874799728393555,29.810647964477539,30
chronos/raw,raw,chronos-bolt-small,chronos,split-2,2023-09-08,35,45,38.898101806640625,46.029975891113281,47
chronos/raw,raw,chronos-bolt-small,chronos,split-2,2023-09-08,82,24,24.246057510375977,29.688236236572266,30
chronos/raw,raw,chronos-bolt-small,chronos,split-2,2023-09-09,11,40,21.761310577392578,28.321407318115234,29
chronos/raw,raw,chronos-bolt-small,chronos,split-2,2023-09-09,12,9,10.971041679382324,14.223731994628906,15
chronos/raw,raw,chronos-bolt-small,chronos,split-2,2023-09-09,13,15,21.646123886108398,27.073965072631836,28
chronos/raw,raw,chronos-bolt-small,chronos,split-2,2023-09-09,21,19,29.080183029174805,36.231300354003906,37
chronos/raw,raw,chronos-bolt-small,chronos,split-2,2023-09-09,35,32,41.795127868652344,49.032154083251953,50
chronos/raw,raw,chronos-bolt-small,chronos,split-2,2023-09-09,82,20,24.438846588134766,29.617206573486328,30
chronos/raw,raw,chronos-bolt-small,chronos,split-2,2023-09-10,11,15,30.024501800537109,39.392387390136719,40
chronos/raw,raw,chronos-bolt-small,chronos,split-2,2023-09-10,12,6,11.951744079589844,15.437342643737793,16
chronos/raw,raw,chronos-bolt-small,chronos,split-2,2023-09-10,13,27,21.31117057800293,26.448801040649414,27
chronos/raw,raw,chronos-bolt-small,chronos,split-2,2023-09-10,21,30,27.556570053100586,34.086227416992188,35
chronos/raw,raw,chronos-bolt-small,chronos,split-2,2023-09-10,35,29,39.137157440185547,45.833358764648438,46
chronos/raw,raw,chronos-bolt-small,chronos,split-2,2023-09-10,82,18,23.3101806640625,28.784194946289062,29
chronos/raw,raw,chronos-bolt-small,chronos,split-2,2023-09-11,11,14,21.652555465698242,28.243925094604492,29
chronos/raw,raw,chronos-bolt-small,chronos,split-2,2023-09-11,12,13,10.768285751342773,14.032779693603516,15
chronos/raw,raw,chronos-bolt-small,chronos,split-2,2023-09-11,13,18,24.289098739624023,29.914829254150391,30
chronos/raw,raw,chronos-bolt-small,chronos,split-2,2023-09-11,21,23,30.009256362915039,36.512401580810547,37
chronos/raw,raw,chronos-bolt-small,chronos,split-2,2023-09-11,35,25,35.949802398681641,42.457252502441406,43
chronos/raw,raw,chronos-bolt-small,chronos,split-2,2023-09-11,82,8,19.658565521240234,24.072399139404297,25
chronos/raw,raw,chronos-bolt-small,chronos,split-2,2023-09-12,11,13,18.270410537719727,23.823982238769531,24
chronos/raw,raw,chronos-bolt-small,chronos,split-2,2023-09-12,12,13,11.703097343444824,14.960611343383789,15
chronos/raw,raw,chronos-bolt-small,chronos,split-2,2023-09-12,13,13,19.370367050170898,23.839199066162109,24
chronos/raw,raw,chronos-bolt-small,chronos,split-2,2023-09-12,21,10,24.775615692138672,30.562191009521484,31
chronos/raw,raw,chronos-bolt-small,chronos,split-2,2023-09-12,35,28,29.968704223632812,36.051109313964844,37
chronos/raw,raw,chronos-bolt-small,chronos,split-2,2023-09-12,82,6,13.620054244995117,18.253437042236328,19
chronos/raw,raw,chronos-bolt-small,chronos,split-2,2023-09-13,11,34,15.932609558105469,20.682582855224609,21
chronos/raw,raw,chronos-bolt-small,chronos,split-2,2023-09-13,12,10,10.750124931335449,13.568582534790039,14
chronos/raw,raw,chronos-bolt-small,chronos,split-2,2023-09-13,13,45,16.016363143920898,20.147148132324219,21
chronos/raw,raw,chronos-bolt-small,chronos,split-2,2023-09-13,21,38,18.612846374511719,24.062398910522461,25
chronos/raw,raw,chronos-bolt-small,chronos,split-2,2023-09-13,35,65,28.956607818603516,34.613822937011719,35
chronos/raw,raw,chronos-bolt-small,chronos,split-2,2023-09-13,82,26,10.523991584777832,14.597293853759766,15
chronos/raw,raw,chronos-bolt-small,chronos,split-2,2023-09-14,11,12,20.728439331054688,27.121898651123047,28
chronos/raw,raw,chronos-bolt-small,chronos,split-2,2023-09-14,12,14,10.294471740722656,12.917306900024414,13
chronos/raw,raw,chronos-bolt-small,chronos,split-2,2023-09-14,13,21,22.333610534667969,27.831333160400391,28
chronos/raw,raw,chronos-bolt-small,chronos,split-2,2023-09-14,21,20,23.3470458984375,29.655719757080078,30
chronos/raw,raw,chronos-bolt-small,chronos,split-2,2023-09-14,35,33,38.935897827148438,47.948368072509766,48
chronos/raw,raw,chronos-bolt-small,chronos,split-2,2023-09-14,82,13,17.434621810913086,23.214500427246094,24
chronos/raw,raw,chronos-bolt-small,chronos,split-2,2023-09-15,11,11,17.607173919677734,23.360134124755859,24
chronos/raw,raw,chronos-bolt-small,chronos,split-2,2023-09-15,12,16,11.19863224029541,14.148643493652344,15
chronos/raw,raw,chronos-bolt-small,chronos,split-2,2023-09-15,13,19,18.662481307983398,23.418914794921875,24
chronos/raw,raw,chronos-bolt-small,chronos,split-2,2023-09-15,21,14,20.769756317138672,26.625144958496094,27
chronos/raw,raw,chronos-bolt-small,chronos,split-2,2023-09-15,35,42,35.031959533691406,42.649147033691406,43
chronos/raw,raw,chronos-bolt-small,chronos,split-2,2023-09-15,82,11,14.471532821655273,19.306400299072266,20
chronos/raw,raw,chronos-bolt-small,chronos,split-2,2023-09-16,11,10,16.275148391723633,21.423986434936523,22
chronos/raw,raw,chronos-bolt-small,chronos,split-2,2023-09-16,12,9,12.806373596191406,16.086051940917969,17
chronos/raw,raw,chronos-bolt-small,chronos,split-2,2023-09-16,13,32,19.661045074462891,24.301887512207031,25
chronos/raw,raw,chronos-bolt-small,chronos,split-2,2023-09-16,21,28,19.783926010131836,25.259309768676758,26
chronos/raw,raw,chronos-bolt-small,chronos,split-2,2023-09-16,35,34,38.40948486328125,46.48065185546875,47
chronos/raw,raw,chronos-bolt-small,chronos,split-2,2023-09-16,82,12,12.953169822692871,17.291904449462891,18
chronos/raw,raw,chronos-bolt-small,chronos,split-2,2023-09-17,11,12,15.003814697265625,19.855754852294922,20
chronos/raw,raw,chronos-bolt-small,chronos,split-2,2023-09-17,12,6,12.519547462463379,15.849687576293945,16
chronos/raw,raw,chronos-bolt-small,chronos,split-2,2023-09-17,13,17,26.703022003173828,33.459964752197266,34
chronos/raw,raw,chronos-bolt-small,chronos,split-2,2023-09-17,21,17,24.948928833007812,31.58978271484375,32
chronos/raw,raw,chronos-bolt-small,chronos,split-2,2023-09-17,35,33,36.993747711181641,44.341312408447266,45
chronos/raw,raw,chronos-bolt-small,chronos,split-2,2023-09-17,82,12,13.924428939819336,18.049203872680664,19
chronos/raw,raw,chronos-bolt-small,chronos,split-2,2023-09-18,11,10,14.68016242980957,18.78816032409668,19
chronos/raw,raw,chronos-bolt-small,chronos,split-2,2023-09-18,12,13,11.898855209350586,15.31902027130127,16
chronos/raw,raw,chronos-bolt-small,chronos,split-2,2023-09-18,13,19,23.525278091430664,28.913173675537109,29
chronos/raw,raw,chronos-bolt-small,chronos,split-2,2023-09-18,21,37,24.555717468261719,30.488338470458984,31
chronos/raw,raw,chronos-bolt-small,chronos,split-2,2023-09-18,35,46,36.786712646484375,43.55767822265625,44
chronos/raw,raw,chronos-bolt-small,chronos,split-2,2023-09-18,82,8,13.965436935424805,17.879898071289062,18
chronos/raw,raw,chronos-bolt-small,chronos,split-2,2023-09-19,11,11,11.857938766479492,15.200277328491211,16
chronos/raw,raw,chronos-bolt-small,chronos,split-2,2023-09-19,12,12,11.894099235534668,15.084369659423828,16
chronos/raw,raw,chronos-bolt-small,chronos,split-2,2023-09-19,13,15,20.373373031616211,24.62548828125,25
chronos/raw,raw,chronos-bolt-small,chronos,split-2,2023-09-19,21,25,24.423959732055664,30.226825714111328,31
chronos/raw,raw,chronos-bolt-small,chronos,split-2,2023-09-19,35,31,38.060443878173828,45.338478088378906,46
chronos/raw,raw,chronos-bolt-small,chronos,split-2,2023-09-19,82,12,10.883862495422363,14.390040397644043,15
chronos/raw,raw,chronos-bolt-small,chronos,split-2,2023-09-20,11,10,11.030366897583008,14.131416320800781,15
chronos/raw,raw,chronos-bolt-small,chronos,split-2,2023-09-20,12,11,10.937420845031738,13.70172119140625,14
chronos/raw,raw,chronos-bolt-small,chronos,split-2,2023-09-20,13,21,17.097461700439453,21.218486785888672,22
chronos/raw,raw,chronos-bolt-small,chronos,split-2,2023-09-20,21,14,22.360990524291992,28.204826354980469,29
chronos/raw,raw,chronos-bolt-small,chronos,split-2,2023-09-20,35,23,32.785484313964844,39.154594421386719,40
chronos/raw,raw,chronos-bolt-small,chronos,split-2,2023-09-20,82,12,11.370526313781738,14.85069465637207,15
chronos/raw,raw,chronos-bolt-small,chronos,split-2,2023-09-21,11,8,11.296215057373047,14.229726791381836,15
chronos/raw,raw,chronos-bolt-small,chronos,split-2,2023-09-21,12,6,10.97725772857666,13.580182075500488,14
chronos/raw,raw,chronos-bolt-small,chronos,split-2,2023-09-21,13,23,18.007207870483398,22.204906463623047,23
chronos/raw,raw,chronos-bolt-small,chronos,split-2,2023-09-21,21,22,19.599674224853516,25.109264373779297,26
chronos/raw,raw,chronos-bolt-small,chronos,split-2,2023-09-21,35,25,29.274869918823242,35.648632049560547,36
chronos/raw,raw,chronos-bolt-small,chronos,split-2,2023-09-21,82,12,11.540298461914062,14.736112594604492,15
chronos/raw,raw,chronos-bolt-small,chronos,split-2,2023-09-22,11,11,10.351072311401367,13.268305778503418,14
chronos/raw,raw,chronos-bolt-small,chronos,split-2,2023-09-22,12,8,9.7838993072509766,12.392789840698242,13
chronos/raw,raw,chronos-bolt-small,chronos,split-2,2023-09-22,13,20,19.642274856567383,24.047962188720703,25
chronos/raw,raw,chronos-bolt-small,chronos,split-2,2023-09-22,21,13,20.880743026733398,26.541074752807617,27
chronos/raw,raw,chronos-bolt-small,chronos,split-2,2023-09-22,35,40,27.735855102539062,33.821792602539062,34
chronos/raw,raw,chronos-bolt-small,chronos,split-2,2023-09-22,82,11,11.554725646972656,14.563282012939453,15
chronos/raw,raw,chronos-bolt-small,chronos,split-2,2023-09-23,11,12,11.383096694946289,14.419090270996094,15
chronos/raw,raw,chronos-bolt-small,chronos,split-2,2023-09-23,12,14,9.5717897415161133,12.059558868408203,13
chronos/raw,raw,chronos-bolt-small,chronos,split-2,2023-09-23,13,17,20.808807373046875,25.602680206298828,26
chronos/raw,raw,chronos-bolt-small,chronos,split-2,2023-09-23,21,22,19.746423721313477,25.150659561157227,26
chronos/raw,raw,chronos-bolt-small,chronos,split-2,2023-09-23,35,39,32.496124267578125,39.208404541015625,40
chronos/raw,raw,chronos-bolt-small,chronos,split-2,2023-09-23,82,11,10.800809860229492,13.53961181640625,14
chronos/raw,raw,chronos-bolt-small,chronos,split-2,2023-09-24,11,11,12.309532165527344,15.162504196166992,16
chronos/raw,raw,chronos-bolt-small,chronos,split-2,2023-09-24,12,5,12.59239387512207,15.944091796875,16
chronos/raw,raw,chronos-bolt-small,chronos,split-2,2023-09-24,13,21,20.706014633178711,25.868532180786133,26
chronos/raw,raw,chronos-bolt-small,chronos,split-2,2023-09-24,21,26,23.320743560791016,29.78387451171875,30
chronos/raw,raw,chronos-bolt-small,chronos,split-2,2023-09-24,35,25,36.323413848876953,43.363761901855469,44
chronos/raw,raw,chronos-bolt-small,chronos,split-2,2023-09-24,82,12,11.84486198425293,14.817659378051758,15
chronos/raw,raw,chronos-bolt-small,chronos,split-2,2023-09-25,11,15,12.260899543762207,14.9498291015625,15
chronos/raw,raw,chronos-bolt-small,chronos,split-2,2023-09-25,12,20,10.629363059997559,14.020313262939453,15
chronos/raw,raw,chronos-bolt-small,chronos,split-2,2023-09-25,13,37,21.499549865722656,26.521215438842773,27
chronos/raw,raw,chronos-bolt-small,chronos,split-2,2023-09-25,21,36,25.93366813659668,32.596340179443359,33
chronos/raw,raw,chronos-bolt-small,chronos,split-2,2023-09-25,35,47,31.35369873046875,37.817375183105469,38
chronos/raw,raw,chronos-bolt-small,chronos,split-2,2023-09-25,82,18,11.551639556884766,14.379076957702637,15
chronos/raw,raw,chronos-bolt-small,chronos,split-2,2023-09-26,11,15,13.905559539794922,17.077495574951172,18
chronos/raw,raw,chronos-bolt-small,chronos,split-2,2023-09-26,12,12,13.135220527648926,16.789176940917969,17
chronos/raw,raw,chronos-bolt-small,chronos,split-2,2023-09-26,13,21,24.041986465454102,29.784870147705078,30
chronos/raw,raw,chronos-bolt-small,chronos,split-2,2023-09-26,21,26,26.068321228027344,32.087356567382812,33
chronos/raw,raw,chronos-bolt-small,chronos,split-2,2023-09-26,35,23,35.580551147460938,43.111488342285156,44
chronos/raw,raw,chronos-bolt-small,chronos,split-2,2023-09-26,82,12,14.303390502929688,17.993732452392578,18
chronos/raw,raw,chronos-bolt-small,chronos,split-2,2023-09-27,11,13,13.489890098571777,16.482097625732422,17
chronos/raw,raw,chronos-bolt-small,chronos,split-2,2023-09-27,12,4,11.457187652587891,14.3363037109375,15
chronos/raw,raw,chronos-bolt-small,chronos,split-2,2023-09-27,13,12,19.903459548950195,24.501220703125,25
chronos/raw,raw,chronos-bolt-small,chronos,split-2,2023-09-27,21,17,22.951894760131836,28.432598114013672,29
chronos/raw,raw,chronos-bolt-small,chronos,split-2,2023-09-27,35,22,29.592432022094727,36.596218109130859,37
chronos/raw,raw,chronos-bolt-small,chronos,split-2,2023-09-27,82,11,11.918281555175781,15.134054183959961,16
chronos/raw,raw,chronos-bolt-small,chronos,split-2,2023-09-28,11,11,12.980871200561523,15.948627471923828,16
chronos/raw,raw,chronos-bolt-small,chronos,split-2,2023-09-28,12,4,9.7000322341918945,12.884057998657227,13
chronos/raw,raw,chronos-bolt-small,chronos,split-2,2023-09-28,13,14,17.084095001220703,21.671531677246094,22
chronos/raw,raw,chronos-bolt-small,chronos,split-2,2023-09-28,21,10,21.018232345581055,26.302833557128906,27
chronos/raw,raw,chronos-bolt-small,chronos,split-2,2023-09-28,35,23,28.106616973876953,34.940258026123047,35
chronos/raw,raw,chronos-bolt-small,chronos,split-2,2023-09-28,82,7,11.48243522644043,14.490546226501465,15
chronos/raw,raw,chronos-bolt-small,chronos,split-2,2023-09-29,11,12,12.864116668701172,15.830575942993164,16
chronos/raw,raw,chronos-bolt-small,chronos,split-2,2023-09-29,12,6,8.526371955871582,11.60279369354248,12
chronos/raw,raw,chronos-bolt-small,chronos,split-2,2023-09-29,13,14,16.946052551269531,21.443828582763672,22
chronos/raw,raw,chronos-bolt-small,chronos,split-2,2023-09-29,21,12,18.979839324951172,24.728687286376953,25
chronos/raw,raw,chronos-bolt-small,chronos,split-2,2023-09-29,35,28,27.094516754150391,33.269084930419922,34
chronos/raw,raw,chronos-bolt-small,chronos,split-2,2023-09-29,82,11,9.7886257171630859,12.834808349609375,13
chronos/raw,raw,chronos-bolt-small,chronos,split-2,2023-09-30,11,18,13.076530456542969,16.029655456542969,17
chronos/raw,raw,chronos-bolt-small,chronos,split-2,2023-09-30,12,9,8.753972053527832,11.955072402954102,12
chronos/raw,raw,chronos-bolt-small,chronos,split-2,2023-09-30,13,21,18.015396118164062,23.222755432128906,24
chronos/raw,raw,chronos-bolt-small,chronos,split-2,2023-09-30,21,17,18.857841491699219,24.942888259887695,25
chronos/raw,raw,chronos-bolt-small,chronos,split-2,2023-09-30,35,36,29.487461090087891,36.038955688476562,37
chronos/raw,raw,chronos-bolt-small,chronos,split-2,2023-09-30,82,20,11.29005241394043,14.584287643432617,15
chronos/raw,raw,chronos-bolt-small,chronos,split-2,2023-10-01,11,32,15.956093788146973,19.899745941162109,20
chronos/raw,raw,chronos-bolt-small,chronos,split-2,2023-10-01,12,14,10.189231872558594,13.529844284057617,14
chronos/raw,raw,chronos-bolt-small,chronos,split-2,2023-10-01,13,24,21.188531875610352,27.381885528564453,28
chronos/raw,raw,chronos-bolt-small,chronos,split-2,2023-10-01,21,35,20.918972015380859,27.473484039306641,28
chronos/raw,raw,chronos-bolt-small,chronos,split-2,2023-10-01,35,48,33.273185729980469,40.698310852050781,41
chronos/raw,raw,chronos-bolt-small,chronos,split-2,2023-10-01,82,32,15.622316360473633,20.227188110351562,21
chronos/raw,raw,chronos-bolt-small,chronos,split-2,2023-10-02,11,31,22.293724060058594,28.433895111083984,29
chronos/raw,raw,chronos-bolt-small,chronos,split-2,2023-10-02,12,19,13.050862312316895,16.830196380615234,17
chronos/raw,raw,chronos-bolt-small,chronos,split-2,2023-10-02,13,53,23.057807922363281,28.985595703125,29
chronos/raw,raw,chronos-bolt-small,chronos,split-2,2023-10-02,21,43,27.052469253540039,34.456916809082031,35
chronos/raw,raw,chronos-bolt-small,chronos,split-2,2023-10-02,35,64,39.695075988769531,48.425422668457031,49
chronos/raw,raw,chronos-bolt-small,chronos,split-2,2023-10-02,82,32,21.103876113891602,27.571075439453125,28
chronos/raw,raw,chronos-bolt-small,chronos,split-2,2023-10-03,11,11,22.120185852050781,28.008815765380859,29
chronos/raw,raw,chronos-bolt-small,chronos,split-2,2023-10-03,12,9,13.129321098327637,16.917713165283203,17
chronos/raw,raw,chronos-bolt-small,chronos,split-2,2023-10-03,13,13,28.531274795532227,36.637351989746094,37
chronos/raw,raw,chronos-bolt-small,chronos,split-2,2023-10-03,21,40,28.620426177978516,35.823162078857422,36
chronos/raw,raw,chronos-bolt-small,chronos,split-2,2023-10-03,35,38,42.189754486083984,52.933361053466797,53
chronos/raw,raw,chronos-bolt-small,chronos,split-2,2023-10-03,82,29,24.080650329589844,30.657436370849609,31
chronos/raw,raw,chronos-bolt-small,chronos,split-2,2023-10-04,11,17,13.873329162597656,17.658769607543945,18
chronos/raw,raw,chronos-bolt-small,chronos,split-2,2023-10-04,12,11,10.448863983154297,13.463787078857422,14
chronos/raw,raw,chronos-bolt-small,chronos,split-2,2023-10-04,13,27,18.764564514160156,24.239303588867188,25
chronos/raw,raw,chronos-bolt-small,chronos,split-2,2023-10-04,21,27,28.731565475463867,35.906379699707031,36
chronos/raw,raw,chronos-bolt-small,chronos,split-2,2023-10-04,35,38,35.072288513183594,42.841876983642578,43
chronos/raw,raw,chronos-bolt-small,chronos,split-2,2023-10-04,82,25,25.347955703735352,31.19279670715332,32
chronos/raw,raw,chronos-bolt-small,chronos,split-2,2023-10-05,11,11,16.040695190429688,20.193508148193359,21
chronos/raw,raw,chronos-bolt-small,chronos,split-2,2023-10-05,12,14,11.516319274902344,14.717239379882812,15
chronos/raw,raw,chronos-bolt-small,chronos,split-2,2023-10-05,13,25,20.844564437866211,27.247543334960938,28
chronos/raw,raw,chronos-bolt-small,chronos,split-2,2023-10-05,21,29,26.026445388793945,32.410560607910156,33
chronos/raw,raw,chronos-bolt-small,chronos,split-2,2023-10-05,35,47,37.544319152832031,45.458206176757812,46
chronos/raw,raw,chronos-bolt-small,chronos,split-2,2023-10-05,82,23,23.416225433349609,28.317403793334961,29
chronos/raw,raw,chronos-bolt-small,chronos,split-2,2023-10-06,11,32,13.674118041992188,17.455013275146484,18
chronos/raw,raw,chronos-bolt-small,chronos,split-2,2023-10-06,12,12,12.535818099975586,15.962714195251465,16
chronos/raw,raw,chronos-bolt-small,chronos,split-2,2023-10-06,13,37,22.544214248657227,28.590259552001953,29
chronos/raw,raw,chronos-bolt-small,chronos,split-2,2023-10-06,21,43,27.744228363037109,34.584407806396484,35
chronos/raw,raw,chronos-bolt-small,chronos,split-2,2023-10-06,35,50,41.078105926513672,49.713043212890625,50
chronos/raw,raw,chronos-bolt-small,chronos,split-2,2023-10-06,82,23,23.113105773925781,27.26414680480957,28
chronos/raw,raw,chronos-bolt-small,chronos,split-2,2023-10-07,11,13,17.857645034790039,23.243919372558594,24
chronos/raw,raw,chronos-bolt-small,chronos,split-2,2023-10-07,12,7,11.904719352722168,14.903329849243164,15
chronos/raw,raw,chronos-bolt-small,chronos,split-2,2023-10-07,13,30,24.949989318847656,31.861597061157227,32
chronos/raw,raw,chronos-bolt-small,chronos,split-2,2023-10-07,21,9,32.307243347167969,40.717082977294922,41
chronos/raw,raw,chronos-bolt-small,chronos,split-2,2023-10-07,35,41,43.442005157470703,51.980323791503906,52
chronos/raw,raw,chronos-bolt-small,chronos,split-2,2023-10-07,82,21,23.642795562744141,27.709186553955078,28
chronos/raw,raw,chronos-bolt-small,chronos,split-2,2023-10-08,11,20,16.440135955810547,21.195194244384766,22
chronos/raw,raw,chronos-bolt-small,chronos,split-2,2023-10-08,12,10,11.725784301757812,15.114797592163086,16
chronos/raw,raw,chronos-bolt-small,chronos,split-2,2023-10-08,13,24,30.107734680175781,37.860431671142578,38
chronos/raw,raw,chronos-bolt-small,chronos,split-2,2023-10-08,21,34,26.472932815551758,35.061069488525391,36
chronos/raw,raw,chronos-bolt-small,chronos,split-2,2023-10-08,35,37,43.246974945068359,51.226528167724609,52
chronos/raw,raw,chronos-bolt-small,chronos,split-2,2023-10-08,82,24,22.307117462158203,26.232139587402344,27
chronos/raw,raw,chronos-bolt-small,chronos,split-2,2023-10-09,11,23,18.36012077331543,23.443780899047852,24
chronos/raw,raw,chronos-bolt-small,chronos,split-2,2023-10-09,12,15,12.466457366943359,15.846654891967773,16
chronos/raw,raw,chronos-bolt-small,chronos,split-2,2023-10-09,13,35,25.789751052856445,32.669765472412109,33
chronos/raw,raw,chronos-bolt-small,chronos,split-2,2023-10-09,21,38,32.874549865722656,42.083992004394531,43
chronos/raw,raw,chronos-bolt-small,chronos,split-2,2023-10-09,35,44,41.116893768310547,48.329971313476562,49
chronos/raw,raw,chronos-bolt-small,chronos,split-2,2023-10-09,82,25,24.777788162231445,29.119331359863281,30
chronos/raw,raw,chronos-bolt-small,chronos,split-2,2023-10-10,11,26,19.188621520996094,24.135297775268555,25
chronos/raw,raw,chronos-bolt-small,chronos,split-2,2023-10-10,12,12,13.308298110961914,17.02351188659668,18
chronos/raw,raw,chronos-bolt-small,chronos,split-2,2023-10-10,13,21,28.881174087524414,36.414180755615234,37
chronos/raw,raw,chronos-bolt-small,chronos,split-2,2023-10-10,21,28,32.272346496582031,40.578079223632812,41
chronos/raw,raw,chronos-bolt-small,chronos,split-2,2023-10-10,35,36,41.917964935302734,49.075721740722656,50
chronos/raw,raw,chronos-bolt-small,chronos,split-2,2023-10-10,82,18,25.140628814697266,29.35804557800293,30
chronos/raw,raw,chronos-bolt-small,chronos,split-2,2023-10-11,11,13,19.23505973815918,23.818603515625,24
chronos/raw,raw,chronos-bolt-small,chronos,split-2,2023-10-11,12,15,11.646591186523438,14.692201614379883,15
chronos/raw,raw,chronos-bolt-small,chronos,split-2,2023-10-11,13,21,23.502128601074219,29.580358505249023,30
chronos/raw,raw,chronos-bolt-small,chronos,split-2,2023-10-11,21,28,28.410287857055664,35.876510620117188,36
chronos/raw,raw,chronos-bolt-small,chronos,split-2,2023-10-11,35,30,36.949935913085938,43.49212646484375,44
chronos/raw,raw,chronos-bolt-small,chronos,split-2,2023-10-11,82,16,19.770597457885742,23.701786041259766,24
chronos/raw,raw,chronos-bolt-small,chronos,split-2,2023-10-12,11,15,16.056240081787109,20.022134780883789,21
chronos/raw,raw,chronos-bolt-small,chronos,split-2,2023-10-12,12,12,13.28339958190918,16.669197082519531,17
chronos/raw,raw,chronos-bolt-small,chronos,split-2,2023-10-12,13,17,23.136159896850586,28.885112762451172,29
chronos/raw,raw,chronos-bolt-small,chronos,split-2,2023-10-12,21,16,26.679790496826172,33.391220092773438,34
chronos/raw,raw,chronos-bolt-small,chronos,split-2,2023-10-12,35,28,35.049053192138672,41.584945678710938,42
chronos/raw,raw,chronos-bolt-small,chronos,split-2,2023-10-12,82,21,19.183500289916992,23.5618896484375,24
chronos/raw,raw,chronos-bolt-small,chronos,split-2,2023-10-13,11,13,17.442611694335938,21.563390731811523,22
chronos/raw,raw,chronos-bolt-small,chronos,split-2,2023-10-13,12,14,12.281883239746094,15.408697128295898,16
chronos/raw,raw,chronos-bolt-small,chronos,split-2,2023-10-13,13,23,21.023731231689453,26.347171783447266,27
chronos/raw,raw,chronos-bolt-small,chronos,split-2,2023-10-13,21,28,24.258563995361328,31.210304260253906,32
chronos/raw,raw,chronos-bolt-small,chronos,split-2,2023-10-13,35,37,32.985836029052734,39.390838623046875,40
chronos/raw,raw,chronos-bolt-small,chronos,split-2,2023-10-13,82,25,22.741294860839844,27.915565490722656,28
chronos/raw,raw,chronos-bolt-small,chronos,split-2,2023-10-14,11,6,15.739402770996094,19.50633430480957,20
chronos/raw,raw,chronos-bolt-small,chronos,split-2,2023-10-14,12,2,13.776362419128418,17.1715087890625,18
chronos/raw,raw,chronos-bolt-small,chronos,split-2,2023-10-14,13,16,24.585929870605469,30.797372817993164,31
chronos/raw,raw,chronos-bolt-small,chronos,split-2,2023-10-14,21,14,28.897680282592773,36.620155334472656,37
chronos/raw,raw,chronos-bolt-small,chronos,split-2,2023-10-14,35,26,36.912303924560547,44.478317260742188,45
chronos/raw,raw,chronos-bolt-small,chronos,split-2,2023-10-14,82,23,25.395772933959961,30.756114959716797,31
chronos/raw,raw,chronos-bolt-small,chronos,split-2,2023-10-15,11,19,12.104288101196289,15.907382011413574,16
chronos/raw,raw,chronos-bolt-small,chronos,split-2,2023-10-15,12,9,9.5567569732666016,13.28240966796875,14
chronos/raw,raw,chronos-bolt-small,chronos,split-2,2023-10-15,13,12,21.61479377746582,27.292503356933594,28
chronos/raw,raw,chronos-bolt-small,chronos,split-2,2023-10-15,21,31,25.406654357910156,33.361724853515625,34
chronos/raw,raw,chronos-bolt-small,chronos,split-2,2023-10-15,35,27,31.775238037109375,38.419761657714844,39
chronos/raw,raw,chronos-bolt-small,chronos,split-2,2023-10-15,82,16,23.615673065185547,28.52691650390625,29
chronos/raw,raw,chronos-bolt-small,chronos,split-2,2023-10-16,11,33,15.628573417663574,19.894723892211914,20
chronos/raw,raw,chronos-bolt-small,chronos,split-2,2023-10-16,12,14,11.805746078491211,15.579235076904297,16
chronos/raw,raw,chronos-bolt-small,chronos,split-2,2023-10-16,13,29,18.623508453369141,24.137859344482422,25
chronos/raw,raw,chronos-bolt-small,chronos,split-2,2023-10-16,21,29,29.532922744750977,37.189216613769531,38
chronos/raw,raw,chronos-bolt-small,chronos,split-2,2023-10-16,35,48,30.855422973632812,36.823013305664062,37
chronos/raw,raw,chronos-bolt-small,chronos,split-2,2023-10-16,82,24,18.876850128173828,23.411754608154297,24
chronos/raw,raw,chronos-bolt-small,chronos,split-2,2023-10-17,11,11,20.872529983520508,26.741008758544922,27
chronos/raw,raw,chronos-bolt-small,chronos,split-2,2023-10-17,12,14,11.780600547790527,15.195804595947266,16
chronos/raw,raw,chronos-bolt-small,chronos,split-2,2023-10-17,13,23,21.312812805175781,27.340452194213867,28
chronos/raw,raw,chronos-bolt-small,chronos,split-2,2023-10-17,21,26,27.359676361083984,34.342613220214844,35
chronos/raw,raw,chronos-bolt-small,chronos,split-2,2023-10-17,35,30,34.924800872802734,42.248664855957031,43
chronos/raw,raw,chronos-bolt-small,chronos,split-2,2023-10-17,82,21,22.611345291137695,27.250373840332031,28
chronos/raw,raw,chronos-bolt-small,chronos,split-2,2023-10-18,11,20,14.171876907348633,17.910030364990234,18
chronos/raw,raw,chronos-bolt-small,chronos,split-2,2023-10-18,12,10,12.013384819030762,15.096960067749023,16
chronos/raw,raw,chronos-bolt-small,chronos,split-2,2023-10-18,13,21,21.119386672973633,26.627403259277344,27
chronos/raw,raw,chronos-bolt-small,chronos,split-2,2023-10-18,21,25,26.010770797729492,32.562122344970703,33
chronos/raw,raw,chronos-bolt-small,chronos,split-2,2023-10-18,35,33,31.353801727294922,37.950962066650391,38
chronos/raw,raw,chronos-bolt-small,chronos,split-2,2023-10-18,82,26,20.398469924926758,24.428546905517578,25
chronos/raw,raw,chronos-bolt-small,chronos,split-2,2023-10-19,11,13,16.350006103515625,20.863021850585938,21
chronos/raw,raw,chronos-bolt-small,chronos,split-2,2023-10-19,12,14,10.817203521728516,13.547189712524414,14
chronos/raw,raw,chronos-bolt-small,chronos,split-2,2023-10-19,13,30,20.941680908203125,26.589206695556641,27
chronos/raw,raw,chronos-bolt-small,chronos,split-2,2023-10-19,21,27,25.593894958496094,31.679344177246094,32
chronos/raw,raw,chronos-bolt-small,chronos,split-2,2023-10-19,35,32,31.893159866333008,38.002517700195312,39
chronos/raw,raw,chronos-bolt-small,chronos,split-2,2023-10-19,82,23,24.354705810546875,29.088380813598633,30
chronos/raw,raw,chronos-bolt-small,chronos,split-2,2023-10-20,11,15,15.435795783996582,19.350902557373047,20
chronos/raw,raw,chronos-bolt-small,chronos,split-2,2023-10-20,12,7,11.745823860168457,14.567390441894531,15
chronos/raw,raw,chronos-bolt-small,chronos,split-2,2023-10-20,13,20,24.390445709228516,30.615243911743164,31
chronos/raw,raw,chronos-bolt-small,chronos,split-2,2023-10-20,21,26,25.216049194335938,31.040346145629883,32
chronos/raw,raw,chronos-bolt-small,chronos,split-2,2023-10-20,35,28,31.308698654174805,37.433456420898438,38
chronos/raw,raw,chronos-bolt-small,chronos,split-2,2023-10-20,82,22,23.103652954101562,27.767940521240234,28
chronos/raw,raw,chronos-bolt-small,chronos,split-2,2023-10-21,11,12,15.868034362792969,19.891342163085938,20
chronos/raw,raw,chronos-bolt-small,chronos,split-2,2023-10-21,12,9,9.9617166519165039,12.561129570007324,13
chronos/raw,raw,chronos-bolt-small,chronos,split-2,2023-10-21,13,18,21.640745162963867,27.005489349365234,28
chronos/raw,raw,chronos-bolt-small,chronos,split-2,2023-10-21,21,14,25.498727798461914,31.597524642944336,32
chronos/raw,raw,chronos-bolt-small,chronos,split-2,2023-10-21,35,33,30.317394256591797,35.819423675537109,36
chronos/raw,raw,chronos-bolt-small,chronos,split-2,2023-10-21,82,20,22.532142639160156,27.128337860107422,28
chronos/raw,raw,chronos-bolt-small,chronos,split-2,2023-10-22,11,23,14.287474632263184,17.906656265258789,18
chronos/raw,raw,chronos-bolt-small,chronos,split-2,2023-10-22,12,4,10.364590644836426,12.925937652587891,13
chronos/raw,raw,chronos-bolt-small,chronos,split-2,2023-10-22,13,26,21.098129272460938,26.400470733642578,27
chronos/raw,raw,chronos-bolt-small,chronos,split-2,2023-10-22,21,31,21.744539260864258,27.806331634521484,28
chronos/raw,raw,chronos-bolt-small,chronos,split-2,2023-10-22,35,32,32.2415771484375,38.015949249267578,39
chronos/raw,raw,chronos-bolt-small,chronos,split-2,2023-10-22,82,22,22.137668609619141,26.728046417236328,27
chronos/raw,raw,chronos-bolt-small,chronos,split-2,2023-10-23,11,33,19.028509140014648,24.425918579101562,25
chronos/raw,raw,chronos-bolt-small,chronos,split-2,2023-10-23,12,15,8.5386266708374023,11.233016967773438,12
chronos/raw,raw,chronos-bolt-small,chronos,split-2,2023-10-23,13,38,24.069696426391602,30.230676651000977,31
chronos/raw,raw,chronos-bolt-small,chronos,split-2,2023-10-23,21,30,27.762300491333008,34.851997375488281,35
chronos/raw,raw,chronos-bolt-small,chronos,split-2,2023-10-23,35,46,31.815837860107422,37.252052307128906,38
chronos/raw,raw,chronos-bolt-small,chronos,split-2,2023-10-23,82,27,23.693449020385742,28.38604736328125,29
chronos/raw,raw,chronos-bolt-small,chronos,split-2,2023-10-24,11,15,21.742294311523438,28.141132354736328,29
chronos/raw,raw,chronos-bolt-small,chronos,split-2,2023-10-24,12,15,11.733880043029785,15.018484115600586,16
chronos/raw,raw,chronos-bolt-small,chronos,split-2,2023-10-24,13,24,28.251731872558594,35.914939880371094,36
chronos/raw,raw,chronos-bolt-small,chronos,split-2,2023-10-24,21,34,26.377031326293945,32.755954742431641,33
chronos/raw,raw,chronos-bolt-small,chronos,split-2,2023-10-24,35,37,34.403446197509766,41.746696472167969,42
chronos/raw,raw,chronos-bolt-small,chronos,split-2,2023-10-24,82,25,25.306198120117188,30.236368179321289,31
chronos/raw,raw,chronos-bolt-small,chronos,split-2,2023-10-25,11,19,17.04583740234375,21.608806610107422,22
chronos/raw,raw,chronos-bolt-small,chronos,split-2,2023-10-25,12,13,11.292734146118164,14.285837173461914,15
chronos/raw,raw,chronos-bolt-small,chronos,split-2,2023-10-25,13,25,21.491216659545898,27.394655227661133,28
chronos/raw,raw,chronos-bolt-small,chronos,split-2,2023-10-25,21,35,25.661775588989258,32.359992980957031,33
chronos/raw,raw,chronos-bolt-small,chronos,split-2,2023-10-25,35,35,32.928382873535156,39.174362182617188,40
chronos/raw,raw,chronos-bolt-small,chronos,split-2,2023-10-25,82,25,25.053768157958984,29.514827728271484,30
chronos/raw,raw,chronos-bolt-small,chronos,split-2,2023-10-26,11,17,18.287439346313477,23.210029602050781,24
chronos/raw,raw,chronos-bolt-small,chronos,split-2,2023-10-26,12,11,11.402887344360352,14.576683044433594,15
chronos/raw,raw,chronos-bolt-small,chronos,split-2,2023-10-26,13,22,22.762426376342773,28.691545486450195,29
chronos/raw,raw,chronos-bolt-small,chronos,split-2,2023-10-26,21,27,25.026330947875977,31.576114654541016,32
chronos/raw,raw,chronos-bolt-small,chronos,split-2,2023-10-26,35,36,33.834281921386719,40.414268493652344,41
chronos/raw,raw,chronos-bolt-small,chronos,split-2,2023-10-26,82,23,26.263998031616211,30.652549743652344,31
chronos/raw,raw,chronos-bolt-small,chronos,split-2,2023-10-27,11,16,16.260709762573242,20.174749374389648,21
chronos/raw,raw,chronos-bolt-small,chronos,split-2,2023-10-27,12,11,10.051925659179688,12.797090530395508,13
chronos/raw,raw,chronos-bolt-small,chronos,split-2,2023-10-27,13,31,21.218666076660156,25.891838073730469,26
chronos/raw,raw,chronos-bolt-small,chronos,split-2,2023-10-27,21,23,23.187664031982422,28.442619323730469,29
chronos/raw,raw,chronos-bolt-small,chronos,split-2,2023-10-27,35,44,33.297077178955078,39.188671112060547,40
chronos/raw,raw,chronos-bolt-small,chronos,split-2,2023-10-27,82,23,23.24513053894043,26.737422943115234,27
chronos/raw,raw,chronos-bolt-small,chronos,split-2,2023-10-28,11,19,15.832414627075195,20.056560516357422,21
chronos/raw,raw,chronos-bolt-small,chronos,split-2,2023-10-28,12,8,9.7900962829589844,12.369989395141602,13
chronos/raw,raw,chronos-bolt-small,chronos,split-2,2023-10-28,13,22,24.001317977905273,29.859512329101562,30
chronos/raw,raw,chronos-bolt-small,chronos,split-2,2023-10-28,21,12,22.647266387939453,27.852777481079102,28
chronos/raw,raw,chronos-bolt-small,chronos,split-2,2023-10-28,35,29,36.548965454101562,42.930755615234375,43
chronos/raw,raw,chronos-bolt-small,chronos,split-2,2023-10-28,82,22,23.741794586181641,27.157520294189453,28
chronos/raw,raw,chronos-bolt-small,chronos,split-2,2023-10-29,11,14,17.886367797851562,23.172710418701172,24
chronos/raw,raw,chronos-bolt-small,chronos,split-2,2023-10-29,12,9,9.5312814712524414,12.246675491333008,13
chronos/raw,raw,chronos-bolt-small,chronos,split-2,2023-10-29,13,16,22.905551910400391,28.637546539306641,29
chronos/raw,raw,chronos-bolt-small,chronos,split-2,2023-10-29,21,8,19.895435333251953,24.974239349365234,25
chronos/raw,raw,chronos-bolt-small,chronos,split-2,2023-10-29,35,21,33.104469299316406,39.158958435058594,40
chronos/raw,raw,chronos-bolt-small,chronos,split-2,2023-10-29,82,19,23.25048828125,26.535266876220703,27
chronos/raw,raw,chronos-bolt-small,chronos,split-2,2023-10-30,11,11,15.191371917724609,19.581270217895508,20
chronos/raw,raw,chronos-bolt-small,chronos,split-2,2023-10-30,12,12,9.9915313720703125,12.886569023132324,13
chronos/raw,raw,chronos-bolt-small,chronos,split-2,2023-10-30,13,24,20.000690460205078,25.458957672119141,26
chronos/raw,raw,chronos-bolt-small,chronos,split-2,2023-10-30,21,31,16.745555877685547,21.269489288330078,22
chronos/raw,raw,chronos-bolt-small,chronos,split-2,2023-10-30,35,33,27.642196655273438,33.419948577880859,34
chronos/raw,raw,chronos-bolt-small,chronos,split-2,2023-10-30,82,24,20.734952926635742,23.837188720703125,24
chronos/raw,raw,chronos-bolt-small,chronos,split-2,2023-10-31,11,12,12.674284934997559,16.91131591796875,17
chronos/raw,raw,chronos-bolt-small,chronos,split-2,2023-10-31,12,8,9.8407678604125977,12.855362892150879,13
chronos/raw,raw,chronos-bolt-small,chronos,split-2,2023-10-31,13,11,19.998285293579102,25.701427459716797,26
chronos/raw,raw,chronos-bolt-small,chronos,split-2,2023-10-31,21,15,19.185661315917969,25.189529418945312,26
chronos/raw,raw,chronos-bolt-small,chronos,split-2,2023-10-31,35,25,29.668972015380859,35.780078887939453,36
chronos/raw,raw,chronos-bolt-small,chronos,split-2,2023-10-31,82,16,22.700176239013672,26.528112411499023,27
chronos/daily56,daily56,chronos-bolt-small,chronos,split-2,2023-09-01,11,35,27.707533836364746,34.879039764404297,35
chronos/daily56,daily56,chronos-bolt-small,chronos,split-2,2023-09-01,12,11,11.826623439788818,15.106989860534668,16
chronos/daily56,daily56,chronos-bolt-small,chronos,split-2,2023-09-01,13,31,32.150470733642578,39.35738468170166,40
chronos/daily56,daily56,chronos-bolt-small,chronos,split-2,2023-09-01,21,39,33.317325592041016,42.432524681091309,43
chronos/daily56,daily56,chronos-bolt-small,chronos,split-2,2023-09-01,35,57,48.396549224853516,59.605613708496094,60
chronos/daily56,daily56,chronos-bolt-small,chronos,split-2,2023-09-01,82,55,34.255796432495117,39.554437637329102,40
chronos/daily56,daily56,chronos-bolt-small,chronos,split-2,2023-09-02,11,17,31.002236366271973,39.002724647521973,40
chronos/daily56,daily56,chronos-bolt-small,chronos,split-2,2023-09-02,12,8,12.030237674713135,15.349984169006348,16
chronos/daily56,daily56,chronos-bolt-small,chronos,split-2,2023-09-02,13,22,35.427682876586914,43.50142765045166,44
chronos/daily56,daily56,chronos-bolt-small,chronos,split-2,2023-09-02,21,29,37.645805358886719,46.983206748962402,47
chronos/daily56,daily56,chronos-bolt-small,chronos,split-2,2023-09-02,35,47,55.806884765625,66.820499420166016,67
chronos/daily56,daily56,chronos-bolt-small,chronos,split-2,2023-09-02,82,30,42.254125595092773,49.882365226745605,50
chronos/daily56,daily56,chronos-bolt-small,chronos,split-2,2023-09-03,11,5,25.189337730407715,32.628966331481934,33
chronos/daily56,daily56,chronos-bolt-small,chronos,split-2,2023-09-03,12,7,12.244504451751709,15.689787864685059,16
chronos/daily56,daily56,chronos-bolt-small,chronos,split-2,2023-09-03,13,19,33.620561599731445,41.99150562286377,42
chronos/daily56,daily56,chronos-bolt-small,chronos,split-2,2023-09-03,21,16,37.010818481445312,46.551540374755859,47
chronos/daily56,daily56,chronos-bolt-small,chronos,split-2,2023-09-03,35,32,55.872203826904297,67.8353271484375,68
chronos/daily56,daily56,chronos-bolt-small,chronos,split-2,2023-09-03,82,14,36.070752143859863,42.298357009887695,43
chronos/daily56,daily56,chronos-bolt-small,chronos,split-2,2023-09-04,11,60,15.385966300964355,21.220452308654785,22
chronos/daily56,daily56,chronos-bolt-small,chronos,split-2,2023-09-04,12,29,12.579121112823486,15.808886528015137,16
chronos/daily56,daily56,chronos-bolt-small,chronos,split-2,2023-09-04,13,54,30.217755317687988,36.364333152770996,37
chronos/daily56,daily56,chronos-bolt-small,chronos,split-2,2023-09-04,21,63,28.494655609130859,36.678939819335938,37
chronos/daily56,daily56,chronos-bolt-small,chronos,split-2,2023-09-04,35,82,45.685073852539062,56.502780914306641,57
chronos/daily56,daily56,chronos-bolt-small,chronos,split-2,2023-09-04,82,46,21.320323944091797,27.834314346313477,28
chronos/daily56,daily56,chronos-bolt-small,chronos,split-2,2023-09-05,11,30,27.53760814666748,36.590615272521973,37
chronos/daily56,daily56,chronos-bolt-small,chronos,split-2,2023-09-05,12,15,15.965798854827881,20.637115478515625,21
chronos/daily56,daily56,chronos-bolt-small,chronos,split-2,2023-09-05,13,28,36.942543983459473,45.578499794006348,46
chronos/daily56,daily56,chronos-bolt-small,chronos,split-2,2023-09-05,21,31,37.688350677490234,49.053989410400391,50
chronos/daily56,daily56,chronos-bolt-small,chronos,split-2,2023-09-05,35,45,57.345451354980469,71.413936614990234,72
chronos/daily56,daily56,chronos-bolt-small,chronos,split-2,2023-09-05,82,30,33.100688934326172,39.933599472045898,40
chronos/daily56,daily56,chronos-bolt-small,chronos,split-2,2023-09-06,11,17,23.090458869934082,29.665522575378418,30
chronos/daily56,daily56,chronos-bolt-small,chronos,split-2,2023-09-06,12,8,12.54195499420166,16.155609130859375,17
chronos/daily56,daily56,chronos-bolt-small,chronos,split-2,2023-09-06,13,19,27.375984191894531,33.823975563049316,34
chronos/daily56,daily56,chronos-bolt-small,chronos,split-2,2023-09-06,21,22,29.159627914428711,38.245334625244141,39
chronos/daily56,daily56,chronos-bolt-small,chronos,split-2,2023-09-06,35,44,46.209850311279297,57.51301383972168,58
chronos/daily56,daily56,chronos-bolt-small,chronos,split-2,2023-09-06,82,20,28.698806762695312,34.487787246704102,35
chronos/daily56,daily56,chronos-bolt-small,chronos,split-2,2023-09-07,11,25,19.991364479064941,25.68765926361084,26
chronos/daily56,daily56,chronos-bolt-small,chronos,split-2,2023-09-07,12,15,10.398042678833008,13.77740478515625,14
chronos/daily56,daily56,chronos-bolt-small,chronos,split-2,2023-09-07,13,20,23.475019454956055,29.155516624450684,30
chronos/daily56,daily56,chronos-bolt-small,chronos,split-2,2023-09-07,21,30,24.646198272705078,32.880302429199219,33
chronos/daily56,daily56,chronos-bolt-small,chronos,split-2,2023-09-07,35,31,45.560482025146484,56.434019088745117,57
chronos/daily56,daily56,chronos-bolt-small,chronos,split-2,2023-09-07,82,25,23.855329513549805,29.20018196105957,30
chronos/daily56,daily56,chronos-bolt-small,chronos,split-2,2023-09-08,11,24,22.030266761779785,27.006618499755859,28
chronos/daily56,daily56,chronos-bolt-small,chronos,split-2,2023-09-08,12,11,11.983912467956543,15.641643524169922,16
chronos/daily56,daily56,chronos-bolt-small,chronos,split-2,2023-09-08,13,22,22.044622421264648,28.256537437438965,29
chronos/daily56,daily56,chronos-bolt-small,chronos,split-2,2023-09-08,21,45,25.004997253417969,33.073285102844238,34
chronos/daily56,daily56,chronos-bolt-small,chronos,split-2,2023-09-08,35,45,39.702655792236328,49.019014358520508,50
chronos/daily56,daily56,chronos-bolt-small,chronos,split-2,2023-09-08,82,24,23.769548416137695,28.792818069458008,29
chronos/daily56,daily56,chronos-bolt-small,chronos,split-2,2023-09-09,11,40,22.88060474395752,27.814865112304688,28
chronos/daily56,daily56,chronos-bolt-small,chronos,split-2,2023-09-09,12,9,11.011778831481934,14.677337646484375,15
chronos/daily56,daily56,chronos-bolt-small,chronos,split-2,2023-09-09,13,15,23.686033248901367,30.010952949523926,31
chronos/daily56,daily56,chronos-bolt-small,chronos,split-2,2023-09-09,21,19,30.210380554199219,39.708778381347656,40
chronos/daily56,daily56,chronos-bolt-small,chronos,split-2,2023-09-09,35,32,42.599681854248047,51.385907173156738,52
chronos/daily56,daily56,chronos-bolt-small,chronos,split-2,2023-09-09,82,20,24.129605293273926,28.72178840637207,29
chronos/daily56,daily56,chronos-bolt-small,chronos,split-2,2023-09-10,11,15,31.52931022644043,39.413527488708496,40
chronos/daily56,daily56,chronos-bolt-small,chronos,split-2,2023-09-10,12,6,11.744345188140869,15.890948295593262,16
chronos/daily56,daily56,chronos-bolt-small,chronos,split-2,2023-09-10,13,27,23.351079940795898,29.385788917541504,30
chronos/daily56,daily56,chronos-bolt-small,chronos,split-2,2023-09-10,21,30,28.686767578125,37.563705444335938,38
chronos/daily56,daily56,chronos-bolt-small,chronos,split-2,2023-09-10,35,29,39.94171142578125,48.187111854553223,49
chronos/daily56,daily56,chronos-bolt-small,chronos,split-2,2023-09-10,82,18,22.833671569824219,27.888776779174805,28
chronos/daily56,daily56,chronos-bolt-small,chronos,split-2,2023-09-11,11,14,22.771849632263184,28.26506519317627,29
chronos/daily56,daily56,chronos-bolt-small,chronos,split-2,2023-09-11,12,13,10.560886859893799,14.486385345458984,15
chronos/daily56,daily56,chronos-bolt-small,chronos,split-2,2023-09-11,13,18,27.049010276794434,32.85181713104248,33
chronos/daily56,daily56,chronos-bolt-small,chronos,split-2,2023-09-11,21,23,31.139453887939453,39.989879608154297,40
chronos/daily56,daily56,chronos-bolt-small,chronos,split-2,2023-09-11,35,25,36.754356384277344,44.811005592346191,45
chronos/daily56,daily56,chronos-bolt-small,chronos,split-2,2023-09-11,82,8,18.99201774597168,21.61708927154541,22
chronos/daily56,daily56,chronos-bolt-small,chronos,split-2,2023-09-12,11,13,19.389704704284668,23.845122337341309,24
chronos/daily56,daily56,chronos-bolt-small,chronos,split-2,2023-09-12,12,13,11.743834495544434,15.414216995239258,16
chronos/daily56,daily56,chronos-bolt-small,chronos,split-2,2023-09-12,13,13,21.410276412963867,25.699639320373535,26
chronos/daily56,daily56,chronos-bolt-small,chronos,split-2,2023-09-12,21,10,24.977458953857422,33.824828147888184,34
chronos/daily56,daily56,chronos-bolt-small,chronos,split-2,2023-09-12,35,28,30.472446441650391,38.206496238708496,39
chronos/daily56,daily56,chronos-bolt-small,chronos,split-2,2023-09-12,82,6,12.925277709960938,15.798127174377441,16
chronos/daily56,daily56,chronos-bolt-small,chronos,split-2,2023-09-13,11,34,16.576329231262207,20.22379207611084,21
chronos/daily56,daily56,chronos-bolt-small,chronos,split-2,2023-09-13,12,10,11.013451099395752,14.022188186645508,15
chronos/daily56,daily56,chronos-bolt-small,chronos,split-2,2023-09-13,13,45,17.768775939941406,21.514849662780762,22
chronos/daily56,daily56,chronos-bolt-small,chronos,split-2,2023-09-13,21,38,18.038637161254883,26.539860725402832,27
chronos/daily56,daily56,chronos-bolt-small,chronos,split-2,2023-09-13,35,65,28.835054397583008,35.964286804199219,36
chronos/daily56,daily56,chronos-bolt-small,chronos,split-2,2023-09-13,82,26,9.6744956970214844,12.141983985900879,13
chronos/daily56,daily56,chronos-bolt-small,chronos,split-2,2023-09-14,11,12,21.372159004211426,26.663107872009277,27
chronos/daily56,daily56,chronos-bolt-small,chronos,split-2,2023-09-14,12,14,10.335208892822266,13.20991063117981,14
chronos/daily56,daily56,chronos-bolt-small,chronos,split-2,2023-09-14,13,21,24.086023330688477,29.199034690856934,30
chronos/daily56,daily56,chronos-bolt-small,chronos,split-2,2023-09-14,21,20,22.772836685180664,32.204534530639648,33
chronos/daily56,daily56,chronos-bolt-small,chronos,split-2,2023-09-14,35,33,38.81434440612793,49.298831939697266,50
chronos/daily56,daily56,chronos-bolt-small,chronos,split-2,2023-09-14,82,13,16.739845275878906,22.319082260131836,23
chronos/daily56,daily56,chronos-bolt-small,chronos,split-2,2023-09-15,11,11,18.109281539916992,22.90134334564209,23
chronos/daily56,daily56,chronos-bolt-small,chronos,split-2,2023-09-15,12,16,11.285744190216064,14.602249145507812,15
chronos/daily56,daily56,chronos-bolt-small,chronos,split-2,2023-09-15,13,19,19.804884910583496,24.176416397094727,25
chronos/daily56,daily56,chronos-bolt-small,chronos,split-2,2023-09-15,21,14,20.195547103881836,29.173959732055664,30
chronos/daily56,daily56,chronos-bolt-small,chronos,split-2,2023-09-15,35,42,34.260446548461914,43.325651168823242,44
chronos/daily56,daily56,chronos-bolt-small,chronos,split-2,2023-09-15,82,11,13.776756286621094,18.410982131958008,19
chronos/daily56,daily56,chronos-bolt-small,chronos,split-2,2023-09-16,11,10,16.730339050292969,20.965195655822754,21
chronos/daily56,daily56,chronos-bolt-small,chronos,split-2,2023-09-16,12,9,13.25538444519043,16.852356910705566,17
chronos/daily56,daily56,chronos-bolt-small,chronos,split-2,2023-09-16,13,32,20.803448677062988,25.059389114379883,26
chronos/daily56,daily56,chronos-bolt-small,chronos,split-2,2023-09-16,21,28,19.209716796875,27.808124542236328,28
chronos/daily56,daily56,chronos-bolt-small,chronos,split-2,2023-09-16,35,34,38.287931442260742,47.157155990600586,48
chronos/daily56,daily56,chronos-bolt-small,chronos,split-2,2023-09-16,82,12,12.258393287658691,16.396486282348633,17
chronos/daily56,daily56,chronos-bolt-small,chronos,split-2,2023-09-17,11,12,15.194999694824219,19.396964073181152,20
chronos/daily56,daily56,chronos-bolt-small,chronos,split-2,2023-09-17,12,6,12.606659412384033,16.303293228149414,17
chronos/daily56,daily56,chronos-bolt-small,chronos,split-2,2023-09-17,13,17,28.455434799194336,34.827666282653809,35
chronos/daily56,daily56,chronos-bolt-small,chronos,split-2,2023-09-17,21,17,24.374719619750977,33.954596042633057,34
chronos/daily56,daily56,chronos-bolt-small,chronos,split-2,2023-09-17,35,33,36.222234725952148,45.017816543579102,46
chronos/daily56,daily56,chronos-bolt-small,chronos,split-2,2023-09-17,82,12,13.074933052062988,15.593894004821777,16
chronos/daily56,daily56,chronos-bolt-small,chronos,split-2,2023-09-18,11,10,14.59965705871582,18.32936954498291,19
chronos/daily56,daily56,chronos-bolt-small,chronos,split-2,2023-09-18,12,13,11.98596715927124,15.772625923156738,16
chronos/daily56,daily56,chronos-bolt-small,chronos,split-2,2023-09-18,13,19,25.277690887451172,30.280875205993652,31
chronos/daily56,daily56,chronos-bolt-small,chronos,split-2,2023-09-18,21,37,23.981508255004883,32.853151798248291,33
chronos/daily56,daily56,chronos-bolt-small,chronos,split-2,2023-09-18,35,46,35.357418060302734,44.234182357788086,45
chronos/daily56,daily56,chronos-bolt-small,chronos,split-2,2023-09-18,82,8,13.084372043609619,15.424588203430176,16
chronos/daily56,daily56,chronos-bolt-small,chronos,split-2,2023-09-19,11,11,11.777433395385742,14.741486549377441,15
chronos/daily56,daily56,chronos-bolt-small,chronos,split-2,2023-09-19,12,12,11.981211185455322,15.376973390579224,16
chronos/daily56,daily56,chronos-bolt-small,chronos,split-2,2023-09-19,13,15,21.357620239257812,25.382989883422852,26
chronos/daily56,daily56,chronos-bolt-small,chronos,split-2,2023-09-19,21,25,23.849750518798828,32.591639041900635,33
chronos/daily56,daily56,chronos-bolt-small,chronos,split-2,2023-09-19,35,31,36.631149291992188,46.014982223510742,47
chronos/daily56,daily56,chronos-bolt-small,chronos,split-2,2023-09-19,82,12,9.8630938529968262,10.642583847045898,11
chronos/daily56,daily56,chronos-bolt-small,chronos,split-2,2023-09-20,11,10,10.52316951751709,13.065398216247559,14
chronos/daily56,daily56,chronos-bolt-small,chronos,split-2,2023-09-20,12,11,11.04332160949707,13.981443881988525,14
chronos/daily56,daily56,chronos-bolt-small,chronos,split-2,2023-09-20,13,21,17.149378776550293,21.777367115020752,22
chronos/daily56,daily56,chronos-bolt-small,chronos,split-2,2023-09-20,21,14,21.786781311035156,29.293538093566895,30
chronos/daily56,daily56,chronos-bolt-small,chronos,split-2,2023-09-20,35,23,30.553335189819336,38.91943359375,39
chronos/daily56,daily56,chronos-bolt-small,chronos,split-2,2023-09-20,82,12,10.349757671356201,12.022419214248657,13
chronos/daily56,daily56,chronos-bolt-small,chronos,split-2,2023-09-21,11,8,10.789017677307129,13.163708686828613,14
chronos/daily56,daily56,chronos-bolt-small,chronos,split-2,2023-09-21,12,6,11.061497688293457,13.847023725509644,14
chronos/daily56,daily56,chronos-bolt-small,chronos,split-2,2023-09-21,13,23,18.059124946594238,22.763786792755127,23
chronos/daily56,daily56,chronos-bolt-small,chronos,split-2,2023-09-21,21,22,19.02546501159668,26.197976112365723,27
chronos/daily56,daily56,chronos-bolt-small,chronos,split-2,2023-09-21,35,25,26.177543640136719,35.413471221923828,36
chronos/daily56,daily56,chronos-bolt-small,chronos,split-2,2023-09-21,82,12,10.519529819488525,11.792673587799072,12
chronos/daily56,daily56,chronos-bolt-small,chronos,split-2,2023-09-22,11,11,9.4069194793701172,12.202287673950195,13
chronos/daily56,daily56,chronos-bolt-small,chronos,split-2,2023-09-22,12,8,9.8681392669677734,12.659631490707397,13
chronos/daily56,daily56,chronos-bolt-small,chronos,split-2,2023-09-22,13,20,20.626522064208984,24.683178901672363,25
chronos/daily56,daily56,chronos-bolt-small,chronos,split-2,2023-09-22,21,13,20.897871971130371,27.629786491394043,28
chronos/daily56,daily56,chronos-bolt-small,chronos,split-2,2023-09-22,35,40,24.011541366577148,33.586631774902344,34
chronos/daily56,daily56,chronos-bolt-small,chronos,split-2,2023-09-22,82,11,10.533957004547119,11.741232872009277,12
chronos/daily56,daily56,chronos-bolt-small,chronos,split-2,2023-09-23,11,12,10.951849937438965,13.353072166442871,14
chronos/daily56,daily56,chronos-bolt-small,chronos,split-2,2023-09-23,12,14,9.6560297012329102,12.326400518417358,13
chronos/daily56,daily56,chronos-bolt-small,chronos,split-2,2023-09-23,13,17,21.156429290771484,26.237896919250488,27
chronos/daily56,daily56,chronos-bolt-small,chronos,split-2,2023-09-23,21,22,19.172214508056641,26.239371299743652,27
chronos/daily56,daily56,chronos-bolt-small,chronos,split-2,2023-09-23,35,39,28.771810531616211,39.448545455932617,40
chronos/daily56,daily56,chronos-bolt-small,chronos,split-2,2023-09-23,82,11,9.9197449684143066,10.717562675476074,11
chronos/daily56,daily56,chronos-bolt-small,chronos,split-2,2023-09-24,11,11,12.500717163085938,14.09648609161377,15
chronos/daily56,daily56,chronos-bolt-small,chronos,split-2,2023-09-24,12,5,12.80019474029541,16.2989501953125,17
chronos/daily56,daily56,chronos-bolt-small,chronos,split-2,2023-09-24,13,21,21.05363655090332,26.503748893737793,27
chronos/daily56,daily56,chronos-bolt-small,chronos,split-2,2023-09-24,21,26,22.74653434753418,30.872586250305176,31
chronos/daily56,daily56,chronos-bolt-small,chronos,split-2,2023-09-24,35,25,33.22608757019043,43.733060836791992,44
chronos/daily56,daily56,chronos-bolt-small,chronos,split-2,2023-09-24,82,12,10.963797092437744,12.130671977996826,13
chronos/daily56,daily56,chronos-bolt-small,chronos,split-2,2023-09-25,11,15,11.829652786254883,12.948803663253784,13
chronos/daily56,daily56,chronos-bolt-small,chronos,split-2,2023-09-25,12,20,10.713603019714355,14.287154912948608,15
chronos/daily56,daily56,chronos-bolt-small,chronos,split-2,2023-09-25,13,37,21.815301895141602,27.080095767974854,28
chronos/daily56,daily56,chronos-bolt-small,chronos,split-2,2023-09-25,21,36,25.950797080993652,33.685051918029785,34
chronos/daily56,daily56,chronos-bolt-small,chronos,split-2,2023-09-25,35,47,27.629384994506836,38.186674118041992,39
chronos/daily56,daily56,chronos-bolt-small,chronos,split-2,2023-09-25,82,18,10.67057466506958,11.581804275512695,12
chronos/daily56,daily56,chronos-bolt-small,chronos,split-2,2023-09-26,11,15,14.096744537353516,16.011477470397949,17
chronos/daily56,daily56,chronos-bolt-small,chronos,split-2,2023-09-26,12,12,13.219460487365723,17.056018590927124,18
chronos/daily56,daily56,chronos-bolt-small,chronos,split-2,2023-09-26,13,21,24.389608383178711,30.420086860656738,31
chronos/daily56,daily56,chronos-bolt-small,chronos,split-2,2023-09-26,21,26,26.085450172424316,33.176068305969238,34
chronos/daily56,daily56,chronos-bolt-small,chronos,split-2,2023-09-26,35,23,31.856237411499023,43.48078727722168,44
chronos/daily56,daily56,chronos-bolt-small,chronos,split-2,2023-09-26,82,12,13.621547698974609,15.306745052337646,16
chronos/daily56,daily56,chronos-bolt-small,chronos,split-2,2023-09-27,11,13,13.681075096130371,15.416079521179199,16
chronos/daily56,daily56,chronos-bolt-small,chronos,split-2,2023-09-27,12,4,11.541427612304688,14.603145360946655,15
chronos/daily56,daily56,chronos-bolt-small,chronos,split-2,2023-09-27,13,12,20.219211578369141,25.13643741607666,26
chronos/daily56,daily56,chronos-bolt-small,chronos,split-2,2023-09-27,21,17,23.205754280090332,29.521309852600098,30
chronos/daily56,daily56,chronos-bolt-small,chronos,split-2,2023-09-27,35,22,25.868118286132812,36.965517044067383,37
chronos/daily56,daily56,chronos-bolt-small,chronos,split-2,2023-09-27,82,11,11.037216663360596,12.447066783905029,13
chronos/daily56,daily56,chronos-bolt-small,chronos,split-2,2023-09-28,11,11,13.172056198120117,14.882609367370605,15
chronos/daily56,daily56,chronos-bolt-small,chronos,split-2,2023-09-28,12,4,9.7842721939086914,13.150899648666382,14
chronos/daily56,daily56,chronos-bolt-small,chronos,split-2,2023-09-28,13,14,17.399847030639648,22.306748390197754,23
chronos/daily56,daily56,chronos-bolt-small,chronos,split-2,2023-09-28,21,10,21.272091865539551,27.391545295715332,28
chronos/daily56,daily56,chronos-bolt-small,chronos,split-2,2023-09-28,35,23,24.234958648681641,35.30955696105957,36
chronos/daily56,daily56,chronos-bolt-small,chronos,split-2,2023-09-28,82,7,10.546709537506104,11.803558826446533,12
chronos/daily56,daily56,chronos-bolt-small,chronos,split-2,2023-09-29,11,12,13.055301666259766,14.764557838439941,15
chronos/daily56,daily56,chronos-bolt-small,chronos,split-2,2023-09-29,12,6,8.6106119155883789,11.869635343551636,12
chronos/daily56,daily56,chronos-bolt-small,chronos,split-2,2023-09-29,13,14,17.261804580688477,22.079045295715332,23
chronos/daily56,daily56,chronos-bolt-small,chronos,split-2,2023-09-29,21,12,19.233698844909668,25.817399024963379,26
chronos/daily56,daily56,chronos-bolt-small,chronos,split-2,2023-09-29,35,28,23.222858428955078,33.638383865356445,34
chronos/daily56,daily56,chronos-bolt-small,chronos,split-2,2023-09-29,82,11,8.8529000282287598,10.147820949554443,11
chronos/daily56,daily56,chronos-bolt-small,chronos,split-2,2023-09-30,11,18,12.829308032989502,14.963637351989746,15
chronos/daily56,daily56,chronos-bolt-small,chronos,split-2,2023-09-30,12,9,8.8382120132446289,12.221914052963257,13
chronos/daily56,daily56,chronos-bolt-small,chronos,split-2,2023-09-30,13,21,18.045546531677246,23.857972145080566,24
chronos/daily56,daily56,chronos-bolt-small,chronos,split-2,2023-09-30,21,17,19.111701011657715,26.031599998474121,27
chronos/daily56,daily56,chronos-bolt-small,chronos,split-2,2023-09-30,35,36,25.615802764892578,35.499994277954102,36
chronos/daily56,daily56,chronos-bolt-small,chronos,split-2,2023-09-30,82,20,10.426431655883789,12.082068681716919,13
chronos/daily56,daily56,chronos-bolt-small,chronos,split-2,2023-10-01,11,32,15.708871364593506,19.412399291992188,20
chronos/daily56,daily56,chronos-bolt-small,chronos,split-2,2023-10-01,12,14,10.273471832275391,13.796685934066772,14
chronos/daily56,daily56,chronos-bolt-small,chronos,split-2,2023-10-01,13,24,21.504283905029297,28.017102241516113,29
chronos/daily56,daily56,chronos-bolt-small,chronos,split-2,2023-10-01,21,35,21.172831535339355,28.562195777893066,29
chronos/daily56,daily56,chronos-bolt-small,chronos,split-2,2023-10-01,35,48,29.548871994018555,40.532268524169922,41
chronos/daily56,daily56,chronos-bolt-small,chronos,split-2,2023-10-01,82,32,14.940473556518555,17.975955724716187,18
chronos/daily56,daily56,chronos-bolt-small,chronos,split-2,2023-10-02,11,31,22.55317497253418,28.512621879577637,29
chronos/daily56,daily56,chronos-bolt-small,chronos,split-2,2023-10-02,12,19,13.226826667785645,17.176848888397217,18
chronos/daily56,daily56,chronos-bolt-small,chronos,split-2,2023-10-02,13,53,23.405429840087891,29.62081241607666,30
chronos/daily56,daily56,chronos-bolt-small,chronos,split-2,2023-10-02,21,43,27.813223838806152,36.821730136871338,37
chronos/daily56,daily56,chronos-bolt-small,chronos,split-2,2023-10-02,35,64,35.970762252807617,48.921808242797852,49
chronos/daily56,daily56,chronos-bolt-small,chronos,split-2,2023-10-02,82,32,20.703484535217285,25.973184585571289,26
chronos/daily56,daily56,chronos-bolt-small,chronos,split-2,2023-10-03,11,11,22.379636764526367,28.087542533874512,29
chronos/daily56,daily56,chronos-bolt-small,chronos,split-2,2023-10-03,12,9,13.305285453796387,17.264365673065186,18
chronos/daily56,daily56,chronos-bolt-small,chronos,split-2,2023-10-03,13,13,28.878896713256836,38.230079650878906,39
chronos/daily56,daily56,chronos-bolt-small,chronos,split-2,2023-10-03,21,40,29.381180763244629,38.187975406646729,39
chronos/daily56,daily56,chronos-bolt-small,chronos,split-2,2023-10-03,35,38,38.46544075012207,55.088747978210449,56
chronos/daily56,daily56,chronos-bolt-small,chronos,split-2,2023-10-03,82,29,23.680258750915527,29.880640029907227,30
chronos/daily56,daily56,chronos-bolt-small,chronos,split-2,2023-10-04,11,17,14.132780075073242,17.737496376037598,18
chronos/daily56,daily56,chronos-bolt-small,chronos,split-2,2023-10-04,12,11,10.533103942871094,13.810439586639404,14
chronos/daily56,daily56,chronos-bolt-small,chronos,split-2,2023-10-04,13,27,19.080316543579102,24.874520301818848,25
chronos/daily56,daily56,chronos-bolt-small,chronos,split-2,2023-10-04,21,27,29.49232006072998,38.812812328338623,39
chronos/daily56,daily56,chronos-bolt-small,chronos,split-2,2023-10-04,35,38,31.200630187988281,43.338262557983398,44
chronos/daily56,daily56,chronos-bolt-small,chronos,split-2,2023-10-04,82,25,25.292462348937988,30.416000366210938,31
chronos/daily56,daily56,chronos-bolt-small,chronos,split-2,2023-10-05,11,11,16.610875129699707,20.272234916687012,21
chronos/daily56,daily56,chronos-bolt-small,chronos,split-2,2023-10-05,12,14,11.692283630371094,15.063891887664795,16
chronos/daily56,daily56,chronos-bolt-small,chronos,split-2,2023-10-05,13,25,21.19218635559082,28.534037590026855,29
chronos/daily56,daily56,chronos-bolt-small,chronos,split-2,2023-10-05,21,29,26.787199974060059,35.316993236541748,36
chronos/daily56,daily56,chronos-bolt-small,chronos,split-2,2023-10-05,35,47,33.820005416870117,45.954591751098633,46
chronos/daily56,daily56,chronos-bolt-small,chronos,split-2,2023-10-05,82,23,23.360732078552246,27.540607452392578,28
chronos/daily56,daily56,chronos-bolt-small,chronos,split-2,2023-10-06,11,32,13.933568954467773,16.9734787940979,17
chronos/daily56,daily56,chronos-bolt-small,chronos,split-2,2023-10-06,12,12,12.711782455444336,16.22955584526062,17
chronos/daily56,daily56,chronos-bolt-small,chronos,split-2,2023-10-06,13,37,22.891836166381836,29.225476264953613,30
chronos/daily56,daily56,chronos-bolt-small,chronos,split-2,2023-10-06,21,43,28.504982948303223,36.949221134185791,37
chronos/daily56,daily56,chronos-bolt-small,chronos,split-2,2023-10-06,35,50,37.353792190551758,50.06927490234375,51
chronos/daily56,daily56,chronos-bolt-small,chronos,split-2,2023-10-06,82,23,22.816099166870117,25.799284934997559,26
chronos/daily56,daily56,chronos-bolt-small,chronos,split-2,2023-10-07,11,13,18.427824974060059,23.322646141052246,24
chronos/daily56,daily56,chronos-bolt-small,chronos,split-2,2023-10-07,12,7,11.988959312438965,14.428890466690063,15
chronos/daily56,daily56,chronos-bolt-small,chronos,split-2,2023-10-07,13,30,26.065776824951172,33.148091316223145,34
chronos/daily56,daily56,chronos-bolt-small,chronos,split-2,2023-10-07,21,9,33.067997932434082,43.623515605926514,44
chronos/daily56,daily56,chronos-bolt-small,chronos,split-2,2023-10-07,35,41,40.319423675537109,52.580989837646484,53
chronos/daily56,daily56,chronos-bolt-small,chronos,split-2,2023-10-07,82,21,23.345788955688477,25.918721199035645,26
chronos/daily56,daily56,chronos-bolt-small,chronos,split-2,2023-10-08,11,20,16.699586868286133,21.273921012878418,22
chronos/daily56,daily56,chronos-bolt-small,chronos,split-2,2023-10-08,12,10,11.810024261474609,14.640358209609985,15
chronos/daily56,daily56,chronos-bolt-small,chronos,split-2,2023-10-08,13,24,31.223522186279297,39.146925926208496,40
chronos/daily56,daily56,chronos-bolt-small,chronos,split-2,2023-10-08,21,34,27.233687400817871,37.967502117156982,38
chronos/daily56,daily56,chronos-bolt-small,chronos,split-2,2023-10-08,35,37,40.778175354003906,51.827194213867188,52
chronos/daily56,daily56,chronos-bolt-small,chronos,split-2,2023-10-08,82,24,21.925026893615723,23.980907201766968,24
chronos/daily56,daily56,chronos-bolt-small,chronos,split-2,2023-10-09,11,23,18.619571685791016,23.522507667541504,24
chronos/daily56,daily56,chronos-bolt-small,chronos,split-2,2023-10-09,12,15,12.430008411407471,15.372215509414673,16
chronos/daily56,daily56,chronos-bolt-small,chronos,split-2,2023-10-09,13,35,26.905538558959961,33.956259727478027,34
chronos/daily56,daily56,chronos-bolt-small,chronos,split-2,2023-10-09,21,38,34.474072456359863,44.990424633026123,45
chronos/daily56,daily56,chronos-bolt-small,chronos,split-2,2023-10-09,35,44,38.648094177246094,48.930637359619141,49
chronos/daily56,daily56,chronos-bolt-small,chronos,split-2,2023-10-09,82,25,24.480781555175781,26.98652458190918,27
chronos/daily56,daily56,chronos-bolt-small,chronos,split-2,2023-10-10,11,26,19.44807243347168,23.815004825592041,24
chronos/daily56,daily56,chronos-bolt-small,chronos,split-2,2023-10-10,12,12,13.271849155426025,16.209210872650146,17
chronos/daily56,daily56,chronos-bolt-small,chronos,split-2,2023-10-10,13,21,29.99696159362793,37.593059539794922,38
chronos/daily56,daily56,chronos-bolt-small,chronos,split-2,2023-10-10,21,28,33.871869087219238,42.942892551422119,43
chronos/daily56,daily56,chronos-bolt-small,chronos,split-2,2023-10-10,35,36,39.449165344238281,49.118244171142578,50
chronos/daily56,daily56,chronos-bolt-small,chronos,split-2,2023-10-10,82,18,24.843622207641602,27.225238800048828,28
chronos/daily56,daily56,chronos-bolt-small,chronos,split-2,2023-10-11,11,13,19.494510650634766,23.897330284118652,24
chronos/daily56,daily56,chronos-bolt-small,chronos,split-2,2023-10-11,12,15,11.439192295074463,13.705953121185303,14
chronos/daily56,daily56,chronos-bolt-small,chronos,split-2,2023-10-11,13,21,23.849750518798828,30.759237289428711,31
chronos/daily56,daily56,chronos-bolt-small,chronos,split-2,2023-10-11,21,28,29.171042442321777,36.965222358703613,37
chronos/daily56,daily56,chronos-bolt-small,chronos,split-2,2023-10-11,35,30,33.827354431152344,43.534648895263672,44
chronos/daily56,daily56,chronos-bolt-small,chronos,split-2,2023-10-11,82,16,19.473590850830078,21.568979263305664,22
chronos/daily56,daily56,chronos-bolt-small,chronos,split-2,2023-10-12,11,15,16.073023319244385,20.100861549377441,21
chronos/daily56,daily56,chronos-bolt-small,chronos,split-2,2023-10-12,12,12,13.246950626373291,15.854896068572998,16
chronos/daily56,daily56,chronos-bolt-small,chronos,split-2,2023-10-12,13,17,23.451911926269531,29.49728536605835,30
chronos/daily56,daily56,chronos-bolt-small,chronos,split-2,2023-10-12,21,16,27.440545082092285,34.479931831359863,35
chronos/daily56,daily56,chronos-bolt-small,chronos,split-2,2023-10-12,35,28,31.177394866943359,41.627468109130859,42
chronos/daily56,daily56,chronos-bolt-small,chronos,split-2,2023-10-12,82,21,18.886493682861328,21.429082870483398,22
chronos/daily56,daily56,chronos-bolt-small,chronos,split-2,2023-10-13,11,13,16.768697261810303,21.642117500305176,22
chronos/daily56,daily56,chronos-bolt-small,chronos,split-2,2023-10-13,12,14,12.245434284210205,14.594396114349365,15
chronos/daily56,daily56,chronos-bolt-small,chronos,split-2,2023-10-13,13,23,20.77214527130127,26.321106433868408,27
chronos/daily56,daily56,chronos-bolt-small,chronos,split-2,2023-10-13,21,28,24.512423515319824,32.299015998840332,33
chronos/daily56,daily56,chronos-bolt-small,chronos,split-2,2023-10-13,35,37,28.894084930419922,39.224796295166016,40
chronos/daily56,daily56,chronos-bolt-small,chronos,split-2,2023-10-13,82,25,22.44428825378418,25.565000295639038,26
chronos/daily56,daily56,chronos-bolt-small,chronos,split-2,2023-10-14,11,6,15.065488338470459,19.585061073303223,20
chronos/daily56,daily56,chronos-bolt-small,chronos,split-2,2023-10-14,12,2,13.739913463592529,16.18526029586792,17
chronos/daily56,daily56,chronos-bolt-small,chronos,split-2,2023-10-14,13,16,24.334343910217285,30.771307468414307,31
chronos/daily56,daily56,chronos-bolt-small,chronos,split-2,2023-10-14,21,14,29.658434867858887,37.708867073059082,38
chronos/daily56,daily56,chronos-bolt-small,chronos,split-2,2023-10-14,35,26,32.820552825927734,44.312274932861328,45
chronos/daily56,daily56,chronos-bolt-small,chronos,split-2,2023-10-14,82,23,25.098766326904297,28.405549764633179,29
chronos/daily56,daily56,chronos-bolt-small,chronos,split-2,2023-10-15,11,19,11.243260383605957,15.986108779907227,16
chronos/daily56,daily56,chronos-bolt-small,chronos,split-2,2023-10-15,12,9,9.349358081817627,12.29616117477417,13
chronos/daily56,daily56,chronos-bolt-small,chronos,split-2,2023-10-15,13,12,20.549409866333008,27.266438007354736,28
chronos/daily56,daily56,chronos-bolt-small,chronos,split-2,2023-10-15,21,31,25.660513877868652,34.421734809875488,35
chronos/daily56,daily56,chronos-bolt-small,chronos,split-2,2023-10-15,35,27,27.683486938476562,38.253719329833984,39
chronos/daily56,daily56,chronos-bolt-small,chronos,split-2,2023-10-15,82,16,23.318666458129883,26.176351308822632,27
chronos/daily56,daily56,chronos-bolt-small,chronos,split-2,2023-10-16,11,33,14.954658985137939,20.484195232391357,21
chronos/daily56,daily56,chronos-bolt-small,chronos,split-2,2023-10-16,12,14,11.398176670074463,14.592986583709717,15
chronos/daily56,daily56,chronos-bolt-small,chronos,split-2,2023-10-16,13,29,17.558124542236328,24.111793994903564,25
chronos/daily56,daily56,chronos-bolt-small,chronos,split-2,2023-10-16,21,29,29.786782264709473,38.249226570129395,39
chronos/daily56,daily56,chronos-bolt-small,chronos,split-2,2023-10-16,35,48,26.763671875,36.656970977783203,37
chronos/daily56,daily56,chronos-bolt-small,chronos,split-2,2023-10-16,82,24,18.494759559631348,21.061189413070679,22
chronos/daily56,daily56,chronos-bolt-small,chronos,split-2,2023-10-17,11,11,20.198615550994873,27.330480098724365,28
chronos/daily56,daily56,chronos-bolt-small,chronos,split-2,2023-10-17,12,14,11.373031139373779,13.881086826324463,14
chronos/daily56,daily56,chronos-bolt-small,chronos,split-2,2023-10-17,13,23,20.247428894042969,27.952624797821045,28
chronos/daily56,daily56,chronos-bolt-small,chronos,split-2,2023-10-17,21,26,27.12037181854248,34.957204818725586,35
chronos/daily56,daily56,chronos-bolt-small,chronos,split-2,2023-10-17,35,30,30.833049774169922,42.082622528076172,43
chronos/daily56,daily56,chronos-bolt-small,chronos,split-2,2023-10-17,82,21,22.229254722595215,24.899808645248413,25
chronos/daily56,daily56,chronos-bolt-small,chronos,split-2,2023-10-18,11,20,13.310849189758301,17.988757133483887,18
chronos/daily56,daily56,chronos-bolt-small,chronos,split-2,2023-10-18,12,10,11.605815410614014,13.941911697387695,14
chronos/daily56,daily56,chronos-bolt-small,chronos,split-2,2023-10-18,13,21,20.867800712585449,27.239575862884521,28
chronos/daily56,daily56,chronos-bolt-small,chronos,split-2,2023-10-18,21,25,25.771466255187988,33.176713943481445,34
chronos/daily56,daily56,chronos-bolt-small,chronos,split-2,2023-10-18,35,33,27.262050628662109,37.784919738769531,38
chronos/daily56,daily56,chronos-bolt-small,chronos,split-2,2023-10-18,82,26,19.912994384765625,21.92632794380188,22
chronos/daily56,daily56,chronos-bolt-small,chronos,split-2,2023-10-19,11,13,15.67609167098999,21.452493190765381,22
chronos/daily56,daily56,chronos-bolt-small,chronos,split-2,2023-10-19,12,14,10.270915985107422,12.392141342163086,13
chronos/daily56,daily56,chronos-bolt-small,chronos,split-2,2023-10-19,13,30,20.48340892791748,26.563141345977783,27
chronos/daily56,daily56,chronos-bolt-small,chronos,split-2,2023-10-19,21,27,25.122289657592773,31.032835960388184,32
chronos/daily56,daily56,chronos-bolt-small,chronos,split-2,2023-10-19,35,32,27.801408767700195,37.836475372314453,38
chronos/daily56,daily56,chronos-bolt-small,chronos,split-2,2023-10-19,82,23,23.972615242004395,26.737815618515015,27
chronos/daily56,daily56,chronos-bolt-small,chronos,split-2,2023-10-20,11,15,14.57476806640625,19.94037389755249,20
chronos/daily56,daily56,chronos-bolt-small,chronos,split-2,2023-10-20,12,7,11.199536323547363,13.581141948699951,14
chronos/daily56,daily56,chronos-bolt-small,chronos,split-2,2023-10-20,13,20,24.477745056152344,31.227416515350342,32
chronos/daily56,daily56,chronos-bolt-small,chronos,split-2,2023-10-20,21,26,24.744443893432617,29.003785133361816,30
chronos/daily56,daily56,chronos-bolt-small,chronos,split-2,2023-10-20,35,28,27.437040328979492,37.267414093017578,38
chronos/daily56,daily56,chronos-bolt-small,chronos,split-2,2023-10-20,82,22,22.721562385559082,25.417375326156616,26
chronos/daily56,daily56,chronos-bolt-small,chronos,split-2,2023-10-21,11,12,15.007006645202637,20.480813503265381,21
chronos/daily56,daily56,chronos-bolt-small,chronos,split-2,2023-10-21,12,9,9.3321018218994141,11.574881076812744,12
chronos/daily56,daily56,chronos-bolt-small,chronos,split-2,2023-10-21,13,18,21.728044509887695,27.617661952972412,28
chronos/daily56,daily56,chronos-bolt-small,chronos,split-2,2023-10-21,21,14,25.25942325592041,29.56096363067627,30
chronos/daily56,daily56,chronos-bolt-small,chronos,split-2,2023-10-21,35,33,26.788260459899902,35.65338134765625,36
chronos/daily56,daily56,chronos-bolt-small,chronos,split-2,2023-10-21,82,20,22.046667098999023,24.777772665023804,25
chronos/daily56,daily56,chronos-bolt-small,chronos,split-2,2023-10-22,11,23,13.426446914672852,18.496127605438232,19
chronos/daily56,daily56,chronos-bolt-small,chronos,split-2,2023-10-22,12,4,9.6382918357849121,11.939689159393311,12
chronos/daily56,daily56,chronos-bolt-small,chronos,split-2,2023-10-22,13,26,21.185428619384766,27.012643337249756,28
chronos/daily56,daily56,chronos-bolt-small,chronos,split-2,2023-10-22,21,31,21.505234718322754,25.769770622253418,26
chronos/daily56,daily56,chronos-bolt-small,chronos,split-2,2023-10-22,35,32,29.366225242614746,37.849906921386719,38
chronos/daily56,daily56,chronos-bolt-small,chronos,split-2,2023-10-22,82,22,21.652193069458008,24.37748122215271,25
chronos/daily56,daily56,chronos-bolt-small,chronos,split-2,2023-10-23,11,33,18.354594707489014,26.317031383514404,27
chronos/daily56,daily56,chronos-bolt-small,chronos,split-2,2023-10-23,12,15,7.8123278617858887,10.246768474578857,11
chronos/daily56,daily56,chronos-bolt-small,chronos,split-2,2023-10-23,13,38,24.15699577331543,30.204611301422119,31
chronos/daily56,daily56,chronos-bolt-small,chronos,split-2,2023-10-23,21,30,28.016160011291504,34.205489158630371,35
chronos/daily56,daily56,chronos-bolt-small,chronos,split-2,2023-10-23,35,46,29.610483169555664,37.086009979248047,38
chronos/daily56,daily56,chronos-bolt-small,chronos,split-2,2023-10-23,82,27,23.207973480224609,26.035482168197632,27
chronos/daily56,daily56,chronos-bolt-small,chronos,split-2,2023-10-24,11,15,21.068379878997803,30.03224515914917,31
chronos/daily56,daily56,chronos-bolt-small,chronos,split-2,2023-10-24,12,15,11.007581233978271,14.032235622406006,15
chronos/daily56,daily56,chronos-bolt-small,chronos,split-2,2023-10-24,13,24,28.339031219482422,35.888874530792236,36
chronos/daily56,daily56,chronos-bolt-small,chronos,split-2,2023-10-24,21,34,26.630890846252441,30.719393730163574,31
chronos/daily56,daily56,chronos-bolt-small,chronos,split-2,2023-10-24,35,37,32.198091506958008,41.580654144287109,42
chronos/daily56,daily56,chronos-bolt-small,chronos,split-2,2023-10-24,82,25,24.820722579956055,27.885802984237671,28
chronos/daily56,daily56,chronos-bolt-small,chronos,split-2,2023-10-25,11,19,16.371922969818115,23.499919414520264,24
chronos/daily56,daily56,chronos-bolt-small,chronos,split-2,2023-10-25,12,13,10.663119316101074,13.471536159515381,14
chronos/daily56,daily56,chronos-bolt-small,chronos,split-2,2023-10-25,13,25,21.578516006469727,27.368589878082275,28
chronos/daily56,daily56,chronos-bolt-small,chronos,split-2,2023-10-25,21,35,25.915635108947754,31.713484764099121,32
chronos/daily56,daily56,chronos-bolt-small,chronos,split-2,2023-10-25,35,35,30.723028182983398,39.008319854736328,40
chronos/daily56,daily56,chronos-bolt-small,chronos,split-2,2023-10-25,82,25,24.671677589416504,27.164262533187866,28
chronos/daily56,daily56,chronos-bolt-small,chronos,split-2,2023-10-26,11,17,17.613524913787842,23.799500942230225,24
chronos/daily56,daily56,chronos-bolt-small,chronos,split-2,2023-10-26,12,11,10.773272514343262,13.590434551239014,14
chronos/daily56,daily56,chronos-bolt-small,chronos,split-2,2023-10-26,13,22,22.849725723266602,28.336570739746094,29
chronos/daily56,daily56,chronos-bolt-small,chronos,split-2,2023-10-26,21,27,25.280190467834473,32.190706253051758,33
chronos/daily56,daily56,chronos-bolt-small,chronos,split-2,2023-10-26,35,36,31.628927230834961,39.875307083129883,40
chronos/daily56,daily56,chronos-bolt-small,chronos,split-2,2023-10-26,82,23,25.936921119689941,28.301984548568726,29
chronos/daily56,daily56,chronos-bolt-small,chronos,split-2,2023-10-27,11,16,15.39968204498291,20.253476142883301,21
chronos/daily56,daily56,chronos-bolt-small,chronos,split-2,2023-10-27,12,11,9.5056381225585938,11.810842037200928,12
chronos/daily56,daily56,chronos-bolt-small,chronos,split-2,2023-10-27,13,31,20.777759552001953,25.536863327026367,26
chronos/daily56,daily56,chronos-bolt-small,chronos,split-2,2023-10-27,21,23,23.867659568786621,29.057210922241211,30
chronos/daily56,daily56,chronos-bolt-small,chronos,split-2,2023-10-27,35,44,31.867782592773438,38.649709701538086,39
chronos/daily56,daily56,chronos-bolt-small,chronos,split-2,2023-10-27,82,23,22.863039970397949,24.235203981399536,25
chronos/daily56,daily56,chronos-bolt-small,chronos,split-2,2023-10-28,11,19,14.971386909484863,19.736267566680908,20
chronos/daily56,daily56,chronos-bolt-small,chronos,split-2,2023-10-28,12,8,9.2438087463378906,11.383740901947021,12
chronos/daily56,daily56,chronos-bolt-small,chronos,split-2,2023-10-28,13,22,23.56041145324707,29.833446979522705,30
chronos/daily56,daily56,chronos-bolt-small,chronos,split-2,2023-10-28,21,12,22.901125907897949,27.206269264221191,28
chronos/daily56,daily56,chronos-bolt-small,chronos,split-2,2023-10-28,35,29,35.119670867919922,42.391794204711914,43
chronos/daily56,daily56,chronos-bolt-small,chronos,split-2,2023-10-28,82,22,23.35970401763916,24.601200103759766,25
chronos/daily56,daily56,chronos-bolt-small,chronos,split-2,2023-10-29,11,14,17.212453365325928,22.852417469024658,23
chronos/daily56,daily56,chronos-bolt-small,chronos,split-2,2023-10-29,12,9,8.9849939346313477,11.260426998138428,12
chronos/daily56,daily56,chronos-bolt-small,chronos,split-2,2023-10-29,13,16,22.464645385742188,28.611481189727783,29
chronos/daily56,daily56,chronos-bolt-small,chronos,split-2,2023-10-29,21,8,20.149294853210449,24.327731132507324,25
chronos/daily56,daily56,chronos-bolt-small,chronos,split-2,2023-10-29,35,21,31.675174713134766,38.619997024536133,39
chronos/daily56,daily56,chronos-bolt-small,chronos,split-2,2023-10-29,82,19,22.86839771270752,23.978946685791016,24
chronos/daily56,daily56,chronos-bolt-small,chronos,split-2,2023-10-30,11,11,14.517457485198975,19.260977268218994,20
chronos/daily56,daily56,chronos-bolt-small,chronos,split-2,2023-10-30,12,12,9.4579815864562988,11.900320529937744,12
chronos/daily56,daily56,chronos-bolt-small,chronos,split-2,2023-10-30,13,24,19.559783935546875,25.432892322540283,26
chronos/daily56,daily56,chronos-bolt-small,chronos,split-2,2023-10-30,21,31,16.999415397644043,20.622981071472168,21
chronos/daily56,daily56,chronos-bolt-small,chronos,split-2,2023-10-30,35,33,26.212902069091797,32.880987167358398,33
chronos/daily56,daily56,chronos-bolt-small,chronos,split-2,2023-10-30,82,24,20.352862358093262,21.280868530273438,22
chronos/daily56,daily56,chronos-bolt-small,chronos,split-2,2023-10-31,11,12,11.813257217407227,16.306293487548828,17
chronos/daily56,daily56,chronos-bolt-small,chronos,split-2,2023-10-31,12,8,9.307218074798584,11.859135866165161,12
chronos/daily56,daily56,chronos-bolt-small,chronos,split-2,2023-10-31,13,11,19.557378768920898,25.346452713012695,26
chronos/daily56,daily56,chronos-bolt-small,chronos,split-2,2023-10-31,21,15,19.439520835876465,24.543021202087402,25
chronos/daily56,daily56,chronos-bolt-small,chronos,split-2,2023-10-31,35,25,28.239677429199219,35.188231468200684,36
chronos/daily56,daily56,chronos-bolt-small,chronos,split-2,2023-10-31,82,16,22.318085670471191,23.971792221069336,24
chronos/raw,raw,chronos-bolt-small,chronos,split-3,2023-11-01,11,9,11.543291091918945,15.001505851745605,16
chronos/raw,raw,chronos-bolt-small,chronos,split-3,2023-11-01,12,5,7.8508296012878418,10.16510009765625,11
chronos/raw,raw,chronos-bolt-small,chronos,split-3,2023-11-01,13,16,15.376867294311523,19.529258728027344,20
chronos/raw,raw,chronos-bolt-small,chronos,split-3,2023-11-01,21,14,16.117256164550781,20.779352188110352,21
chronos/raw,raw,chronos-bolt-small,chronos,split-3,2023-11-01,35,20,26.634300231933594,32.036308288574219,33
chronos/raw,raw,chronos-bolt-small,chronos,split-3,2023-11-01,82,12,17.195844650268555,20.133386611938477,21
chronos/raw,raw,chronos-bolt-small,chronos,split-3,2023-11-02,11,17,9.2299394607543945,12.061999320983887,13
chronos/raw,raw,chronos-bolt-small,chronos,split-3,2023-11-02,12,15,6.2639350891113281,8.3303852081298828,9
chronos/raw,raw,chronos-bolt-small,chronos,split-3,2023-11-02,13,20,15.441024780273438,19.551097869873047,20
chronos/raw,raw,chronos-bolt-small,chronos,split-3,2023-11-02,21,13,13.922124862670898,18.415683746337891,19
chronos/raw,raw,chronos-bolt-small,chronos,split-3,2023-11-02,35,27,23.410903930664062,28.819957733154297,29
chronos/raw,raw,chronos-bolt-small,chronos,split-3,2023-11-02,82,14,13.677583694458008,16.421726226806641,17
chronos/raw,raw,chronos-bolt-small,chronos,split-3,2023-11-03,11,11,10.61949348449707,14.575002670288086,15
chronos/raw,raw,chronos-bolt-small,chronos,split-3,2023-11-03,12,9,8.6641178131103516,12.084284782409668,13
chronos/raw,raw,chronos-bolt-small,chronos,split-3,2023-11-03,13,17,16.317024230957031,20.708995819091797,21
chronos/raw,raw,chronos-bolt-small,chronos,split-3,2023-11-03,21,5,13.227008819580078,17.58837890625,18
chronos/raw,raw,chronos-bolt-small,chronos,split-3,2023-11-03,35,21,25.21551513671875,30.992975234985352,31
chronos/raw,raw,chronos-bolt-small,chronos,split-3,2023-11-03,82,12,14.360082626342773,17.333614349365234,18
chronos/raw,raw,chronos-bolt-small,chronos,split-3,2023-11-04,11,11,9.933506965637207,13.152263641357422,14
chronos/raw,raw,chronos-bolt-small,chronos,split-3,2023-11-04,12,4,7.5938630104064941,10.338312149047852,11
chronos/raw,raw,chronos-bolt-small,chronos,split-3,2023-11-04,13,9,16.425533294677734,21.00079345703125,22
chronos/raw,raw,chronos-bolt-small,chronos,split-3,2023-11-04,21,12,11.192986488342285,15.357336044311523,16
chronos/raw,raw,chronos-bolt-small,chronos,split-3,2023-11-04,35,17,22.237972259521484,27.276453018188477,28
chronos/raw,raw,chronos-bolt-small,chronos,split-3,2023-11-04,82,12,12.579250335693359,15.451210975646973,16
chronos/raw,raw,chronos-bolt-small,chronos,split-3,2023-11-05,11,4,9.9154243469238281,13.131986618041992,14
chronos/raw,raw,chronos-bolt-small,chronos,split-3,2023-11-05,12,2,6.8005623817443848,9.6153411865234375,10
chronos/raw,raw,chronos-bolt-small,chronos,split-3,2023-11-05,13,9,14.02855396270752,18.731220245361328,19
chronos/raw,raw,chronos-bolt-small,chronos,split-3,2023-11-05,21,8,12.05949592590332,16.129205703735352,17
chronos/raw,raw,chronos-bolt-small,chronos,split-3,2023-11-05,35,16,20.290311813354492,25.282253265380859,26
chronos/raw,raw,chronos-bolt-small,chronos,split-3,2023-11-05,82,11,12.595499038696289,15.717266082763672,16
chronos/raw,raw,chronos-bolt-small,chronos,split-3,2023-11-06,11,8,7.1537303924560547,9.7155628204345703,10
chronos/raw,raw,chronos-bolt-small,chronos,split-3,2023-11-06,12,5,6.0127921104431152,8.7441043853759766,9
chronos/raw,raw,chronos-bolt-small,chronos,split-3,2023-11-06,13,11,12.724201202392578,16.462314605712891,17
chronos/raw,raw,chronos-bolt-small,chronos,split-3,2023-11-06,21,14,11.225713729858398,15.032003402709961,16
chronos/raw,raw,chronos-bolt-small,chronos,split-3,2023-11-06,35,14,18.460720062255859,23.01081657409668,24
chronos/raw,raw,chronos-bolt-small,chronos,split-3,2023-11-06,82,10,11.928413391113281,14.963131904602051,15
chronos/raw,raw,chronos-bolt-small,chronos,split-3,2023-11-07,11,6,7.3601198196411133,9.6791934967041016,10
chronos/raw,raw,chronos-bolt-small,chronos,split-3,2023-11-07,12,2,5.8062229156494141,8.1703329086303711,9
chronos/raw,raw,chronos-bolt-small,chronos,split-3,2023-11-07,13,11,11.801121711730957,15.236166000366211,16
chronos/raw,raw,chronos-bolt-small,chronos,split-3,2023-11-07,21,12,11.657129287719727,15.587427139282227,16
chronos/raw,raw,chronos-bolt-small,chronos,split-3,2023-11-07,35,17,16.310653686523438,20.981645584106445,21
chronos/raw,raw,chronos-bolt-small,chronos,split-3,2023-11-07,82,8,10.950113296508789,13.821091651916504,14
chronos/raw,raw,chronos-bolt-small,chronos,split-3,2023-11-08,11,7,6.6814069747924805,8.7356481552124023,9
chronos/raw,raw,chronos-bolt-small,chronos,split-3,2023-11-08,12,3,4.3817610740661621,6.2667341232299805,7
chronos/raw,raw,chronos-bolt-small,chronos,split-3,2023-11-08,13,5,11.119538307189941,14.490170478820801,15
chronos/raw,raw,chronos-bolt-small,chronos,split-3,2023-11-08,21,6,11.017045974731445,14.794527053833008,15
chronos/raw,raw,chronos-bolt-small,chronos,split-3,2023-11-08,82,8,8.7686882019042969,11.335321426391602,12
chronos/raw,raw,chronos-bolt-small,chronos,split-3,2023-11-09,11,5,6.5759963989257812,8.6677684783935547,9
chronos/raw,raw,chronos-bolt-small,chronos,split-3,2023-11-09,12,4,4.0539374351501465,5.961005687713623,6
chronos/raw,raw,chronos-bolt-small,chronos,split-3,2023-11-09,13,5,8.7139778137207031,11.891910552978516,12
chronos/raw,raw,chronos-bolt-small,chronos,split-3,2023-11-09,21,7,8.3369636535644531,11.86782169342041,12
chronos/raw,raw,chronos-bolt-small,chronos,split-3,2023-11-09,35,10,15.860763549804688,20.650848388671875,21
chronos/raw,raw,chronos-bolt-small,chronos,split-3,2023-11-09,82,8,8.2910575866699219,10.408246994018555,11
chronos/raw,raw,chronos-bolt-small,chronos,split-3,2023-11-10,11,9,5.702967643737793,7.5957021713256836,8
chronos/raw,raw,chronos-bolt-small,chronos,split-3,2023-11-10,12,4,4.1671953201293945,6.1203889846801758,7
chronos/raw,raw,chronos-bolt-small,chronos,split-3,2023-11-10,13,5,7.2716865539550781,10.527467727661133,11
chronos/raw,raw,chronos-bolt-small,chronos,split-3,2023-11-10,21,11,7.8411064147949219,11.277950286865234,12
chronos/raw,raw,chronos-bolt-small,chronos,split-3,2023-11-10,35,9,13.177217483520508,17.794294357299805,18
chronos/raw,raw,chronos-bolt-small,chronos,split-3,2023-11-10,82,6,7.935272216796875,10.027444839477539,11
chronos/raw,raw,chronos-bolt-small,chronos,split-3,2023-11-11,11,5,6.8374252319335938,8.9371776580810547,9
chronos/raw,raw,chronos-bolt-small,chronos,split-3,2023-11-11,13,10,6.6323623657226562,9.6079187393188477,10
chronos/raw,raw,chronos-bolt-small,chronos,split-3,2023-11-11,21,10,8.5303955078125,12.161867141723633,13
chronos/raw,raw,chronos-bolt-small,chronos,split-3,2023-11-11,35,11,10.802581787109375,14.989316940307617,15
chronos/raw,raw,chronos-bolt-small,chronos,split-3,2023-11-11,82,7,6.9573211669921875,8.9456539154052734,9
chronos/raw,raw,chronos-bolt-small,chronos,split-3,2023-11-12,11,8,5.766575813293457,7.6623616218566895,8
chronos/raw,raw,chronos-bolt-small,chronos,split-3,2023-11-12,12,6,3.8834285736083984,5.7943859100341797,6
chronos/raw,raw,chronos-bolt-small,chronos,split-3,2023-11-12,13,10,7.8171119689941406,10.786331176757812,11
chronos/raw,raw,chronos-bolt-small,chronos,split-3,2023-11-12,21,12,9.3954153060913086,13.198038101196289,14
chronos/raw,raw,chronos-bolt-small,chronos,split-3,2023-11-12,35,12,10.082902908325195,14.154523849487305,15
chronos/raw,raw,chronos-bolt-small,chronos,split-3,2023-11-12,82,8,6.7901344299316406,8.6376380920410156,9
chronos/raw,raw,chronos-bolt-small,chronos,split-3,2023-11-13,11,8,6.4692564010620117,8.4659652709960938,9
chronos/raw,raw,chronos-bolt-small,chronos,split-3,2023-11-13,12,5,5.8069429397583008,8.0856075286865234,9
chronos/raw,raw,chronos-bolt-small,chronos,split-3,2023-11-13,13,12,9.1866664886474609,12.386347770690918,13
chronos/raw,raw,chronos-bolt-small,chronos,split-3,2023-11-13,21,8,10.830327987670898,14.482449531555176,15
chronos/raw,raw,chronos-bolt-small,chronos,split-3,2023-11-13,35,12,10.622703552246094,14.628247261047363,15
chronos/raw,raw,chronos-bolt-small,chronos,split-3,2023-11-13,82,10,7.314788818359375,9.2624588012695312,10
chronos/raw,raw,chronos-bolt-small,chronos,split-3,2023-11-14,11,8,6.2345848083496094,8.2090463638305664,9
chronos/raw,raw,chronos-bolt-small,chronos,split-3,2023-11-14,12,6,5.0378942489624023,7.0135488510131836,8
chronos/raw,raw,chronos-bolt-small,chronos,split-3,2023-11-14,13,9,8.4801931381225586,11.546948432922363,12
chronos/raw,raw,chronos-bolt-small,chronos,split-3,2023-11-14,21,12,7.4462108612060547,10.565796852111816,11
chronos/raw,raw,chronos-bolt-small,chronos,split-3,2023-11-14,35,9,10.941112518310547,14.975748062133789,15
chronos/raw,raw,chronos-bolt-small,chronos,split-3,2023-11-14,82,6,8.4169063568115234,10.565958976745605,11
chronos/raw,raw,chronos-bolt-small,chronos,split-3,2023-11-15,11,8,6.4357881546020508,8.5210380554199219,9
chronos/raw,raw,chronos-bolt-small,chronos,split-3,2023-11-15,12,4,4.5346941947937012,6.4687633514404297,7
chronos/raw,raw,chronos-bolt-small,chronos,split-3,2023-11-15,13,5,7.6386566162109375,10.748870849609375,11
chronos/raw,raw,chronos-bolt-small,chronos,split-3,2023-11-15,21,10,8.2886085510253906,11.680109024047852,12
chronos/raw,raw,chronos-bolt-small,chronos,split-3,2023-11-15,35,10,10.136508941650391,14.267268180847168,15
chronos/raw,raw,chronos-bolt-small,chronos,split-3,2023-11-15,82,8,6.3682460784912109,8.1215066909790039,9
chronos/raw,raw,chronos-bolt-small,chronos,split-3,2023-11-17,11,5,6.5500087738037109,9.0189962387084961,10
chronos/raw,raw,chronos-bolt-small,chronos,split-3,2023-11-17,12,5,4.5973405838012695,6.8765902519226074,7
chronos/raw,raw,chronos-bolt-small,chronos,split-3,2023-11-17,13,10,6.3902225494384766,9.9537277221679688,10
chronos/raw,raw,chronos-bolt-small,chronos,split-3,2023-11-17,21,11,7.3902263641357422,11.011491775512695,12
chronos/raw,raw,chronos-bolt-small,chronos,split-3,2023-11-17,35,11,10.063264846801758,14.783503532409668,15
chronos/raw,raw,chronos-bolt-small,chronos,split-3,2023-11-17,82,4,6.5144243240356445,8.5549449920654297,9
chronos/raw,raw,chronos-bolt-small,chronos,split-3,2023-11-18,11,5,5.7210474014282227,8.0143833160400391,9
chronos/raw,raw,chronos-bolt-small,chronos,split-3,2023-11-18,12,5,4.5516586303710938,6.9413261413574219,7
chronos/raw,raw,chronos-bolt-small,chronos,split-3,2023-11-18,13,11,7.4877281188964844,11.26621150970459,12
chronos/raw,raw,chronos-bolt-small,chronos,split-3,2023-11-18,21,12,8.1078815460205078,11.970992088317871,12
chronos/raw,raw,chronos-bolt-small,chronos,split-3,2023-11-18,35,12,9.5332012176513672,14.601195335388184,15
chronos/raw,raw,chronos-bolt-small,chronos,split-3,2023-11-18,82,8,5.1695146560668945,6.9363222122192383,7
chronos/raw,raw,chronos-bolt-small,chronos,split-3,2023-11-19,11,6,5.7359523773193359,7.9486083984375,8
chronos/raw,raw,chronos-bolt-small,chronos,split-3,2023-11-19,12,5,5.0382122993469238,7.4143486022949219,8
chronos/raw,raw,chronos-bolt-small,chronos,split-3,2023-11-19,13,9,9.0956611633300781,13.417552947998047,14
chronos/raw,raw,chronos-bolt-small,chronos,split-3,2023-11-19,21,13,10.101262092590332,14.118968963623047,15
chronos/raw,raw,chronos-bolt-small,chronos,split-3,2023-11-19,35,9,10.62567138671875,15.394060134887695,16
chronos/raw,raw,chronos-bolt-small,chronos,split-3,2023-11-19,82,8,6.4971628189086914,8.9562301635742188,9
chronos/raw,raw,chronos-bolt-small,chronos,split-3,2023-11-20,11,3,5.7233953475952148,7.976290225982666,8
chronos/raw,raw,chronos-bolt-small,chronos,split-3,2023-11-20,12,4,5.2900452613830566,7.5519680976867676,8
chronos/raw,raw,chronos-bolt-small,chronos,split-3,2023-11-20,13,13,8.8917694091796875,12.574808120727539,13
chronos/raw,raw,chronos-bolt-small,chronos,split-3,2023-11-20,21,8,10.733098983764648,14.473363876342773,15
chronos/raw,raw,chronos-bolt-small,chronos,split-3,2023-11-20,35,10,9.3758487701416016,13.451107978820801,14
chronos/raw,raw,chronos-bolt-small,chronos,split-3,2023-11-20,82,8,6.8002824783325195,9.1915035247802734,10
chronos/raw,raw,chronos-bolt-small,chronos,split-3,2023-11-21,11,5,4.7187385559082031,6.6488003730773926,7
chronos/raw,raw,chronos-bolt-small,chronos,split-3,2023-11-21,12,5,4.8030681610107422,6.7147026062011719,7
chronos/raw,raw,chronos-bolt-small,chronos,split-3,2023-11-21,13,11,8.6563863754272461,12.216049194335938,13
chronos/raw,raw,chronos-bolt-small,chronos,split-3,2023-11-21,21,11,8.5604038238525391,11.743903160095215,12
chronos/raw,raw,chronos-bolt-small,chronos,split-3,2023-11-21,35,11,9.5930328369140625,13.616722106933594,14
chronos/raw,raw,chronos-bolt-small,chronos,split-3,2023-11-21,82,9,6.3328351974487305,8.3810138702392578,9
chronos/raw,raw,chronos-bolt-small,chronos,split-3,2023-11-22,11,6,4.7438631057739258,6.7585148811340332,7
chronos/raw,raw,chronos-bolt-small,chronos,split-3,2023-11-22,12,6,4.382075309753418,6.1802892684936523,7
chronos/raw,raw,chronos-bolt-small,chronos,split-3,2023-11-22,13,8,8.0314168930053711,11.15046501159668,12
chronos/raw,raw,chronos-bolt-small,chronos,split-3,2023-11-22,21,15,7.9457912445068359,11.105332374572754,12
chronos/raw,raw,chronos-bolt-small,chronos,split-3,2023-11-22,35,16,9.8595199584960938,13.456442832946777,14
chronos/raw,raw,chronos-bolt-small,chronos,split-3,2023-11-22,82,9,6.500920295715332,8.5324058532714844,9
chronos/raw,raw,chronos-bolt-small,chronos,split-3,2023-11-23,11,4,5.1457242965698242,6.9453215599060059,7
chronos/raw,raw,chronos-bolt-small,chronos,split-3,2023-11-23,12,5,4.4957852363586426,6.3356962203979492,7
chronos/raw,raw,chronos-bolt-small,chronos,split-3,2023-11-23,13,8,7.9900884628295898,11.0205078125,12
chronos/raw,raw,chronos-bolt-small,chronos,split-3,2023-11-23,21,6,8.6620931625366211,12.284353256225586,13
chronos/raw,raw,chronos-bolt-small,chronos,split-3,2023-11-23,35,7,11.656293869018555,16.76917839050293,17
chronos/raw,raw,chronos-bolt-small,chronos,split-3,2023-11-23,82,6,7.0133762359619141,8.9890336990356445,9
chronos/raw,raw,chronos-bolt-small,chronos,split-3,2023-11-24,11,9,4.8134088516235352,6.5507616996765137,7
chronos/raw,raw,chronos-bolt-small,chronos,split-3,2023-11-24,12,11,3.992185115814209,5.7027387619018555,6
chronos/raw,raw,chronos-bolt-small,chronos,split-3,2023-11-24,13,11,7.8643083572387695,10.729001998901367,11
chronos/raw,raw,chronos-bolt-small,chronos,split-3,2023-11-24,21,12,7.3691806793212891,10.655077934265137,11
chronos/raw,raw,chronos-bolt-small,chronos,split-3,2023-11-24,35,10,9.8521766662597656,13.362610816955566,14
chronos/raw,raw,chronos-bolt-small,chronos,split-3,2023-11-24,82,7,5.8230428695678711,7.4764347076416016,8
chronos/raw,raw,chronos-bolt-small,chronos,split-3,2023-11-25,11,11,5.5685596466064453,7.6028857231140137,8
chronos/raw,raw,chronos-bolt-small,chronos,split-3,2023-11-25,12,8,5.6701564788818359,7.9319238662719727,8
chronos/raw,raw,chronos-bolt-small,chronos,split-3,2023-11-25,13,12,8.5617561340332031,11.569875717163086,12
chronos/raw,raw,chronos-bolt-small,chronos,split-3,2023-11-25,21,13,7.9293022155761719,11.492572784423828,12
chronos/raw,raw,chronos-bolt-small,chronos,split-3,2023-11-25,35,7,9.6661014556884766,12.961597442626953,13
chronos/raw,raw,chronos-bolt-small,chronos,split-3,2023-11-25,82,7,6.2366971969604492,7.7999672889709473,8
chronos/raw,raw,chronos-bolt-small,chronos,split-3,2023-11-26,11,8,6.2693862915039062,8.5199871063232422,9
chronos/raw,raw,chronos-bolt-small,chronos,split-3,2023-11-26,12,8,6.2122588157653809,8.4644737243652344,9
chronos/raw,raw,chronos-bolt-small,chronos,split-3,2023-11-26,13,7,9.5608234405517578,12.744969367980957,13
chronos/raw,raw,chronos-bolt-small,chronos,split-3,2023-11-26,21,10,9.5645618438720703,13.346242904663086,14
chronos/raw,raw,chronos-bolt-small,chronos,split-3,2023-11-26,35,12,9.1258563995361328,12.45457935333252,13
chronos/raw,raw,chronos-bolt-small,chronos,split-3,2023-11-26,82,7,6.1823959350585938,7.7947416305541992,8
chronos/raw,raw,chronos-bolt-small,chronos,split-3,2023-11-27,11,10,6.3344964981079102,8.4584751129150391,9
chronos/raw,raw,chronos-bolt-small,chronos,split-3,2023-11-27,12,3,6.5966081619262695,8.8759937286376953,9
chronos/raw,raw,chronos-bolt-small,chronos,split-3,2023-11-27,13,10,8.9524946212768555,11.854401588439941,12
chronos/raw,raw,chronos-bolt-small,chronos,split-3,2023-11-27,21,10,11.273410797119141,14.876115798950195,15
chronos/raw,raw,chronos-bolt-small,chronos,split-3,2023-11-27,35,6,9.8037395477294922,13.186154365539551,14
chronos/raw,raw,chronos-bolt-small,chronos,split-3,2023-11-27,82,4,6.3253746032714844,7.8550930023193359,8
chronos/raw,raw,chronos-bolt-small,chronos,split-3,2023-11-28,11,10,6.7461690902709961,8.9869527816772461,9
chronos/raw,raw,chronos-bolt-small,chronos,split-3,2023-11-28,12,8,4.7414183616638184,6.6937999725341797,7
chronos/raw,raw,chronos-bolt-small,chronos,split-3,2023-11-28,13,8,8.7237548828125,11.313324928283691,12
chronos/raw,raw,chronos-bolt-small,chronos,split-3,2023-11-28,21,9,9.455078125,12.503612518310547,13
chronos/raw,raw,chronos-bolt-small,chronos,split-3,2023-11-28,35,5,8.2177619934082031,11.377604484558105,12
chronos/raw,raw,chronos-bolt-small,chronos,split-3,2023-11-28,82,5,5.0732593536376953,6.4553284645080566,7
chronos/raw,raw,chronos-bolt-small,chronos,split-3,2023-11-29,11,11,6.7331628799438477,8.9814376831054688,9
chronos/raw,raw,chronos-bolt-small,chronos,split-3,2023-11-29,12,8,6.0909938812255859,8.3848628997802734,9
chronos/raw,raw,chronos-bolt-small,chronos,split-3,2023-11-29,13,10,7.9238357543945312,10.418220520019531,11
chronos/raw,raw,chronos-bolt-small,chronos,split-3,2023-11-29,21,13,8.2304248809814453,11.130208969116211,12
chronos/raw,raw,chronos-bolt-small,chronos,split-3,2023-11-29,35,10,7.4028682708740234,10.735184669494629,11
chronos/raw,raw,chronos-bolt-small,chronos,split-3,2023-11-29,82,6,5.1544046401977539,6.6348252296447754,7
chronos/raw,raw,chronos-bolt-small,chronos,split-3,2023-11-30,11,8,7.4853448867797852,9.9372739791870117,10
chronos/raw,raw,chronos-bolt-small,chronos,split-3,2023-11-30,12,5,5.975799560546875,8.1306133270263672,9
chronos/raw,raw,chronos-bolt-small,chronos,split-3,2023-11-30,13,9,7.9952297210693359,10.403494834899902,11
chronos/raw,raw,chronos-bolt-small,chronos,split-3,2023-11-30,21,13,8.7471475601196289,11.915907859802246,12
chronos/raw,raw,chronos-bolt-small,chronos,split-3,2023-11-30,35,10,8.2707061767578125,11.729580879211426,12
chronos/raw,raw,chronos-bolt-small,chronos,split-3,2023-11-30,82,6,5.5910177230834961,7.0592741966247559,8
chronos/raw,raw,chronos-bolt-small,chronos,split-3,2023-12-01,11,9,6.8535385131835938,9.135894775390625,10
chronos/raw,raw,chronos-bolt-small,chronos,split-3,2023-12-01,12,2,5.1476335525512695,7.1865139007568359,8
chronos/raw,raw,chronos-bolt-small,chronos,split-3,2023-12-01,13,7,7.777958869934082,10.425037384033203,11
chronos/raw,raw,chronos-bolt-small,chronos,split-3,2023-12-01,21,5,9.1080856323242188,12.499029159545898,13
chronos/raw,raw,chronos-bolt-small,chronos,split-3,2023-12-01,35,9,8.7745742797851562,12.303414344787598,13
chronos/raw,raw,chronos-bolt-small,chronos,split-3,2023-12-01,82,4,5.7347564697265625,7.254429817199707,8
chronos/raw,raw,chronos-bolt-small,chronos,split-3,2023-12-02,11,8,7.9873456954956055,10.501455307006836,11
chronos/raw,raw,chronos-bolt-small,chronos,split-3,2023-12-02,12,8,3.7404618263244629,5.903897762298584,6
chronos/raw,raw,chronos-bolt-small,chronos,split-3,2023-12-02,13,13,7.114436149597168,9.6716327667236328,10
chronos/raw,raw,chronos-bolt-small,chronos,split-3,2023-12-02,21,19,7.2948112487792969,10.664569854736328,11
chronos/raw,raw,chronos-bolt-small,chronos,split-3,2023-12-02,35,15,8.1838817596435547,11.474564552307129,12
chronos/raw,raw,chronos-bolt-small,chronos,split-3,2023-12-02,82,6,4.8131818771362305,6.1236758232116699,7
chronos/raw,raw,chronos-bolt-small,chronos,split-3,2023-12-03,11,7,7.9202871322631836,10.258134841918945,11
chronos/raw,raw,chronos-bolt-small,chronos,split-3,2023-12-03,12,7,6.0403447151184082,8.5702037811279297,9
chronos/raw,raw,chronos-bolt-small,chronos,split-3,2023-12-03,13,8,8.8942165374755859,12.045775413513184,13
chronos/raw,raw,chronos-bolt-small,chronos,split-3,2023-12-03,21,4,11.431850433349609,15.583192825317383,16
chronos/raw,raw,chronos-bolt-small,chronos,split-3,2023-12-03,35,6,10.521430969238281,14.795201301574707,15
chronos/raw,raw,chronos-bolt-small,chronos,split-3,2023-12-03,82,6,5.179473876953125,6.5353569984436035,7
chronos/raw,raw,chronos-bolt-small,chronos,split-3,2023-12-04,11,12,7.7432441711425781,10.04201602935791,11
chronos/raw,raw,chronos-bolt-small,chronos,split-3,2023-12-04,12,7,7.1346702575683594,9.4305152893066406,10
chronos/raw,raw,chronos-bolt-small,chronos,split-3,2023-12-04,13,7,8.8815841674804688,11.592559814453125,12
chronos/raw,raw,chronos-bolt-small,chronos,split-3,2023-12-04,21,8,9.963252067565918,13.499900817871094,14
chronos/raw,raw,chronos-bolt-small,chronos,split-3,2023-12-04,35,8,8.0445194244384766,11.94340991973877,12
chronos/raw,raw,chronos-bolt-small,chronos,split-3,2023-12-04,82,6,5.2273073196411133,6.5776433944702148,7
chronos/raw,raw,chronos-bolt-small,chronos,split-3,2023-12-05,11,9,9.7299795150756836,12.242391586303711,13
chronos/raw,raw,chronos-bolt-small,chronos,split-3,2023-12-05,12,6,6.1752614974975586,8.2165012359619141,9
chronos/raw,raw,chronos-bolt-small,chronos,split-3,2023-12-05,13,10,7.5596332550048828,10.070205688476562,11
chronos/raw,raw,chronos-bolt-small,chronos,split-3,2023-12-05,21,12,8.3068447113037109,11.311315536499023,12
chronos/raw,raw,chronos-bolt-small,chronos,split-3,2023-12-05,35,7,7.9975605010986328,11.247049331665039,12
chronos/raw,raw,chronos-bolt-small,chronos,split-3,2023-12-05,82,5,5.4286279678344727,6.8156895637512207,7
chronos/raw,raw,chronos-bolt-small,chronos,split-3,2023-12-06,11,8,8.9304361343383789,11.356562614440918,12
chronos/raw,raw,chronos-bolt-small,chronos,split-3,2023-12-06,12,7,5.389397144317627,7.271787166595459,8
chronos/raw,raw,chronos-bolt-small,chronos,split-3,2023-12-06,13,7,7.6090803146362305,10.044160842895508,11
chronos/raw,raw,chronos-bolt-small,chronos,split-3,2023-12-06,21,12,8.2444400787353516,11.103885650634766,12
chronos/raw,raw,chronos-bolt-small,chronos,split-3,2023-12-06,35,9,7.17425537109375,9.9915237426757812,10
chronos/raw,raw,chronos-bolt-small,chronos,split-3,2023-12-06,82,6,5.11029052734375,6.5681896209716797,7
chronos/raw,raw,chronos-bolt-small,chronos,split-3,2023-12-07,11,8,8.2909879684448242,10.54054069519043,11
chronos/raw,raw,chronos-bolt-small,chronos,split-3,2023-12-07,12,3,6.0072293281555176,7.9429841041564941,8
chronos/raw,raw,chronos-bolt-small,chronos,split-3,2023-12-07,13,10,7.2165584564208984,9.5656270980834961,10
chronos/raw,raw,chronos-bolt-small,chronos,split-3,2023-12-07,21,11,8.5651416778564453,11.56618595123291,12
chronos/raw,raw,chronos-bolt-small,chronos,split-3,2023-12-07,35,10,7.9338665008544922,10.780736923217773,11
chronos/raw,raw,chronos-bolt-small,chronos,split-3,2023-12-07,82,4,5.3105354309082031,6.6231460571289062,7
chronos/raw,raw,chronos-bolt-small,chronos,split-3,2023-12-08,11,12,7.6727933883666992,9.8935775756835938,10
chronos/raw,raw,chronos-bolt-small,chronos,split-3,2023-12-08,12,9,4.3515257835388184,6.1025686264038086,7
chronos/raw,raw,chronos-bolt-small,chronos,split-3,2023-12-08,13,10,7.5775718688964844,9.8962306976318359,10
chronos/raw,raw,chronos-bolt-small,chronos,split-3,2023-12-08,21,16,8.3625288009643555,11.43596076965332,12
chronos/raw,raw,chronos-bolt-small,chronos,split-3,2023-12-08,35,10,8.5358562469482422,11.316803932189941,12
chronos/raw,raw,chronos-bolt-small,chronos,split-3,2023-12-08,82,12,4.5821971893310547,5.8844575881958008,6
chronos/raw,raw,chronos-bolt-small,chronos,split-3,2023-12-09,11,12,9.1826238632202148,11.64207649230957,12
chronos/raw,raw,chronos-bolt-small,chronos,split-3,2023-12-09,12,8,5.3796510696411133,7.3378314971923828,8
chronos/raw,raw,chronos-bolt-small,chronos,split-3,2023-12-09,13,23,7.8849020004272461,10.53111457824707,11
chronos/raw,raw,chronos-bolt-small,chronos,split-3,2023-12-09,21,30,9.7600784301757812,13.496613502502441,14
chronos/raw,raw,chronos-bolt-small,chronos,split-3,2023-12-09,35,22,9.1379928588867188,12.039401054382324,13
chronos/raw,raw,chronos-bolt-small,chronos,split-3,2023-12-09,82,12,7.0456666946411133,10.125087738037109,11
chronos/raw,raw,chronos-bolt-small,chronos,split-3,2023-12-10,11,13,10.505387306213379,13.251863479614258,14
chronos/raw,raw,chronos-bolt-small,chronos,split-3,2023-12-10,12,5,6.1773762702941895,8.132502555847168,9
chronos/raw,raw,chronos-bolt-small,chronos,split-3,2023-12-10,13,19,12.418633460998535,17.649761199951172,18
chronos/raw,raw,chronos-bolt-small,chronos,split-3,2023-12-10,21,8,15.70551872253418,22.182487487792969,23
chronos/raw,raw,chronos-bolt-small,chronos,split-3,2023-12-10,35,14,11.869277954101562,16.670543670654297,17
chronos/raw,raw,chronos-bolt-small,chronos,split-3,2023-12-10,82,11,8.0489997863769531,11.044157028198242,12
chronos/raw,raw,chronos-bolt-small,chronos,split-3,2023-12-11,11,2,11.138442993164062,13.912922859191895,14
chronos/raw,raw,chronos-bolt-small,chronos,split-3,2023-12-11,12,2,6.4795169830322266,8.3767938613891602,9
chronos/raw,raw,chronos-bolt-small,chronos,split-3,2023-12-11,13,5,14.409181594848633,19.002208709716797,20
chronos/raw,raw,chronos-bolt-small,chronos,split-3,2023-12-11,21,2,13.139718055725098,17.354007720947266,18
chronos/raw,raw,chronos-bolt-small,chronos,split-3,2023-12-11,35,12,11.09770393371582,14.782415390014648,15
chronos/raw,raw,chronos-bolt-small,chronos,split-3,2023-12-11,82,3,8.0078334808349609,10.361845016479492,11
chronos/daily56,daily56,chronos-bolt-small,chronos,split-3,2023-11-01,11,9,10.682263374328613,14.396483421325684,15
chronos/daily56,daily56,chronos-bolt-small,chronos,split-3,2023-11-01,12,5,7.3172798156738281,9.1688730716705322,10
chronos/daily56,daily56,chronos-bolt-small,chronos,split-3,2023-11-01,13,16,14.93596076965332,19.174283981323242,20
chronos/daily56,daily56,chronos-bolt-small,chronos,split-3,2023-11-01,21,14,16.371115684509277,20.132843971252441,21
chronos/daily56,daily56,chronos-bolt-small,chronos,split-3,2023-11-01,35,20,25.205005645751953,31.444460868835449,32
chronos/daily56,daily56,chronos-bolt-small,chronos,split-3,2023-11-01,82,12,16.813754081726074,17.577066421508789,18
chronos/daily56,daily56,chronos-bolt-small,chronos,split-3,2023-11-02,11,17,8.3689117431640625,11.456976890563965,12
chronos/daily56,daily56,chronos-bolt-small,chronos,split-3,2023-11-02,12,15,5.7303853034973145,7.334158182144165,8
chronos/daily56,daily56,chronos-bolt-small,chronos,split-3,2023-11-02,13,20,15.528324127197266,19.196123123168945,20
chronos/daily56,daily56,chronos-bolt-small,chronos,split-3,2023-11-02,21,13,14.175984382629395,17.76917552947998,18
chronos/daily56,daily56,chronos-bolt-small,chronos,split-3,2023-11-02,35,27,21.205549240112305,28.228110313415527,29
chronos/daily56,daily56,chronos-bolt-small,chronos,split-3,2023-11-02,82,14,13.295493125915527,13.865406036376953,14
chronos/daily56,daily56,chronos-bolt-small,chronos,split-3,2023-11-03,11,11,9.7584657669067383,14.254709720611572,15
chronos/daily56,daily56,chronos-bolt-small,chronos,split-3,2023-11-03,12,9,8.1305680274963379,11.08805775642395,12
chronos/daily56,daily56,chronos-bolt-small,chronos,split-3,2023-11-03,13,17,16.632776260375977,20.657356262207031,21
chronos/daily56,daily56,chronos-bolt-small,chronos,split-3,2023-11-03,21,5,13.099016189575195,15.551817893981934,16
chronos/daily56,daily56,chronos-bolt-small,chronos,split-3,2023-11-03,35,21,24.110374450683594,30.401127815246582,31
chronos/daily56,daily56,chronos-bolt-small,chronos,split-3,2023-11-03,82,12,13.977992057800293,14.823473930358887,15
chronos/daily56,daily56,chronos-bolt-small,chronos,split-3,2023-11-04,11,11,9.072479248046875,12.831970691680908,13
chronos/daily56,daily56,chronos-bolt-small,chronos,split-3,2023-11-04,12,4,7.1267786026000977,9.3420851230621338,10
chronos/daily56,daily56,chronos-bolt-small,chronos,split-3,2023-11-04,13,9,16.74128532409668,20.949153900146484,21
chronos/daily56,daily56,chronos-bolt-small,chronos,split-3,2023-11-04,21,12,10.894010543823242,12.434956550598145,13
chronos/daily56,daily56,chronos-bolt-small,chronos,split-3,2023-11-04,35,17,20.032617568969727,26.684605598449707,27
chronos/daily56,daily56,chronos-bolt-small,chronos,split-3,2023-11-04,82,12,12.093774795532227,12.941070556640625,13
chronos/daily56,daily56,chronos-bolt-small,chronos,split-3,2023-11-05,11,4,9.0543966293334961,12.52696418762207,13
chronos/daily56,daily56,chronos-bolt-small,chronos,split-3,2023-11-05,12,2,6.3334779739379883,8.6191141605377197,9
chronos/daily56,daily56,chronos-bolt-small,chronos,split-3,2023-11-05,13,9,14.344305992126465,18.679580688476562,19
chronos/daily56,daily56,chronos-bolt-small,chronos,split-3,2023-11-05,21,8,11.931503295898438,13.206826210021973,14
chronos/daily56,daily56,chronos-bolt-small,chronos,split-3,2023-11-05,35,16,18.084957122802734,24.69040584564209,25
chronos/daily56,daily56,chronos-bolt-small,chronos,split-3,2023-11-05,82,11,12.110023498535156,13.207125663757324,14
chronos/daily56,daily56,chronos-bolt-small,chronos,split-3,2023-11-06,11,8,6.2927026748657227,9.1105403900146484,10
chronos/daily56,daily56,chronos-bolt-small,chronos,split-3,2023-11-06,12,5,5.5457077026367188,7.7478773593902588,8
chronos/daily56,daily56,chronos-bolt-small,chronos,split-3,2023-11-06,13,11,12.811500549316406,16.107339859008789,17
chronos/daily56,daily56,chronos-bolt-small,chronos,split-3,2023-11-06,21,14,10.926737785339355,12.109623908996582,13
chronos/daily56,daily56,chronos-bolt-small,chronos,split-3,2023-11-06,35,14,16.255365371704102,22.41896915435791,23
chronos/daily56,daily56,chronos-bolt-small,chronos,split-3,2023-11-06,82,10,11.442937850952148,12.452991485595703,13
chronos/daily56,daily56,chronos-bolt-small,chronos,split-3,2023-11-07,11,6,6.5940079689025879,9.0741710662841797,10
chronos/daily56,daily56,chronos-bolt-small,chronos,split-3,2023-11-07,12,2,5.2726731300354004,7.0518372058868408,8
chronos/daily56,daily56,chronos-bolt-small,chronos,split-3,2023-11-07,13,11,11.888421058654785,14.881191253662109,15
chronos/daily56,daily56,chronos-bolt-small,chronos,split-3,2023-11-07,21,12,11.529136657714844,13.55086612701416,14
chronos/daily56,daily56,chronos-bolt-small,chronos,split-3,2023-11-07,35,17,14.10529899597168,20.389798164367676,21
chronos/daily56,daily56,chronos-bolt-small,chronos,split-3,2023-11-07,82,8,10.464637756347656,11.310951232910156,12
chronos/daily56,daily56,chronos-bolt-small,chronos,split-3,2023-11-08,11,7,5.9152951240539551,8.1306257247924805,9
chronos/daily56,daily56,chronos-bolt-small,chronos,split-3,2023-11-08,12,3,3.8354735374450684,5.1482384204864502,6
chronos/daily56,daily56,chronos-bolt-small,chronos,split-3,2023-11-08,13,5,11.20683765411377,14.135195732116699,15
chronos/daily56,daily56,chronos-bolt-small,chronos,split-3,2023-11-08,21,6,11.15432071685791,12.757966041564941,13
chronos/daily56,daily56,chronos-bolt-small,chronos,split-3,2023-11-08,82,8,8.2832126617431641,8.8251810073852539,9
chronos/daily56,daily56,chronos-bolt-small,chronos,split-3,2023-11-09,11,5,5.8098845481872559,7.710655689239502,8
chronos/daily56,daily56,chronos-bolt-small,chronos,split-3,2023-11-09,12,4,3.5076498985290527,4.8425099849700928,5
chronos/daily56,daily56,chronos-bolt-small,chronos,split-3,2023-11-09,13,5,8.2730712890625,10.697574615478516,11
chronos/daily56,daily56,chronos-bolt-small,chronos,split-3,2023-11-09,21,7,8.2089710235595703,8.9454421997070312,9
chronos/daily56,daily56,chronos-bolt-small,chronos,split-3,2023-11-09,35,10,13.418758392333984,19.416296005249023,20
chronos/daily56,daily56,chronos-bolt-small,chronos,split-3,2023-11-09,82,8,7.7240695953369141,7.8519268035888672,8
chronos/daily56,daily56,chronos-bolt-small,chronos,split-3,2023-11-10,11,9,4.9368557929992676,6.6385893821716309,7
chronos/daily56,daily56,chronos-bolt-small,chronos,split-3,2023-11-10,12,4,3.6209077835083008,4.8570599555969238,5
chronos/daily56,daily56,chronos-bolt-small,chronos,split-3,2023-11-10,13,5,6.830780029296875,9.3331317901611328,10
chronos/daily56,daily56,chronos-bolt-small,chronos,split-3,2023-11-10,21,11,7.7131137847900391,8.3555707931518555,9
chronos/daily56,daily56,chronos-bolt-small,chronos,split-3,2023-11-10,35,9,10.735212326049805,16.559741973876953,17
chronos/daily56,daily56,chronos-bolt-small,chronos,split-3,2023-11-10,82,6,7.4497966766357422,7.5173044204711914,8
chronos/daily56,daily56,chronos-bolt-small,chronos,split-3,2023-11-11,11,5,6.2553377151489258,8.3321552276611328,9
chronos/daily56,daily56,chronos-bolt-small,chronos,split-3,2023-11-11,13,10,5.850588321685791,8.4135828018188477,9
chronos/daily56,daily56,chronos-bolt-small,chronos,split-3,2023-11-11,21,10,8.6676702499389648,10.125306129455566,11
chronos/daily56,daily56,chronos-bolt-small,chronos,split-3,2023-11-11,35,11,7.4938831329345703,12.883918762207031,13
chronos/daily56,daily56,chronos-bolt-small,chronos,split-3,2023-11-11,82,7,6.4718456268310547,6.4718456268310547,7
chronos/daily56,daily56,chronos-bolt-small,chronos,split-3,2023-11-12,11,8,5.1844882965087891,7.0573391914367676,8
chronos/daily56,daily56,chronos-bolt-small,chronos,split-3,2023-11-12,12,6,3.3476104736328125,4.4471187591552734,5
chronos/daily56,daily56,chronos-bolt-small,chronos,split-3,2023-11-12,13,10,7.0353379249572754,9.5919952392578125,10
chronos/daily56,daily56,chronos-bolt-small,chronos,split-3,2023-11-12,21,12,9.5326900482177734,10.886277675628662,11
chronos/daily56,daily56,chronos-bolt-small,chronos,split-3,2023-11-12,35,12,7.6408977508544922,12.049125671386719,13
chronos/daily56,daily56,chronos-bolt-small,chronos,split-3,2023-11-12,82,8,6.4080438613891602,6.4080438613891602,7
chronos/daily56,daily56,chronos-bolt-small,chronos,split-3,2023-11-13,11,8,6.006413459777832,8.1456723213195801,9
chronos/daily56,daily56,chronos-bolt-small,chronos,split-3,2023-11-13,12,5,5.2756614685058594,6.8447866439819336,7
chronos/daily56,daily56,chronos-bolt-small,chronos,split-3,2023-11-13,13,12,8.7457599639892578,11.696481704711914,12
chronos/daily56,daily56,chronos-bolt-small,chronos,split-3,2023-11-13,21,8,11.289783477783203,12.561539649963379,13
chronos/daily56,daily56,chronos-bolt-small,chronos,split-3,2023-11-13,35,12,10.381126403808594,12.641006469726562,13
chronos/daily56,daily56,chronos-bolt-small,chronos,split-3,2023-11-13,82,10,6.9877119064331055,6.9877119064331055,7
chronos/daily56,daily56,chronos-bolt-small,chronos,split-3,2023-11-14,11,8,5.8863320350646973,7.8887534141540527,8
chronos/daily56,daily56,chronos-bolt-small,chronos,split-3,2023-11-14,12,6,4.5020761489868164,5.7727279663085938,6
chronos/daily56,daily56,chronos-bolt-small,chronos,split-3,2023-11-14,13,9,8.5674924850463867,11.1500084400177,12
chronos/daily56,daily56,chronos-bolt-small,chronos,split-3,2023-11-14,21,12,7.5834856033325195,8.2540364265441895,9
chronos/daily56,daily56,chronos-bolt-small,chronos,split-3,2023-11-14,35,9,10.699535369873047,12.703066825866699,13
chronos/daily56,daily56,chronos-bolt-small,chronos,split-3,2023-11-14,82,6,8.1182785034179688,8.2153937816619873,9
chronos/daily56,daily56,chronos-bolt-small,chronos,split-3,2023-11-15,11,8,6.4647297859191895,8.3767960071563721,9
chronos/daily56,daily56,chronos-bolt-small,chronos,split-3,2023-11-15,12,4,3.9988760948181152,5.3640866279602051,6
chronos/daily56,daily56,chronos-bolt-small,chronos,split-3,2023-11-15,13,5,7.9645118713378906,10.351930856704712,11
chronos/daily56,daily56,chronos-bolt-small,chronos,split-3,2023-11-15,21,10,8.4258832931518555,9.7591991424560547,10
chronos/daily56,daily56,chronos-bolt-small,chronos,split-3,2023-11-15,35,10,9.8949317932128906,11.994586944580078,12
chronos/daily56,daily56,chronos-bolt-small,chronos,split-3,2023-11-15,82,8,6.0411691665649414,6.0411691665649414,7
chronos/daily56,daily56,chronos-bolt-small,chronos,split-3,2023-11-17,11,5,6.9305152893066406,8.9395585060119629,9
chronos/daily56,daily56,chronos-bolt-small,chronos,split-3,2023-11-17,12,5,4.062084436416626,5.8174774646759033,6
chronos/daily56,daily56,chronos-bolt-small,chronos,split-3,2023-11-17,13,10,6.2708358764648438,8.8310832977294922,9
chronos/daily56,daily56,chronos-bolt-small,chronos,split-3,2023-11-17,21,11,7.7330970764160156,9.572418212890625,10
chronos/daily56,daily56,chronos-bolt-small,chronos,split-3,2023-11-17,35,11,10.048430442810059,12.569900989532471,13
chronos/daily56,daily56,chronos-bolt-small,chronos,split-3,2023-11-17,82,4,6.166468620300293,6.4660482406616211,7
chronos/daily56,daily56,chronos-bolt-small,chronos,split-3,2023-11-18,11,5,6.0396404266357422,7.9349455833435059,8
chronos/daily56,daily56,chronos-bolt-small,chronos,split-3,2023-11-18,12,5,4.0186707973480225,5.8822133541107178,6
chronos/daily56,daily56,chronos-bolt-small,chronos,split-3,2023-11-18,13,11,7.3683414459228516,10.672810554504395,11
chronos/daily56,daily56,chronos-bolt-small,chronos,split-3,2023-11-18,21,12,8.8918323516845703,10.841438293457031,11
chronos/daily56,daily56,chronos-bolt-small,chronos,split-3,2023-11-18,35,12,9.518366813659668,12.151004552841187,13
chronos/daily56,daily56,chronos-bolt-small,chronos,split-3,2023-11-18,82,8,4.821558952331543,4.8474254608154297,5
chronos/daily56,daily56,chronos-bolt-small,chronos,split-3,2023-11-19,11,6,5.4752426147460938,7.8691706657409668,8
chronos/daily56,daily56,chronos-bolt-small,chronos,split-3,2023-11-19,12,5,4.5052244663238525,6.1960358619689941,7
chronos/daily56,daily56,chronos-bolt-small,chronos,split-3,2023-11-19,13,9,9.3896465301513672,13.024143695831299,14
chronos/daily56,daily56,chronos-bolt-small,chronos,split-3,2023-11-19,21,13,10.885212898254395,13.072432518005371,14
chronos/daily56,daily56,chronos-bolt-small,chronos,split-3,2023-11-19,35,9,10.610836982727051,12.786101818084717,13
chronos/daily56,daily56,chronos-bolt-small,chronos,split-3,2023-11-19,82,8,6.1492071151733398,7.0659990310668945,8
chronos/daily56,daily56,chronos-bolt-small,chronos,split-3,2023-11-20,11,3,5.9874429702758789,7.8968524932861328,8
chronos/daily56,daily56,chronos-bolt-small,chronos,split-3,2023-11-20,12,4,4.8229608535766602,6.3336553573608398,7
chronos/daily56,daily56,chronos-bolt-small,chronos,split-3,2023-11-20,13,13,8.7961082458496094,12.181398868560791,13
chronos/daily56,daily56,chronos-bolt-small,chronos,split-3,2023-11-20,21,8,11.517049789428711,13.426827430725098,14
chronos/daily56,daily56,chronos-bolt-small,chronos,split-3,2023-11-20,35,10,9.3610143661499023,10.843149662017822,11
chronos/daily56,daily56,chronos-bolt-small,chronos,split-3,2023-11-20,82,8,6.452326774597168,7.4453811645507812,8
chronos/daily56,daily56,chronos-bolt-small,chronos,split-3,2023-11-21,11,5,4.4580287933349609,6.3223867416381836,7
chronos/daily56,daily56,chronos-bolt-small,chronos,split-3,2023-11-21,12,5,4.2700803279876709,5.3981504440307617,6
chronos/daily56,daily56,chronos-bolt-small,chronos,split-3,2023-11-21,13,11,8.560725212097168,11.822639942169189,12
chronos/daily56,daily56,chronos-bolt-small,chronos,split-3,2023-11-21,21,11,8.9032745361328125,10.653883934020996,11
chronos/daily56,daily56,chronos-bolt-small,chronos,split-3,2023-11-21,35,11,9.5781984329223633,10.940680742263794,11
chronos/daily56,daily56,chronos-bolt-small,chronos,split-3,2023-11-21,82,9,5.9848794937133789,6.6348915100097656,7
chronos/daily56,daily56,chronos-bolt-small,chronos,split-3,2023-11-22,11,6,4.4831533432006836,6.4321012496948242,7
chronos/daily56,daily56,chronos-bolt-small,chronos,split-3,2023-11-22,12,6,3.9149909019470215,4.8637371063232422,5
chronos/daily56,daily56,chronos-bolt-small,chronos,split-3,2023-11-22,13,8,8.5512237548828125,10.757055759429932,11
chronos/daily56,daily56,chronos-bolt-small,chronos,split-3,2023-11-22,21,15,8.7297420501708984,10.058795928955078,11
chronos/daily56,daily56,chronos-bolt-small,chronos,split-3,2023-11-22,35,16,10.011649131774902,10.836839437484741,11
chronos/daily56,daily56,chronos-bolt-small,chronos,split-3,2023-11-22,82,9,6.1947221755981445,7.0106639862060547,8
chronos/daily56,daily56,chronos-bolt-small,chronos,split-3,2023-11-23,11,4,5.4097719192504883,6.6189079284667969,7
chronos/daily56,daily56,chronos-bolt-small,chronos,split-3,2023-11-23,12,5,4.2107439041137695,5.1173834800720215,6
chronos/daily56,daily56,chronos-bolt-small,chronos,split-3,2023-11-23,13,8,8.5098953247070312,10.627098560333252,11
chronos/daily56,daily56,chronos-bolt-small,chronos,split-3,2023-11-23,21,6,9.4691066741943359,11.396399974822998,12
chronos/daily56,daily56,chronos-bolt-small,chronos,split-3,2023-11-23,35,7,12.067078590393066,14.164101362228394,15
chronos/daily56,daily56,chronos-bolt-small,chronos,split-3,2023-11-23,82,6,6.7223186492919922,7.7002582550048828,8
chronos/daily56,daily56,chronos-bolt-small,chronos,split-3,2023-11-24,11,9,5.0774564743041992,6.2243480682373047,7
chronos/daily56,daily56,chronos-bolt-small,chronos,split-3,2023-11-24,12,11,3.8816187381744385,4.4844260215759277,5
chronos/daily56,daily56,chronos-bolt-small,chronos,split-3,2023-11-24,13,11,8.3841152191162109,10.335592746734619,11
chronos/daily56,daily56,chronos-bolt-small,chronos,split-3,2023-11-24,21,12,8.1761941909790039,9.7671246528625488,10
chronos/daily56,daily56,chronos-bolt-small,chronos,split-3,2023-11-24,35,10,10.262961387634277,10.75753378868103,11
chronos/daily56,daily56,chronos-bolt-small,chronos,split-3,2023-11-24,82,7,5.5319852828979492,6.1876592636108398,7
chronos/daily56,daily56,chronos-bolt-small,chronos,split-3,2023-11-25,11,11,5.8498210906982422,7.6671817302703857,8
chronos/daily56,daily56,chronos-bolt-small,chronos,split-3,2023-11-25,12,8,5.6240816116333008,6.8728110790252686,7
chronos/daily56,daily56,chronos-bolt-small,chronos,split-3,2023-11-25,13,12,9.1848888397216797,11.243596076965332,12
chronos/daily56,daily56,chronos-bolt-small,chronos,split-3,2023-11-25,21,13,9.3354072570800781,10.981646060943604,11
chronos/daily56,daily56,chronos-bolt-small,chronos,split-3,2023-11-25,35,7,9.8387222290039062,10.356520414352417,11
chronos/daily56,daily56,chronos-bolt-small,chronos,split-3,2023-11-25,82,7,5.9456396102905273,6.7261004447937012,7
chronos/daily56,daily56,chronos-bolt-small,chronos,split-3,2023-11-26,11,8,6.5506477355957031,8.5842831134796143,9
chronos/daily56,daily56,chronos-bolt-small,chronos,split-3,2023-11-26,12,8,6.1661839485168457,7.5461597442626953,8
chronos/daily56,daily56,chronos-bolt-small,chronos,split-3,2023-11-26,13,7,10.183956146240234,12.634999752044678,13
chronos/daily56,daily56,chronos-bolt-small,chronos,split-3,2023-11-26,21,10,11.03416633605957,13.201521873474121,14
chronos/daily56,daily56,chronos-bolt-small,chronos,split-3,2023-11-26,35,12,9.2531881332397461,9.8349759578704834,10
chronos/daily56,daily56,chronos-bolt-small,chronos,split-3,2023-11-26,82,7,5.8913383483886719,6.7208747863769531,7
chronos/daily56,daily56,chronos-bolt-small,chronos,split-3,2023-11-27,11,10,6.615757942199707,8.1320614814758301,9
chronos/daily56,daily56,chronos-bolt-small,chronos,split-3,2023-11-27,12,3,6.5505332946777344,7.9576797485351562,8
chronos/daily56,daily56,chronos-bolt-small,chronos,split-3,2023-11-27,13,10,9.4723014831542969,11.744431972503662,12
chronos/daily56,daily56,chronos-bolt-small,chronos,split-3,2023-11-27,21,10,12.679515838623047,14.365189075469971,15
chronos/daily56,daily56,chronos-bolt-small,chronos,split-3,2023-11-27,35,6,9.9310712814331055,10.566550970077515,11
chronos/daily56,daily56,chronos-bolt-small,chronos,split-3,2023-11-27,82,4,6.0343170166015625,6.7812261581420898,7
chronos/daily56,daily56,chronos-bolt-small,chronos,split-3,2023-11-28,11,10,7.027430534362793,8.6605391502380371,9
chronos/daily56,daily56,chronos-bolt-small,chronos,split-3,2023-11-28,12,8,4.6308519840240479,5.6346871852874756,6
chronos/daily56,daily56,chronos-bolt-small,chronos,split-3,2023-11-28,13,8,9.2435617446899414,10.987045288085938,11
chronos/daily56,daily56,chronos-bolt-small,chronos,split-3,2023-11-28,21,9,10.262091636657715,11.615659236907959,12
chronos/daily56,daily56,chronos-bolt-small,chronos,split-3,2023-11-28,35,5,8.2029275894165039,8.7015631198883057,9
chronos/daily56,daily56,chronos-bolt-small,chronos,split-3,2023-11-28,82,5,4.7670612335205078,5.1665530204772949,6
chronos/daily56,daily56,chronos-bolt-small,chronos,split-3,2023-11-29,11,11,7.0517559051513672,9.0457336902618408,10
chronos/daily56,daily56,chronos-bolt-small,chronos,split-3,2023-11-29,12,8,6.0449190139770508,7.4665489196777344,8
chronos/daily56,daily56,chronos-bolt-small,chronos,split-3,2023-11-29,13,10,8.4436426162719727,10.091940879821777,11
chronos/daily56,daily56,chronos-bolt-small,chronos,split-3,2023-11-29,21,13,9.0143756866455078,10.083672523498535,11
chronos/daily56,daily56,chronos-bolt-small,chronos,split-3,2023-11-29,35,10,7.3880338668823242,8.0591433048248291,9
chronos/daily56,daily56,chronos-bolt-small,chronos,split-3,2023-11-29,82,6,4.8482065200805664,5.3460497856140137,6
chronos/daily56,daily56,chronos-bolt-small,chronos,split-3,2023-11-30,11,8,7.8039379119873047,10.612616777420044,11
chronos/daily56,daily56,chronos-bolt-small,chronos,split-3,2023-11-30,12,5,5.9297246932983398,7.2739799022674561,8
chronos/daily56,daily56,chronos-bolt-small,chronos,split-3,2023-11-30,13,9,8.5150365829467773,10.010085582733154,11
chronos/daily56,daily56,chronos-bolt-small,chronos,split-3,2023-11-30,21,13,9.5541610717773438,11.027954578399658,12
chronos/daily56,daily56,chronos-bolt-small,chronos,split-3,2023-11-30,35,10,8.2558717727661133,9.1099774837493896,10
chronos/daily56,daily56,chronos-bolt-small,chronos,split-3,2023-11-30,82,6,5.2999601364135742,5.9854073524475098,6
chronos/daily56,daily56,chronos-bolt-small,chronos,split-3,2023-12-01,11,9,7.2340450286865234,9.8112375736236572,10
chronos/daily56,daily56,chronos-bolt-small,chronos,split-3,2023-12-01,12,2,5.037067174911499,6.2681999206542969,7
chronos/daily56,daily56,chronos-bolt-small,chronos,split-3,2023-12-01,13,7,8.2977657318115234,10.031628131866455,11
chronos/daily56,daily56,chronos-bolt-small,chronos,split-3,2023-12-01,21,5,9.9150991439819336,11.988102436065674,12
chronos/daily56,daily56,chronos-bolt-small,chronos,split-3,2023-12-01,35,9,8.759739875793457,9.6838109493255615,10
chronos/daily56,daily56,chronos-bolt-small,chronos,split-3,2023-12-01,82,4,5.4896259307861328,6.2466776371002197,7
chronos/daily56,daily56,chronos-bolt-small,chronos,split-3,2023-12-02,11,8,8.3678522109985352,10.602327108383179,11
chronos/daily56,daily56,chronos-bolt-small,chronos,split-3,2023-12-02,12,8,3.6298954486846924,4.9855837821960449,5
chronos/daily56,daily56,chronos-bolt-small,chronos,split-3,2023-12-02,13,13,7.1243476867675781,9.2622871398925781,10
chronos/daily56,daily56,chronos-bolt-small,chronos,split-3,2023-12-02,21,19,8.0787620544433594,9.7766165733337402,10
chronos/daily56,daily56,chronos-bolt-small,chronos,split-3,2023-12-02,35,15,8.1690473556518555,8.7985231876373291,9
chronos/daily56,daily56,chronos-bolt-small,chronos,split-3,2023-12-02,82,6,4.5221242904663086,5.1159236431121826,6
chronos/daily56,daily56,chronos-bolt-small,chronos,split-3,2023-12-03,11,7,8.3007936477661133,10.359006643295288,11
chronos/daily56,daily56,chronos-bolt-small,chronos,split-3,2023-12-03,12,7,5.994269847869873,7.7135703563690186,8
chronos/daily56,daily56,chronos-bolt-small,chronos,split-3,2023-12-03,13,8,8.9041280746459961,11.652366161346436,12
chronos/daily56,daily56,chronos-bolt-small,chronos,split-3,2023-12-03,21,4,12.238863945007324,15.072266101837158,16
chronos/daily56,daily56,chronos-bolt-small,chronos,split-3,2023-12-03,35,6,10.648762702941895,12.175597906112671,13
chronos/daily56,daily56,chronos-bolt-small,chronos,split-3,2023-12-03,82,6,4.9343433380126953,5.6572582721710205,6
chronos/daily56,daily56,chronos-bolt-small,chronos,split-3,2023-12-04,11,12,8.0618371963500977,10.142887830734253,11
chronos/daily56,daily56,chronos-bolt-small,chronos,split-3,2023-12-04,12,7,7.2140300273895264,8.5738818645477295,9
chronos/daily56,daily56,chronos-bolt-small,chronos,split-3,2023-12-04,13,7,8.8914957046508789,11.199150562286377,12
chronos/daily56,daily56,chronos-bolt-small,chronos,split-3,2023-12-04,21,8,10.74720287322998,12.988974094390869,13
chronos/daily56,daily56,chronos-bolt-small,chronos,split-3,2023-12-04,35,8,8.1718511581420898,9.3238065242767334,10
chronos/daily56,daily56,chronos-bolt-small,chronos,split-3,2023-12-04,82,6,4.9821767807006836,5.7802889347076416,6
chronos/daily56,daily56,chronos-bolt-small,chronos,split-3,2023-12-05,11,9,10.048572540283203,12.917734384536743,13
chronos/daily56,daily56,chronos-bolt-small,chronos,split-3,2023-12-05,12,6,6.1291866302490234,7.298187255859375,8
chronos/daily56,daily56,chronos-bolt-small,chronos,split-3,2023-12-05,13,10,7.5282163619995117,9.6608600616455078,10
chronos/daily56,daily56,chronos-bolt-small,chronos,split-3,2023-12-05,21,12,8.7422828674316406,10.800388813018799,11
chronos/daily56,daily56,chronos-bolt-small,chronos,split-3,2023-12-05,35,7,8.0287208557128906,8.6274459362030029,9
chronos/daily56,daily56,chronos-bolt-small,chronos,split-3,2023-12-05,82,5,5.183497428894043,6.0994997024536133,7
chronos/daily56,daily56,chronos-bolt-small,chronos,split-3,2023-12-06,11,8,9.2116975784301758,11.457434415817261,12
chronos/daily56,daily56,chronos-bolt-small,chronos,split-3,2023-12-06,12,7,5.3433222770690918,6.3534731864929199,7
chronos/daily56,daily56,chronos-bolt-small,chronos,split-3,2023-12-06,13,7,7.6189918518066406,9.6507515907287598,10
chronos/daily56,daily56,chronos-bolt-small,chronos,split-3,2023-12-06,21,12,9.0283908843994141,10.959164619445801,11
chronos/daily56,daily56,chronos-bolt-small,chronos,split-3,2023-12-06,35,9,7.2054157257080078,7.3719203472137451,8
chronos/daily56,daily56,chronos-bolt-small,chronos,split-3,2023-12-06,82,6,4.8651599884033203,5.8519997596740723,6
chronos/daily56,daily56,chronos-bolt-small,chronos,split-3,2023-12-07,11,8,8.5722494125366211,10.641412496566772,11
chronos/daily56,daily56,chronos-bolt-small,chronos,split-3,2023-12-07,12,3,5.9611544609069824,7.0246701240539551,8
chronos/daily56,daily56,chronos-bolt-small,chronos,split-3,2023-12-07,13,10,7.2264699935913086,9.172217845916748,10
chronos/daily56,daily56,chronos-bolt-small,chronos,split-3,2023-12-07,21,11,9.3721551895141602,11.574944019317627,12
chronos/daily56,daily56,chronos-bolt-small,chronos,split-3,2023-12-07,35,10,8.0611982345581055,8.1756598949432373,9
chronos/daily56,daily56,chronos-bolt-small,chronos,split-3,2023-12-07,82,4,5.1728668212890625,5.9869143962860107,6
chronos/daily56,daily56,chronos-bolt-small,chronos,split-3,2023-12-08,11,12,7.9540548324584961,9.9944493770599365,10
chronos/daily56,daily56,chronos-bolt-small,chronos,split-3,2023-12-08,12,9,4.3054509162902832,5.1842546463012695,6
chronos/daily56,daily56,chronos-bolt-small,chronos,split-3,2023-12-08,13,10,8.0973787307739258,9.569951057434082,10
chronos/daily56,daily56,chronos-bolt-small,chronos,split-3,2023-12-08,21,16,9.7686338424682617,11.444718837738037,12
chronos/daily56,daily56,chronos-bolt-small,chronos,split-3,2023-12-08,35,10,8.7084770202636719,8.8733761310577393,9
chronos/daily56,daily56,chronos-bolt-small,chronos,split-3,2023-12-08,82,12,4.337066650390625,5.2482259273529053,6
chronos/daily56,daily56,chronos-bolt-small,chronos,split-3,2023-12-09,11,12,9.5012168884277344,12.317419290542603,13
chronos/daily56,daily56,chronos-bolt-small,chronos,split-3,2023-12-09,12,8,5.3335762023925781,6.767833948135376,7
chronos/daily56,daily56,chronos-bolt-small,chronos,split-3,2023-12-09,13,23,8.4047088623046875,10.362905979156494,11
chronos/daily56,daily56,chronos-bolt-small,chronos,split-3,2023-12-09,21,30,11.166183471679688,13.855459690093994,14
chronos/daily56,daily56,chronos-bolt-small,chronos,split-3,2023-12-09,35,22,9.3106136322021484,9.7732093334197998,10
chronos/daily56,daily56,chronos-bolt-small,chronos,split-3,2023-12-09,82,12,6.8005361557006836,9.5188534259796143,10
chronos/daily56,daily56,chronos-bolt-small,chronos,split-3,2023-12-10,11,13,10.885893821716309,13.93734884262085,14
chronos/daily56,daily56,chronos-bolt-small,chronos,split-3,2023-12-10,12,5,6.2567360401153564,7.7277369499206543,8
chronos/daily56,daily56,chronos-bolt-small,chronos,split-3,2023-12-10,13,19,13.041766166687012,17.637794494628906,18
chronos/daily56,daily56,chronos-bolt-small,chronos,split-3,2023-12-10,21,8,17.17512321472168,22.974886894226074,23
chronos/daily56,daily56,chronos-bolt-small,chronos,split-3,2023-12-10,35,14,12.080699920654297,14.766944408416748,15
chronos/daily56,daily56,chronos-bolt-small,chronos,split-3,2023-12-10,82,11,7.9113311767578125,10.471240520477295,11
chronos/daily56,daily56,chronos-bolt-small,chronos,split-3,2023-12-11,11,2,11.518949508666992,14.260703802108765,15
chronos/daily56,daily56,chronos-bolt-small,chronos,split-3,2023-12-11,12,2,6.5588767528533936,7.9720282554626465,8
chronos/daily56,daily56,chronos-bolt-small,chronos,split-3,2023-12-11,13,5,15.092157363891602,19.077229499816895,20
chronos/daily56,daily56,chronos-bolt-small,chronos,split-3,2023-12-11,21,2,14.545823097229004,18.146407127380371,19
chronos/daily56,daily56,chronos-bolt-small,chronos,split-3,2023-12-11,35,12,11.522492408752441,12.8788161277771,13
chronos/daily56,daily56,chronos-bolt-small,chronos,split-3,2023-12-11,82,3,7.9345741271972656,9.8100717067718506,10
