date,product,nativeP10,nativeP20,nativeP30,nativeP40,nativeP50,nativeP60,nativeP70,nativeP80,nativeP90,requestedP10,requestedP50,requestedP75,requestedP90
2023-05-06,11,3.6113224029541016,4.7491006851196289,5.6632251739501953,6.5389728546142578,7.4241447448730469,8.4146900177001953,9.5824527740478516,11.138123512268066,13.869331359863281,3.6113224029541016,7.4241447448730469,10.360288619995117,13.869331359863281
2023-05-06,12,3.3889269828796387,4.5017051696777344,5.3783369064331055,6.1945056915283203,6.997401237487793,7.851161003112793,8.8332614898681641,10.104813575744629,12.256148338317871,3.3889269828796387,6.997401237487793,9.4690380096435547,12.256148338317871
2023-05-06,13,7.7404108047485352,9.8318214416503906,11.505656242370605,13.048126220703125,14.575422286987305,16.174606323242188,18.007036209106445,20.35334587097168,24.234413146972656,7.7404108047485352,14.575422286987305,19.180191040039062,24.234413146972656
2023-05-06,21,8.3131399154663086,10.630640029907227,12.531041145324707,14.292011260986328,16.061763763427734,17.882480621337891,19.933061599731445,22.539081573486328,26.732728958129883,8.3131399154663086,16.061763763427734,21.236072540283203,26.732728958129883
2023-05-06,35,13.039569854736328,15.751129150390625,17.942544937133789,20.005535125732422,22.074253082275391,24.339023590087891,26.976310729980469,30.405479431152344,36.072254180908203,13.039569854736328,22.074253082275391,28.690895080566406,36.072254180908203
2023-05-06,82,7.4644107818603516,8.9019794464111328,10.027912139892578,11.094364166259766,12.14678955078125,13.293052673339844,14.626103401184082,16.408180236816406,19.546188354492188,7.4644107818603516,12.14678955078125,15.517141342163086,19.546188354492188
2023-05-07,11,4.8055572509765625,6.0684728622436523,7.0729560852050781,8.0219364166259766,8.9825286865234375,10.037986755371094,11.274612426757812,12.905323028564453,15.7318115234375,4.8055572509765625,8.9825286865234375,12.089967727661133,15.7318115234375
2023-05-07,12,4.2848701477050781,5.304110050201416,6.1149535179138184,6.8876676559448242,7.6557793617248535,8.4838542938232422,9.4455223083496094,10.698611259460449,12.805614471435547,4.2848701477050781,7.6557793617248535,10.072067260742188,12.805614471435547
2023-05-07,13,10.740696907043457,12.789669036865234,14.400958061218262,15.90056037902832,17.384662628173828,18.959173202514648,20.745645523071289,23.056976318359375,26.844392776489258,10.740696907043457,17.384662628173828,21.901309967041016,26.844392776489258
2023-05-07,21,12.469086647033691,14.655414581298828,16.403858184814453,18.060634613037109,19.709243774414062,21.440643310546875,23.374870300292969,25.848102569580078,29.768144607543945,12.469086647033691,19.709243774414062,24.611486434936523,29.768144607543945
2023-05-07,35,21.824508666992188,25.789779663085938,28.953788757324219,31.891735076904297,34.759258270263672,37.889095306396484,41.521942138671875,46.26446533203125,53.872261047363281,21.824508666992188,34.759258270263672,43.893203735351562,53.872261047363281
2023-05-07,82,7.2639446258544922,8.6126289367675781,9.6733474731445312,10.686182022094727,11.700556755065918,12.819562911987305,14.133834838867188,15.911722183227539,19.040176391601562,7.2639446258544922,11.700556755065918,15.022778511047363,19.040176391601562
2023-05-08,11,5.0457372665405273,5.9373788833618164,6.6351404190063477,7.321415901184082,8.039921760559082,8.8912429809570312,9.9442138671875,11.384607315063477,13.979640960693359,5.0457372665405273,8.039921760559082,10.664410591125488,13.979640960693359
2023-05-08,12,4.2184782028198242,5.1272850036621094,5.8268179893493652,6.4909167289733887,7.1567144393920898,7.8927407264709473,8.7640151977539062,9.9061393737792969,11.844776153564453,4.2184782028198242,7.1567144393920898,9.3350772857666016,11.844776153564453
2023-05-08,13,9.3245449066162109,11.032299995422363,12.351077079772949,13.5968017578125,14.864187240600586,16.284551620483398,17.967065811157227,20.19160270690918,23.938814163208008,9.3245449066162109,14.864187240600586,19.079334259033203,23.938814163208008
2023-05-08,21,13.208827972412109,15.175788879394531,16.729564666748047,18.199243545532227,19.672389984130859,21.285717010498047,23.125856399536133,25.497734069824219,29.342161178588867,13.208827972412109,19.672389984130859,24.311794281005859,29.342161178588867
2023-05-08,35,14.71461296081543,17.686103820800781,20.044363021850586,22.213333129882812,24.354305267333984,26.696165084838867,29.377578735351562,32.849655151367188,38.586864471435547,14.71461296081543,24.354305267333984,31.113616943359375,38.586864471435547
2023-05-08,82,9.17572021484375,10.973204612731934,12.385214805603027,13.729578018188477,15.049739837646484,16.509798049926758,18.242641448974609,20.567424774169922,24.539106369018555,9.17572021484375,15.049739837646484,19.405033111572266,24.539106369018555
2023-05-09,11,6.2160472869873047,7.5500917434692383,8.5885343551635742,9.570643424987793,10.565231323242188,11.697834014892578,13.046823501586914,14.830307006835938,17.9488525390625,6.2160472869873047,10.565231323242188,13.938565254211426,17.9488525390625
2023-05-09,12,5.2259974479675293,6.3224196434020996,7.1633672714233398,7.9483633041381836,8.7218599319458008,9.5700721740722656,10.560526847839355,11.854897499084473,14.04060173034668,5.2259974479675293,8.7218599319458008,11.207712173461914,14.04060173034668
2023-05-09,13,10.044283866882324,12.113707542419434,13.726774215698242,15.214860916137695,16.715576171875,18.366060256958008,20.293436050415039,22.810207366943359,27.047901153564453,10.044283866882324,16.715576171875,21.551822662353516,27.047901153564453
2023-05-09,21,12.314412117004395,14.434123992919922,16.112987518310547,17.659173965454102,19.236345291137695,20.981052398681641,22.995071411132812,25.600509643554688,29.889545440673828,12.314412117004395,19.236345291137695,24.29779052734375,29.889545440673828
2023-05-09,35,13.539490699768066,16.657197952270508,19.144657135009766,21.402040481567383,23.639579772949219,26.033287048339844,28.759626388549805,32.269569396972656,38.08758544921875,13.539490699768066,23.639579772949219,30.514598846435547,38.08758544921875
2023-05-09,82,7.6341524124145508,8.9334430694580078,9.9392929077148438,10.898401260375977,11.856179237365723,12.945661544799805,14.228653907775879,15.954965591430664,18.98332405090332,7.6341524124145508,11.856179237365723,15.09181022644043,18.98332405090332
2023-05-10,11,3.9418973922729492,4.9446582794189453,5.7235841751098633,6.4613285064697266,7.2179155349731445,8.1298770904541016,9.2608766555786133,10.778661727905273,13.497496604919434,3.9418973922729492,7.2179155349731445,10.019769668579102,13.497496604919434
2023-05-10,12,3.9873623847961426,4.8125181198120117,5.4443168640136719,6.0388579368591309,6.6404743194580078,7.3350973129272461,8.1810836791992188,9.3147525787353516,11.310344696044922,3.9873623847961426,6.6404743194580078,8.7479181289672852,11.310344696044922
2023-05-10,13,7.4638223648071289,9.0315713882446289,10.266026496887207,11.416984558105469,12.603780746459961,13.969699859619141,15.589084625244141,17.718244552612305,21.347553253173828,7.4638223648071289,12.603780746459961,16.653663635253906,21.347553253173828
2023-05-10,21,8.5754556655883789,10.249430656433105,11.590737342834473,12.844546318054199,14.138040542602539,15.609837532043457,17.339977264404297,19.588703155517578,23.33751106262207,8.5754556655883789,14.138040542602539,18.464340209960938,23.33751106262207
2023-05-10,35,10.972321510314941,13.857534408569336,16.149436950683594,18.234565734863281,20.289348602294922,22.47889518737793,24.986747741699219,28.203079223632812,33.539737701416016,10.972321510314941,20.289348602294922,26.594913482666016,33.539737701416016
2023-05-10,82,7.6622686386108398,9.0426082611083984,10.114100456237793,11.120073318481445,12.121566772460938,13.245834350585938,14.561477661132812,16.325931549072266,19.420646667480469,7.6622686386108398,12.121566772460938,15.443704605102539,19.420646667480469
2023-05-11,11,3.6080236434936523,4.5406789779663086,5.2684593200683594,5.9658498764038086,6.6984968185424805,7.576195240020752,8.6701250076293945,10.157608032226562,12.813955307006836,3.6080236434936523,6.6984968185424805,9.4138660430908203,12.813955307006836
2023-05-11,12,3.3752985000610352,4.0916728973388672,4.6485443115234375,5.184882640838623,5.7411298751831055,6.4046821594238281,7.2351908683776855,8.3646650314331055,10.345982551574707,3.3752985000610352,5.7411298751831055,7.7999277114868164,10.345982551574707
2023-05-11,13,8.1125583648681641,9.6581802368164062,10.866259574890137,11.989327430725098,13.148632049560547,14.468893051147461,16.025091171264648,18.11090087890625,21.674831390380859,8.1125583648681641,13.148632049560547,17.067996978759766,21.674831390380859
2023-05-11,21,9.2531652450561523,10.964183807373047,12.330907821655273,13.634238243103027,14.979382514953613,16.475074768066406,18.209629058837891,20.490503311157227,24.259922027587891,9.2531652450561523,14.979382514953613,19.350067138671875,24.259922027587891
2023-05-11,35,8.1859169006347656,10.959230422973633,13.171257972717285,15.230779647827148,17.295528411865234,19.504489898681641,22.049825668334961,25.399106979370117,30.936330795288086,8.1859169006347656,17.295528411865234,23.724466323852539,30.936330795288086
2023-05-11,82,8.2161979675292969,9.6719398498535156,10.807163238525391,11.873662948608398,12.926139831542969,14.076732635498047,15.41187572479248,17.180854797363281,20.24726676940918,8.2161979675292969,12.926139831542969,16.296365737915039,20.24726676940918
2023-05-12,11,3.4483985900878906,4.4978313446044922,5.3214130401611328,6.1077690124511719,6.9308757781982422,7.8781328201293945,9.0263271331787109,10.570618629455566,13.335585594177246,3.4483985900878906,6.9308757781982422,9.7984733581542969,13.335585594177246
2023-05-12,12,3.3380770683288574,4.2454352378845215,4.9453587532043457,5.6088390350341797,6.2855405807495117,7.0502605438232422,7.969637393951416,9.1967802047729492,11.340714454650879,3.3380770683288574,6.2855405807495117,8.5832090377807617,11.340714454650879
2023-05-12,13,4.6119823455810547,6.4307441711425781,7.8721160888671875,9.2020540237426758,10.543661117553711,12.000303268432617,13.688257217407227,15.89362907409668,19.582611083984375,4.6119823455810547,10.543661117553711,14.790943145751953,19.582611083984375
2023-05-12,21,7.0223045349121094,9.1166868209838867,10.782865524291992,12.322507858276367,13.86876392364502,15.502922058105469,17.367681503295898,19.748615264892578,23.619462966918945,7.0223045349121094,13.86876392364502,18.558147430419922,23.619462966918945
2023-05-12,35,5.469970703125,8.4996662139892578,10.910130500793457,13.136344909667969,15.359820365905762,17.736671447753906,20.484443664550781,24.041471481323242,29.87346076965332,5.469970703125,15.359820365905762,22.262958526611328,29.87346076965332
2023-05-12,82,6.7469587326049805,7.9125776290893555,8.8245468139648438,9.7012500762939453,10.586114883422852,11.564827919006348,12.712063789367676,14.251567840576172,16.95892333984375,6.7469587326049805,10.586114883422852,13.481815338134766,16.95892333984375
2023-05-13,11,2.9775619506835938,4.0479583740234375,4.9068784713745117,5.7339000701904297,6.5875606536865234,7.5523891448974609,8.7103729248046875,10.258852005004883,13.011247634887695,2.9775619506835938,6.5875606536865234,9.4846124649047852,13.011247634887695
2023-05-13,12,1.7240152359008789,2.7005524635314941,3.4781560897827148,4.2101573944091797,4.9472541809082031,5.7506184577941895,6.7015628814697266,7.9592738151550293,10.107424736022949,1.7240152359008789,4.9472541809082031,7.330418586730957,10.107424736022949
2023-05-13,13,5.0001449584960938,6.8695640563964844,8.3901777267456055,9.819025993347168,11.256025314331055,12.796989440917969,14.572265625,16.873323440551758,20.622049331665039,5.0001449584960938,11.256025314331055,15.722794532775879,20.622049331665039
2023-05-13,21,6.6560964584350586,8.6083393096923828,10.210865020751953,11.72003173828125,13.258478164672852,14.896242141723633,16.784915924072266,19.203824996948242,23.083545684814453,6.6560964584350586,13.258478164672852,17.994369506835938,23.083545684814453
2023-05-13,35,6.5060863494873047,9.3031330108642578,11.57979679107666,13.716977119445801,15.876814842224121,18.208034515380859,20.918546676635742,24.458406448364258,30.264921188354492,6.5060863494873047,15.876814842224121,22.6884765625,30.264921188354492
2023-05-13,82,5.0527486801147461,6.2691593170166016,7.2441186904907227,8.1875457763671875,9.1520805358886719,10.234041213989258,11.49809455871582,13.188170433044434,16.079322814941406,5.0527486801147461,9.1520805358886719,12.343132019042969,16.079322814941406
2023-05-14,11,4.472264289855957,5.5660800933837891,6.4227867126464844,7.2594146728515625,8.123199462890625,9.1113758087158203,10.290140151977539,11.867428779602051,14.654454231262207,4.472264289855957,8.123199462890625,11.078784942626953,14.654454231262207
2023-05-14,12,2.2934837341308594,3.2358112335205078,3.9646162986755371,4.6589007377624512,5.3593282699584961,6.1282668113708496,7.0389137268066406,8.2493619918823242,10.300225257873535,2.2934837341308594,5.3593282699584961,7.6441378593444824,10.300225257873535
2023-05-14,13,8.8726387023925781,10.682248115539551,12.099289894104004,13.466867446899414,14.847490310668945,16.355886459350586,18.078533172607422,20.331218719482422,24.032011032104492,8.8726387023925781,14.847490310668945,19.204875946044922,24.032011032104492
2023-05-14,21,11.104140281677246,13.07703685760498,14.66423225402832,16.205524444580078,17.767604827880859,19.44990348815918,21.355249404907227,23.831750869750977,27.802696228027344,11.104140281677246,17.767604827880859,22.593500137329102,27.802696228027344
2023-05-14,35,11.377287864685059,13.845738410949707,15.760549545288086,17.568775177001953,19.384700775146484,21.384517669677734,23.750188827514648,26.896320343017578,32.200958251953125,11.377287864685059,19.384700775146484,25.323253631591797,32.200958251953125
2023-05-14,82,7.5202093124389648,8.9434289932250977,10.064409255981445,11.130788803100586,12.196788787841797,13.361326217651367,14.685869216918945,16.438283920288086,19.39556884765625,7.5202093124389648,12.196788787841797,15.562076568603516,19.39556884765625
2023-05-15,11,6.7060165405273438,7.795351505279541,8.6270790100097656,9.4404239654541016,10.288503646850586,11.294477462768555,12.50308895111084,14.105442047119141,16.911382675170898,6.7060165405273438,10.288503646850586,13.304265975952148,16.911382675170898
2023-05-15,12,4.9342503547668457,6.0013875961303711,6.8104076385498047,7.5802335739135742,8.3522987365722656,9.2121086120605469,10.22200870513916,11.545110702514648,13.777467727661133,4.9342503547668457,8.3522987365722656,10.883560180664062,13.777467727661133
2023-05-15,13,10.708786010742188,12.277652740478516,13.479890823364258,14.631314277648926,15.837380409240723,17.217578887939453,18.840414047241211,20.992963790893555,24.547405242919922,10.708786010742188,15.837380409240723,19.916688919067383,24.547405242919922
2023-05-15,21,14.158184051513672,16.209693908691406,17.801446914672852,19.318815231323242,20.845952987670898,22.538053512573242,24.471673965454102,26.971275329589844,30.988113403320312,14.158184051513672,20.845952987670898,25.721473693847656,30.988113403320312
2023-05-15,35,8.9111042022705078,10.594978332519531,11.903171539306641,13.159526824951172,14.519742965698242,16.174057006835938,18.257678985595703,21.131616592407227,26.115940093994141,8.9111042022705078,14.519742965698242,19.694648742675781,26.115940093994141
2023-05-15,82,9.233424186706543,10.575595855712891,11.620136260986328,12.624399185180664,13.633026123046875,14.759788513183594,16.057863235473633,17.775348663330078,20.693552017211914,9.233424186706543,13.633026123046875,16.916606903076172,20.693552017211914
2023-05-16,11,6.3392744064331055,7.5053586959838867,8.3943881988525391,9.2508964538574219,10.155599594116211,11.24643611907959,12.560822486877441,14.311970710754395,17.382226943969727,6.3392744064331055,10.155599594116211,13.436396598815918,17.382226943969727
2023-05-16,12,5.3270602226257324,6.4885587692260742,7.3816919326782227,8.2291631698608398,9.0953941345214844,10.078591346740723,11.25300407409668,12.813673973083496,15.482797622680664,5.3270602226257324,9.0953941345214844,12.03333854675293,15.482797622680664
2023-05-16,13,9.1420383453369141,10.431267738342285,11.416383743286133,12.352838516235352,13.378141403198242,14.613892555236816,16.131750106811523,18.189939498901367,21.655851364135742,9.1420383453369141,13.378141403198242,17.160844802856445,21.655851364135742
2023-05-16,21,10.419713973999023,11.839933395385742,12.93931770324707,13.988658905029297,15.12610912322998,16.49799919128418,18.178869247436523,20.421255111694336,24.125274658203125,10.419713973999023,15.12610912322998,19.30006217956543,24.125274658203125
2023-05-16,35,8.7852325439453125,11.029068946838379,12.773049354553223,14.403742790222168,16.114936828613281,18.092592239379883,20.499654769897461,23.720134735107422,29.204164505004883,8.7852325439453125,16.114936828613281,22.109893798828125,29.204164505004883
2023-05-16,82,9.4896879196166992,11.023228645324707,12.220794677734375,13.362973213195801,14.515464782714844,15.804405212402344,17.286529541015625,19.230289459228516,22.52717399597168,9.4896879196166992,14.515464782714844,18.25840950012207,22.52717399597168
2023-05-17,11,4.4982032775878906,5.3981113433837891,6.0942678451538086,6.7721281051635742,7.502537727355957,8.43316650390625,9.6060142517089844,11.166042327880859,13.911052703857422,4.4982032775878906,7.502537727355957,10.386028289794922,13.911052703857422
2023-05-17,12,3.7815537452697754,4.7622771263122559,5.5137052536010742,6.214137077331543,6.9285917282104492,7.7564153671264648,8.7524700164794922,10.053744316101074,12.241872787475586,3.7815537452697754,6.9285917282104492,9.403106689453125,12.241872787475586
2023-05-17,13,9.3030204772949219,10.53891658782959,11.498085021972656,12.409955024719238,13.39179801940918,14.577873229980469,16.054958343505859,18.01385498046875,21.310188293457031,9.3030204772949219,13.39179801940918,17.034406661987305,21.310188293457031
2023-05-17,21,9.111170768737793,10.584735870361328,11.746794700622559,12.838261604309082,14.00275993347168,15.377830505371094,17.055459976196289,19.232582092285156,22.815666198730469,9.111170768737793,14.00275993347168,18.144020080566406,22.815666198730469
2023-05-17,35,9.4493770599365234,11.867252349853516,13.82426643371582,15.65699577331543,17.5382080078125,19.648935317993164,22.146196365356445,25.374271392822266,30.759092330932617,9.4493770599365234,17.5382080078125,23.760234832763672,30.759092330932617
2023-05-17,82,7.4049568176269531,8.6166839599609375,9.5818138122558594,10.507055282592773,11.453887939453125,12.556896209716797,13.857880592346191,15.596783638000488,18.557058334350586,7.4049568176269531,11.453887939453125,14.72733211517334,18.557058334350586
2023-05-18,11,5.4741268157958984,6.6267127990722656,7.545222282409668,8.4413156509399414,9.3845367431640625,10.488667488098145,11.817323684692383,13.565828323364258,16.627838134765625,5.4741268157958984,9.3845367431640625,12.69157600402832,16.627838134765625
2023-05-18,12,3.7187895774841309,4.7181811332702637,5.4862704277038574,6.2078723907470703,6.9445629119873047,7.7781853675842285,8.7760496139526367,10.081716537475586,12.295594215393066,3.7187895774841309,6.9445629119873047,9.4288825988769531,12.295594215393066
2023-05-18,13,8.3868341445922852,9.707188606262207,10.744668960571289,11.723342895507812,12.76988410949707,13.969682693481445,15.423110961914062,17.342052459716797,20.580751419067383,8.3868341445922852,12.76988410949707,16.38258171081543,20.580751419067383
2023-05-18,21,9.3308734893798828,11.004860877990723,12.342780113220215,13.619823455810547,14.964838027954102,16.47132682800293,18.22331428527832,20.501516342163086,24.219051361083984,9.3308734893798828,14.964838027954102,19.362415313720703,24.219051361083984
2023-05-18,35,8.6871471405029297,11.452415466308594,13.665719985961914,15.723410606384277,17.788021087646484,19.996562957763672,22.52720832824707,25.761472702026367,31.103900909423828,8.6871471405029297,17.788021087646484,24.144340515136719,31.103900909423828
2023-05-18,82,5.3530368804931641,6.3953409194946289,7.2353410720825195,8.0585861206054688,8.9226779937744141,9.9292926788330078,11.117210388183594,12.716740608215332,15.43486213684082,5.3530368804931641,8.9226779937744141,11.916975021362305,15.43486213684082
2023-05-19,11,4.0639553070068359,5.3862085342407227,6.4350423812866211,7.4365735054016113,8.4717769622802734,9.6372833251953125,11.007820129394531,12.793454170227051,15.858936309814453,4.0639553070068359,8.4717769622802734,11.900636672973633,15.858936309814453
2023-05-19,12,3.6530609130859375,5.1416478157043457,6.3089313507080078,7.3910541534423828,8.4721202850341797,9.6212568283081055,10.938591957092285,12.632171630859375,15.470142364501953,3.6530609130859375,8.4721202850341797,11.785381317138672,15.470142364501953
2023-05-19,13,7.4261445999145508,9.6414566040039062,11.428681373596191,13.075879096984863,14.734400749206543,16.46849250793457,18.451681137084961,20.991737365722656,25.123046875,7.4261445999145508,14.734400749206543,19.721710205078125,25.123046875
2023-05-19,21,6.9416074752807617,9.1537151336669922,10.914836883544922,12.548498153686523,14.195827484130859,15.930557250976562,17.905752182006836,20.411655426025391,24.446775436401367,6.9416074752807617,14.195827484130859,19.158702850341797,24.446775436401367
2023-05-19,35,17.416587829589844,21.75445556640625,25.162014007568359,28.292871475219727,31.355289459228516,34.620471954345703,38.407608032226562,43.275279998779297,51.160697937011719,17.416587829589844,31.355289459228516,40.841445922851562,51.160697937011719
2023-05-19,82,7.1389741897583008,8.8779497146606445,10.254657745361328,11.56053638458252,12.860404968261719,14.277093887329102,15.870709419250488,17.930366516113281,21.325376510620117,7.1389741897583008,12.860404968261719,16.900537490844727,21.325376510620117
2023-05-20,11,5.7548370361328125,7.3791451454162598,8.6662111282348633,9.8810958862304688,11.107837677001953,12.445055961608887,13.987356185913086,15.965681076049805,19.353351593017578,5.7548370361328125,11.107837677001953,14.976518630981445,19.353351593017578
2023-05-20,12,5.0851097106933594,6.7256965637207031,8.0170974731445312,9.233302116394043,10.44432544708252,11.769766807556152,13.386107444763184,15.535957336425781,19.147106170654297,5.0851097106933594,10.44432544708252,14.461032867431641,19.147106170654297
2023-05-20,13,9.6034126281738281,11.75649356842041,13.462800979614258,15.042284965515137,16.610990524291992,18.282207489013672,20.225614547729492,22.722675323486328,26.842226028442383,9.6034126281738281,16.610990524291992,21.474143981933594,26.842226028442383
2023-05-20,21,10.969077110290527,13.45512580871582,15.444336891174316,17.283992767333984,19.124561309814453,21.055278778076172,23.249185562133789,26.001407623291016,30.344570159912109,10.969077110290527,19.124561309814453,24.625297546386719,30.344570159912109
2023-05-20,35,18.457239151000977,22.338645935058594,25.347558975219727,28.106527328491211,30.776149749755859,33.600753784179688,36.862422943115234,41.008644104003906,47.680824279785156,18.457239151000977,30.776149749755859,38.935531616210938,47.680824279785156
2023-05-20,82,8.4083061218261719,10.299385070800781,11.783218383789062,13.172739028930664,14.536941528320312,16.002815246582031,17.647090911865234,19.751182556152344,23.212224960327148,8.4083061218261719,14.536941528320312,18.699136734008789,23.212224960327148
2023-05-21,11,9.4724817276000977,11.108877182006836,12.364053726196289,13.59185791015625,14.81178092956543,16.14862060546875,17.702316284179688,19.71190071105957,23.098226547241211,9.4724817276000977,14.81178092956543,18.707107543945312,23.098226547241211
2023-05-21,12,8.6072921752929688,10.382081031799316,11.75150203704834,13.044817924499512,14.315070152282715,15.707868576049805,17.41279411315918,19.685798645019531,23.419212341308594,8.6072921752929688,14.315070152282715,18.549297332763672,23.419212341308594
2023-05-21,13,15.306598663330078,17.496753692626953,19.174943923950195,20.7391357421875,22.277597427368164,23.916730880737305,25.826864242553711,28.290420532226562,32.32177734375,15.306598663330078,22.277597427368164,27.058643341064453,32.32177734375
2023-05-21,21,19.508365631103516,22.610342025756836,25.036651611328125,27.336002349853516,29.613697052001953,32.059009552001953,34.916500091552734,38.608871459960938,44.378471374511719,19.508365631103516,29.613697052001953,36.762687683105469,44.378471374511719
2023-05-21,35,15.855361938476562,19.166837692260742,21.771657943725586,24.186378479003906,26.546226501464844,29.082868576049805,31.983007431030273,35.659923553466797,41.524223327636719,15.855361938476562,26.546226501464844,33.821464538574219,41.524223327636719
2023-05-21,82,11.556570053100586,13.750278472900391,15.474535942077637,17.107559204101562,18.70439338684082,20.450948715209961,22.492128372192383,25.155715942382812,29.47900390625,11.556570053100586,18.70439338684082,23.823921203613281,29.47900390625
2023-05-22,11,9.4740238189697266,11.01188850402832,12.174397468566895,13.285908699035645,14.4029541015625,15.662871360778809,17.140592575073242,19.071525573730469,22.389852523803711,9.4740238189697266,14.4029541015625,18.106060028076172,22.389852523803711
2023-05-22,12,10.206344604492188,12.02574634552002,13.396768569946289,14.647834777832031,15.865287780761719,17.193347930908203,18.774246215820312,20.841747283935547,24.254570007324219,10.206344604492188,15.865287780761719,19.80799674987793,24.254570007324219
2023-05-22,13,19.031801223754883,21.500722885131836,23.339254379272461,25.010099411010742,26.634796142578125,28.352584838867188,30.333898544311523,32.859577178955078,37.010841369628906,19.031801223754883,26.634796142578125,31.596736907958984,37.010841369628906
2023-05-22,21,19.612129211425781,22.271993637084961,24.289113998413086,26.190591812133789,28.06220817565918,30.050718307495117,32.276645660400391,35.075920104980469,39.492748260498047,19.612129211425781,28.06220817565918,33.676284790039062,39.492748260498047
2023-05-22,35,19.699453353881836,23.507419586181641,26.44621467590332,29.13470458984375,31.730358123779297,34.488639831542969,37.595012664794922,41.509288787841797,47.775253295898438,19.699453353881836,31.730358123779297,39.552150726318359,47.775253295898438
2023-05-22,82,12.704004287719727,14.863438606262207,16.526359558105469,18.080848693847656,19.581169128417969,21.191043853759766,23.026540756225586,25.368804931640625,29.206676483154297,12.704004287719727,19.581169128417969,24.197673797607422,29.206676483154297
2023-05-23,11,7.8683924674987793,9.3045034408569336,10.415571212768555,11.462998390197754,12.534507751464844,13.742522239685059,15.152947425842285,16.992109298706055,20.127479553222656,7.8683924674987793,12.534507751464844,16.072528839111328,20.127479553222656
2023-05-23,12,8.2085447311401367,9.6555290222167969,10.758771896362305,11.779397964477539,12.787191390991211,13.869765281677246,15.112747192382812,16.709125518798828,19.386590957641602,8.2085447311401367,12.787191390991211,15.91093635559082,19.386590957641602
2023-05-23,13,13.061956405639648,15.121312141418457,16.698518753051758,18.119832992553711,19.551876068115234,21.090888977050781,22.868370056152344,25.163173675537109,29.008655548095703,13.061956405639648,19.551876068115234,24.015771865844727,29.008655548095703
2023-05-23,21,13.983734130859375,16.258220672607422,18.034748077392578,19.706380844116211,21.399135589599609,23.236644744873047,25.32855224609375,27.972772598266602,32.201622009277344,13.983734130859375,21.399135589599609,26.650661468505859,32.201622009277344
2023-05-23,35,10.489084243774414,13.589114189147949,16.027805328369141,18.252111434936523,20.455331802368164,22.860698699951172,25.586551666259766,29.078170776367188,34.672725677490234,10.489084243774414,20.455331802368164,27.332361221313477,34.672725677490234
2023-05-23,82,12.642772674560547,14.867172241210938,16.584102630615234,18.170312881469727,19.703929901123047,21.328117370605469,23.137977600097656,25.412612915039062,29.153839111328125,12.642772674560547,19.703929901123047,24.275295257568359,29.153839111328125
2023-05-24,11,4.9451742172241211,5.9621438980102539,6.7740325927734375,7.558861255645752,8.3893814086914062,9.3922939300537109,10.635867118835449,12.291133880615234,15.210334777832031,4.9451742172241211,8.3893814086914062,11.4635009765625,15.210334777832031
2023-05-24,12,4.2075047492980957,5.4691758155822754,6.4556884765625,7.366572380065918,8.2764854431152344,9.264678955078125,10.422114372253418,11.911562919616699,14.436760902404785,4.2075047492980957,8.2764854431152344,11.166838645935059,14.436760902404785
2023-05-24,13,10.941479682922363,12.793369293212891,14.233432769775391,15.538481712341309,16.841768264770508,18.253993988037109,19.90093994140625,22.02009391784668,25.668167114257812,10.941479682922363,16.841768264770508,20.960517883300781,25.668167114257812
2023-05-24,21,12.05848503112793,14.219423294067383,15.945597648620605,17.55712890625,19.161623001098633,20.907480239868164,22.902511596679688,25.377538681030273,29.366977691650391,12.05848503112793,19.161623001098633,24.140026092529297,29.366977691650391
2023-05-24,35,13.540139198303223,17.103361129760742,19.869157791137695,22.352731704711914,24.752033233642578,27.284685134887695,30.104335784912109,33.634502410888672,39.278385162353516,13.540139198303223,24.752033233642578,31.869419097900391,39.278385162353516
2023-05-24,82,8.2815608978271484,10.039028167724609,11.428637504577637,12.726056098937988,14.002739906311035,15.405509948730469,17.002925872802734,19.04680061340332,22.409137725830078,8.2815608978271484,14.002739906311035,18.024864196777344,22.409137725830078
2023-05-25,11,5.6394424438476562,6.7835683822631836,7.6801924705505371,8.5605249404907227,9.4816417694091797,10.544773101806641,11.828945159912109,13.519833564758301,16.486139297485352,5.6394424438476562,9.4816417694091797,12.674388885498047,16.486139297485352
2023-05-25,12,4.7305498123168945,5.9479866027832031,6.9077234268188477,7.8065099716186523,8.7043924331665039,9.6691217422485352,10.792627334594727,12.242116928100586,14.692532539367676,4.7305498123168945,8.7043924331665039,11.517372131347656,14.692532539367676
2023-05-25,13,7.0684823989868164,8.6662874221801758,9.9522638320922852,11.161910057067871,12.42500114440918,13.82640552520752,15.495187759399414,17.701864242553711,21.441677093505859,7.0684823989868164,12.42500114440918,16.598526000976562,21.441677093505859
2023-05-25,21,9.6520233154296875,11.605639457702637,13.188759803771973,14.696908950805664,16.237125396728516,17.901790618896484,19.824184417724609,22.278909683227539,26.265264511108398,9.6520233154296875,16.237125396728516,21.051548004150391,26.265264511108398
2023-05-25,35,6.6890907287597656,9.7597064971923828,12.22176456451416,14.508987426757812,16.789394378662109,19.222681045532227,21.990293502807617,25.564172744750977,31.341777801513672,6.6890907287597656,16.789394378662109,23.777233123779297,31.341777801513672
2023-05-25,82,7.0326242446899414,8.6476068496704102,9.9488077163696289,11.195334434509277,12.445714950561523,13.824460983276367,15.410609245300293,17.455234527587891,20.831981658935547,7.0326242446899414,12.445714950561523,16.43292236328125,20.831981658935547
2023-05-26,11,5.3947057723999023,6.9028921127319336,8.1176891326904297,9.2795047760009766,10.456572532653809,11.748711585998535,13.231186866760254,15.11313533782959,18.304325103759766,5.3947057723999023,10.456572532653809,14.172161102294922,18.304325103759766
2023-05-26,12,5.2420439720153809,6.5384359359741211,7.5506978034973145,8.5040187835693359,9.4614696502685547,10.488699913024902,11.669928550720215,13.205866813659668,15.810208320617676,5.2420439720153809,9.4614696502685547,12.437897682189941,15.810208320617676
2023-05-26,13,9.3528547286987305,11.528375625610352,13.243654251098633,14.823566436767578,16.428022384643555,18.128932952880859,20.094821929931641,22.639392852783203,26.916173934936523,9.3528547286987305,16.428022384643555,21.367107391357422,26.916173934936523
2023-05-26,21,8.8030633926391602,11.063161849975586,12.892287254333496,14.608461380004883,16.345016479492188,18.180633544921875,20.292001724243164,22.957780838012695,27.297870635986328,8.8030633926391602,16.345016479492188,21.62489128112793,27.297870635986328
2023-05-26,35,11.984031677246094,15.641800880432129,18.479877471923828,21.064170837402344,23.587438583374023,26.249969482421875,29.284507751464844,33.155609130859375,39.407634735107422,11.984031677246094,23.587438583374023,31.220058441162109,39.407634735107422
2023-05-26,82,6.9345588684082031,8.5717496871948242,9.9135913848876953,11.212772369384766,12.53138256072998,13.972131729125977,15.617152214050293,17.741842269897461,21.276134490966797,6.9345588684082031,12.53138256072998,16.679496765136719,21.276134490966797
2023-05-27,11,7.6841626167297363,9.4216575622558594,10.809829711914062,12.106645584106445,13.412406921386719,14.81595516204834,16.422855377197266,18.462015151977539,21.907016754150391,7.6841626167297363,13.412406921386719,17.442436218261719,21.907016754150391
2023-05-27,12,6.7085056304931641,8.1843681335449219,9.3483390808105469,10.434817314147949,11.510540008544922,12.676094055175781,14.062764167785645,15.877795219421387,18.897357940673828,6.7085056304931641,11.510540008544922,14.970279693603516,18.897357940673828
2023-05-27,13,10.749907493591309,12.945468902587891,14.677871704101562,16.259881973266602,17.85003662109375,19.536441802978516,21.510787963867188,24.063901901245117,28.279546737670898,10.749907493591309,17.85003662109375,22.787345886230469,28.279546737670898
2023-05-27,21,12.434337615966797,14.901359558105469,16.894573211669922,18.740665435791016,20.585515975952148,22.51690673828125,24.736051559448242,27.521839141845703,31.958278656005859,12.434337615966797,20.585515975952148,26.128944396972656,31.958278656005859
2023-05-27,35,16.830207824707031,20.550653457641602,23.480031967163086,26.172861099243164,28.815387725830078,31.634218215942383,34.925163269042969,39.20819091796875,46.006797790527344,16.830207824707031,28.815387725830078,37.066677093505859,46.006797790527344
2023-05-27,82,8.8152656555175781,10.638291358947754,12.118121147155762,13.537338256835938,14.964759826660156,16.50932502746582,18.278488159179688,20.576288223266602,24.427482604980469,8.8152656555175781,14.964759826660156,19.427387237548828,24.427482604980469
2023-05-28,11,10.530704498291016,12.439818382263184,13.932408332824707,15.350574493408203,16.766523361206055,18.298442840576172,20.081445693969727,22.388507843017578,26.286096572875977,10.530704498291016,16.766523361206055,21.234977722167969,26.286096572875977
2023-05-28,12,8.8590211868286133,10.421765327453613,11.664847373962402,12.865053176879883,14.065118789672852,15.408598899841309,17.081731796264648,19.350509643554688,23.136144638061523,8.8590211868286133,14.065118789672852,18.216121673583984,23.136144638061523
2023-05-28,13,17.62275505065918,20.205215454101562,22.232061386108398,24.17994499206543,26.150722503662109,28.333591461181641,31.032413482666016,34.717132568359375,40.782722473144531,17.62275505065918,26.150722503662109,32.874771118164062,40.782722473144531
2023-05-28,21,19.584671020507812,22.111795425415039,24.088827133178711,25.995244979858398,27.886077880859375,29.911418914794922,32.306171417236328,35.43609619140625,40.441181182861328,19.584671020507812,27.886077880859375,33.871131896972656,40.441181182861328
2023-05-28,35,21.670942306518555,25.758739471435547,28.934017181396484,31.883018493652344,34.761013031005859,37.880874633789062,41.581771850585938,46.415939331054688,54.185699462890625,21.670942306518555,34.761013031005859,43.998855590820312,54.185699462890625
2023-05-28,82,12.202987670898438,14.402295112609863,16.158824920654297,17.841682434082031,19.516212463378906,21.360675811767578,23.574920654296875,26.534381866455078,31.435947418212891,12.202987670898438,19.516212463378906,25.054651260375977,31.435947418212891
2023-05-29,11,13.442395210266113,15.42231559753418,16.928647994995117,18.355840682983398,19.751344680786133,21.266948699951172,23.013324737548828,25.248325347900391,29.007053375244141,13.442395210266113,19.751344680786133,24.130825042724609,29.007053375244141
2023-05-29,12,9.6389017105102539,11.095645904541016,12.23060417175293,13.315324783325195,14.380276679992676,15.563069343566895,16.994401931762695,18.892917633056641,22.06361198425293,9.6389017105102539,14.380276679992676,17.943660736083984,22.06361198425293
2023-05-29,13,17.384284973144531,19.86372184753418,21.753488540649414,23.539100646972656,25.31561279296875,27.248083114624023,29.531225204467773,32.553337097167969,37.521934509277344,17.384284973144531,25.31561279296875,31.042282104492188,37.521934509277344
2023-05-29,21,23.888750076293945,27.082345962524414,29.518280029296875,31.799882888793945,34.049186706542969,36.46258544921875,39.250694274902344,42.855476379394531,48.640090942382812,23.888750076293945,34.049186706542969,41.053085327148438,48.640090942382812
2023-05-29,35,16.876113891601562,20.471500396728516,23.283916473388672,25.869548797607422,28.385461807250977,31.08183479309082,34.138442993164062,38.029518127441406,44.337142944335938,16.876113891601562,28.385461807250977,36.083980560302734,44.337142944335938
2023-05-29,82,13.291500091552734,15.445639610290527,17.137868881225586,18.763330459594727,20.353565216064453,22.083572387695312,24.09381103515625,26.714370727539062,31.079174041748047,13.291500091552734,20.353565216064453,25.404090881347656,31.079174041748047
2023-05-30,11,11.800387382507324,13.948738098144531,15.627936363220215,17.209072113037109,18.757448196411133,20.412307739257812,22.287271499633789,24.675823211669922,28.690265655517578,11.800387382507324,18.757448196411133,23.481548309326172,28.690265655517578
2023-05-30,12,8.8858585357666016,10.607331275939941,11.944774627685547,13.181200981140137,14.394311904907227,15.698490142822266,17.217752456665039,19.195297241210938,22.488563537597656,8.8858585357666016,14.394311904907227,18.206523895263672,22.488563537597656
2023-05-30,13,15.880975723266602,19.002555847167969,21.469142913818359,23.762481689453125,26.095142364501953,28.658946990966797,31.738880157470703,35.826766967773438,42.584964752197266,15.880975723266602,26.095142364501953,33.782821655273438,42.584964752197266
2023-05-30,21,16.555789947509766,19.443109512329102,21.751861572265625,23.906457901000977,26.045114517211914,28.307607650756836,30.858713150024414,34.087352752685547,39.319610595703125,16.555789947509766,26.045114517211914,32.473033905029297,39.319610595703125
2023-05-30,35,18.238273620605469,22.382568359375,25.688442230224609,28.745489120483398,31.770778656005859,35.015472412109375,38.80499267578125,43.745208740234375,51.891826629638672,18.238273620605469,31.770778656005859,41.275100708007812,51.891826629638672
2023-05-30,82,13.025019645690918,15.329720497131348,17.126214981079102,18.788553237915039,20.398454666137695,22.10740852355957,24.030241012573242,26.470169067382812,30.567285537719727,13.025019645690918,20.398454666137695,25.250205993652344,30.567285537719727
2023-05-31,11,10.650737762451172,12.757907867431641,14.410300254821777,15.939505577087402,17.416013717651367,18.988447189331055,20.778196334838867,23.025711059570312,26.786273956298828,10.650737762451172,17.416013717651367,21.901954650878906,26.786273956298828
2023-05-31,12,8.8034381866455078,10.501235961914062,11.808976173400879,12.997001647949219,14.136508941650391,15.333950042724609,16.690193176269531,18.392084121704102,21.224567413330078,8.8034381866455078,14.136508941650391,17.5411376953125,21.224567413330078
2023-05-31,13,15.153987884521484,17.856451034545898,19.978483200073242,21.944614410400391,23.89268684387207,25.938667297363281,28.293127059936523,31.257419586181641,36.199428558349609,15.153987884521484,23.89268684387207,29.775272369384766,36.199428558349609
2023-05-31,21,17.405502319335938,20.786825180053711,23.45220947265625,25.909685134887695,28.301811218261719,30.784605026245117,33.59356689453125,37.046199798583984,42.672149658203125,17.405502319335938,28.301811218261719,35.31988525390625,42.672149658203125
2023-05-31,35,24.954517364501953,30.246149063110352,34.484840393066406,38.414356231689453,42.287487030029297,46.445396423339844,51.386711120605469,57.927909851074219,68.824630737304688,24.954517364501953,42.287487030029297,54.657310485839844,68.824630737304688
2023-05-31,82,11.343864440917969,13.406581878662109,15.036458969116211,16.538896560668945,18.000864028930664,19.556154251098633,21.326784133911133,23.57014274597168,27.401926040649414,11.343864440917969,18.000864028930664,22.448463439941406,27.401926040649414
2023-06-01,11,8.9882411956787109,10.863678932189941,12.36276912689209,13.784279823303223,15.195611000061035,16.715522766113281,18.449579238891602,20.637842178344727,24.26872444152832,8.9882411956787109,15.195611000061035,19.543710708618164,24.26872444152832
2023-06-01,12,8.4917993545532227,10.058294296264648,11.267908096313477,12.390575408935547,13.479511260986328,14.635587692260742,15.948806762695312,17.611894607543945,20.412691116333008,8.4917993545532227,13.479511260986328,16.780349731445312,20.412691116333008
2023-06-01,13,14.810859680175781,17.352762222290039,19.363670349121094,21.224519729614258,23.084575653076172,25.032222747802734,27.285430908203125,30.237712860107422,35.412639617919922,14.810859680175781,23.084575653076172,28.761571884155273,35.412639617919922
2023-06-01,21,16.245864868164062,19.167774200439453,21.495481491088867,23.673954010009766,25.835487365722656,28.072542190551758,30.602973937988281,33.821277618408203,39.220077514648438,16.245864868164062,25.835487365722656,32.212127685546875,39.220077514648438
2023-06-01,35,17.138578414916992,21.3626708984375,24.732051849365234,27.872154235839844,30.973360061645508,34.228900909423828,37.933002471923828,42.740219116210938,50.721206665039062,17.138578414916992,30.973360061645508,40.33660888671875,50.721206665039062
2023-06-01,82,12.158199310302734,14.488080024719238,16.315542221069336,18.012306213378906,19.656848907470703,21.373289108276367,23.315422058105469,25.778755187988281,29.975522994995117,12.158199310302734,19.656848907470703,24.547088623046875,29.975522994995117
2023-06-02,11,7.9438343048095703,9.8556604385375977,11.394901275634766,12.888749122619629,14.391965866088867,16.023422241210938,17.90660285949707,20.312953948974609,24.377679824829102,7.9438343048095703,14.391965866088867,19.109779357910156,24.377679824829102
2023-06-02,12,8.1718788146972656,9.896031379699707,11.22023868560791,12.441619873046875,13.629630088806152,14.886560440063477,16.310825347900391,18.126565933227539,21.150875091552734,8.1718788146972656,13.629630088806152,17.218696594238281,21.150875091552734
2023-06-02,13,14.471517562866211,17.553304672241211,19.979450225830078,22.21681022644043,24.424587249755859,26.699695587158203,29.313947677612305,32.774105072021484,38.827857971191406,14.471517562866211,24.424587249755859,31.044025421142578,38.827857971191406
2023-06-02,21,15.128406524658203,18.418434143066406,20.987922668457031,23.378850936889648,25.737604141235352,28.159124374389648,30.941072463989258,34.504325866699219,40.522216796875,15.128406524658203,25.737604141235352,32.722698211669922,40.522216796875
2023-06-02,35,20.322822570800781,24.683280944824219,28.2288818359375,31.595468521118164,34.976318359375,38.63751220703125,42.988105773925781,48.721160888671875,58.083908081054688,20.322822570800781,34.976318359375,45.854633331298828,58.083908081054688
2023-06-02,82,11.962646484375,14.316113471984863,16.168979644775391,17.898876190185547,19.554473876953125,21.292903900146484,23.275873184204102,25.800880432128906,30.107978820800781,11.962646484375,19.554473876953125,24.538375854492188,30.107978820800781
2023-06-03,11,9.1727485656738281,11.16643238067627,12.769721984863281,14.303094863891602,15.851529121398926,17.506359100341797,19.436656951904297,21.917411804199219,26.128589630126953,9.1727485656738281,15.851529121398926,20.677034378051758,26.128589630126953
2023-06-03,12,8.5257663726806641,10.222207069396973,11.545791625976562,12.759187698364258,13.94300651550293,15.200772285461426,16.682579040527344,18.591621398925781,21.785741806030273,8.5257663726806641,13.94300651550293,17.637100219726562,21.785741806030273
2023-06-03,13,16.627658843994141,19.796789169311523,22.331205368041992,24.708438873291016,27.091108322143555,29.651702880859375,32.780124664306641,36.914215087890625,43.83154296875,16.627658843994141,27.091108322143555,34.84716796875,43.83154296875
2023-06-03,21,18.996923446655273,22.376531600952148,25.049570083618164,27.576568603515625,30.088159561157227,32.773658752441406,36.015933990478516,40.246551513671875,47.197547912597656,18.996923446655273,30.088159561157227,38.131240844726562,47.197547912597656
2023-06-03,35,25.011009216308594,29.590499877929688,33.278331756591797,36.74505615234375,40.205619812011719,44.035659790039062,48.745475769042969,55.028533935546875,65.329475402832031,25.011009216308594,40.205619812011719,51.887004852294922,65.329475402832031
2023-06-03,82,15.06230640411377,17.605512619018555,19.591930389404297,21.440578460693359,23.214117050170898,25.063976287841797,27.20698356628418,29.949958801269531,34.617050170898438,15.06230640411377,23.214117050170898,28.578472137451172,34.617050170898438
2023-06-04,11,16.152263641357422,19.302112579345703,21.774887084960938,24.117252349853516,26.443374633789062,29.005016326904297,32.139949798583984,36.313442230224609,43.198230743408203,16.152263641357422,26.443374633789062,34.226696014404297,43.198230743408203
2023-06-04,12,10.247359275817871,11.940479278564453,13.263759613037109,14.512996673583984,15.734550476074219,17.057102203369141,18.663043975830078,20.781461715698242,24.275642395019531,10.247359275817871,15.734550476074219,19.722251892089844,24.275642395019531
2023-06-04,13,24.611539840698242,28.140417098999023,30.871200561523438,33.443595886230469,36.001609802246094,38.792472839355469,42.239360809326172,46.885009765625,54.465904235839844,24.611539840698242,36.001609802246094,44.562187194824219,54.465904235839844
2023-06-04,21,28.971725463867188,33.463508605957031,36.922927856445312,40.153633117675781,43.320102691650391,46.742935180664062,50.884048461914062,56.348430633544922,65.171211242675781,28.971725463867188,43.320102691650391,53.616241455078125,65.171211242675781
2023-06-04,35,24.855403900146484,29.134395599365234,32.538394927978516,35.711387634277344,38.822685241699219,42.221664428710938,46.288631439208984,51.622764587402344,60.299415588378906,24.855403900146484,38.822685241699219,48.955696105957031,60.299415588378906
2023-06-04,82,17.148698806762695,19.65119743347168,21.561309814453125,23.324184417724609,25.006952285766602,26.767620086669922,28.820152282714844,31.460178375244141,35.924278259277344,17.148698806762695,25.006952285766602,30.140165328979492,35.924278259277344
2023-06-05,11,13.493631362915039,15.607443809509277,17.225288391113281,18.774648666381836,20.299724578857422,21.954200744628906,23.869544982910156,26.344139099121094,30.516242980957031,13.493631362915039,20.299724578857422,25.106842041015625,30.516242980957031
2023-06-05,12,12.37516975402832,14.099235534667969,15.386604309082031,16.582696914672852,17.721672058105469,18.943376541137695,20.37042236328125,22.207469940185547,25.26605224609375,12.37516975402832,17.721672058105469,21.288946151733398,25.26605224609375
2023-06-05,13,20.792795181274414,23.600637435913086,25.747905731201172,27.799961090087891,29.819940567016602,32.044368743896484,34.735908508300781,38.334880828857422,44.314979553222656,20.792795181274414,29.819940567016602,36.535392761230469,44.314979553222656
2023-06-05,21,25.839815139770508,29.090545654296875,31.543760299682617,33.836967468261719,36.064182281494141,38.403800964355469,41.052627563476562,44.449684143066406,49.941658020019531,25.839815139770508,36.064182281494141,42.751155853271484,49.941658020019531
2023-06-05,35,19.336643218994141,23.225212097167969,26.233999252319336,28.950046539306641,31.576267242431641,34.380550384521484,37.570117950439453,41.620944976806641,48.380905151367188,19.336643218994141,31.576267242431641,39.595531463623047,48.380905151367188
2023-06-05,82,15.954323768615723,18.21003532409668,19.924337387084961,21.500097274780273,22.987886428833008,24.555078506469727,26.358293533325195,28.653591156005859,32.536842346191406,15.954323768615723,22.987886428833008,27.505943298339844,32.536842346191406
2023-06-06,11,11.41642951965332,13.63526725769043,15.39439582824707,17.045053482055664,18.68220329284668,20.457714080810547,22.489837646484375,25.098817825317383,29.486526489257812,11.41642951965332,18.68220329284668,23.794326782226562,29.486526489257812
2023-06-06,12,9.0859203338623047,10.647576332092285,11.843170166015625,12.929342269897461,13.979063034057617,15.105047225952148,16.384443283081055,18.015811920166016,20.713226318359375,9.0859203338623047,13.979063034057617,17.200126647949219,20.713226318359375
2023-06-06,13,18.769775390625,21.698543548583984,23.975967407226562,26.079059600830078,28.139448165893555,30.329658508300781,32.807464599609375,36.014823913574219,41.364326477050781,18.769775390625,28.139448165893555,34.411144256591797,41.364326477050781
2023-06-06,21,21.800691604614258,25.080476760864258,27.648683547973633,30.017307281494141,32.350475311279297,34.783203125,37.524444580078125,40.994575500488281,46.672370910644531,21.800691604614258,32.350475311279297,39.259510040283203,46.672370910644531
2023-06-06,35,20.712974548339844,24.887638092041016,28.135841369628906,31.053913116455078,33.866275787353516,36.839523315429688,40.152614593505859,44.317276000976562,51.179218292236328,20.712974548339844,33.866275787353516,42.234947204589844,51.179218292236328
2023-06-06,82,14.886876106262207,17.270204544067383,19.10807991027832,20.789285659790039,22.393842697143555,24.094930648803711,26.039756774902344,28.528972625732422,32.789337158203125,14.886876106262207,22.393842697143555,27.284364700317383,32.789337158203125
2023-06-07,11,6.6925773620605469,8.5567913055419922,10.086461067199707,11.514072418212891,12.942811965942383,14.508541107177734,16.343465805053711,18.721481323242188,22.818248748779297,6.6925773620605469,12.942811965942383,17.532474517822266,22.818248748779297
2023-06-07,12,8.1353816986083984,9.5936546325683594,10.709342956542969,11.693190574645996,12.640617370605469,13.654252052307129,14.821317672729492,16.288747787475586,18.787242889404297,8.1353816986083984,12.640617370605469,15.555032730102539,18.787242889404297
2023-06-07,13,14.559717178344727,17.052278518676758,19.004173278808594,20.772863388061523,22.519065856933594,24.374069213867188,26.53455924987793,29.331966400146484,34.15960693359375,14.559717178344727,22.519065856933594,27.933261871337891,34.15960693359375
2023-06-07,21,16.821529388427734,19.677370071411133,21.978696823120117,24.108230590820312,26.213977813720703,28.407743453979492,30.925243377685547,34.084175109863281,39.3365478515625,16.821529388427734,26.213977813720703,32.504707336425781,39.3365478515625
2023-06-07,35,22.169837951660156,26.507068634033203,29.897590637207031,32.931522369384766,35.857036590576172,38.917201995849609,42.365886688232422,46.673858642578125,53.911293029785156,22.169837951660156,35.857036590576172,44.519874572753906,53.911293029785156
2023-06-07,82,13.850870132446289,16.089399337768555,17.822977066040039,19.386039733886719,20.859125137329102,22.425264358520508,24.233798980712891,26.546840667724609,30.574974060058594,13.850870132446289,20.859125137329102,25.39031982421875,30.574974060058594
2023-06-08,11,10.464604377746582,12.669256210327148,14.42780590057373,16.067256927490234,17.689176559448242,19.400751113891602,21.360630035400391,23.915935516357422,28.428810119628906,10.464604377746582,17.689176559448242,22.638282775878906,28.428810119628906
2023-06-08,12,9.7194766998291016,11.243257522583008,12.427129745483398,13.495281219482422,14.52377986907959,15.605155944824219,16.837827682495117,18.396514892578125,21.037944793701172,9.7194766998291016,14.52377986907959,17.617172241210938,21.037944793701172
2023-06-08,13,15.603909492492676,18.10554313659668,20.065092086791992,21.857547760009766,23.634183883666992,25.473655700683594,27.602283477783203,30.454868316650391,35.594905853271484,15.603909492492676,23.634183883666992,29.028575897216797,35.594905853271484
2023-06-08,21,17.021753311157227,19.784469604492188,21.999946594238281,24.057353973388672,26.098546981811523,28.184402465820312,30.596384048461914,33.724567413330078,39.109817504882812,17.021753311157227,26.098546981811523,32.160476684570312,39.109817504882812
2023-06-08,35,22.393672943115234,26.207500457763672,29.228227615356445,31.94032096862793,34.590217590332031,37.347576141357422,40.472122192382812,44.445354461669922,51.097541809082031,22.393672943115234,34.590217590332031,42.458740234375,51.097541809082031
2023-06-08,82,14.949453353881836,17.503507614135742,19.487276077270508,21.293085098266602,23.012735366821289,24.804542541503906,26.857170104980469,29.461688995361328,33.973373413085938,14.949453353881836,23.012735366821289,28.159429550170898,33.973373413085938
2023-06-09,11,8.1217727661132812,10.25947380065918,11.989259719848633,13.628925323486328,15.268292427062988,17.017337799072266,19.059551239013672,21.738498687744141,26.511257171630859,8.1217727661132812,15.268292427062988,20.399024963378906,26.511257171630859
2023-06-09,12,9.491546630859375,10.996481895446777,12.145269393920898,13.192163467407227,14.202537536621094,15.264614105224609,16.492807388305664,18.067363739013672,20.779006958007812,9.491546630859375,14.202537536621094,17.280086517333984,20.779006958007812
2023-06-09,13,15.333308219909668,17.952480316162109,19.997533798217773,21.884098052978516,23.742897033691406,25.67234992980957,27.917186737060547,30.89476203918457,36.1787109375,15.333308219909668,23.742897033691406,29.405975341796875,36.1787109375
2023-06-09,21,14.75456714630127,17.543239593505859,19.772602081298828,21.848526000976562,23.91510009765625,26.044652938842773,28.526384353637695,31.747415542602539,37.213871002197266,14.75456714630127,23.91510009765625,30.136899948120117,37.213871002197266
2023-06-09,35,23.54302978515625,27.263286590576172,30.148006439208984,32.754238128662109,35.303070068359375,37.962329864501953,41.020477294921875,44.922924041748047,51.521537780761719,23.54302978515625,35.303070068359375,42.971702575683594,51.521537780761719
2023-06-09,82,15.111791610717773,17.441062927246094,19.253511428833008,20.912727355957031,22.496654510498047,24.166521072387695,26.092998504638672,28.543693542480469,32.828132629394531,15.111791610717773,22.496654510498047,27.31834602355957,32.828132629394531
2023-06-10,11,11.185297012329102,13.585173606872559,15.566640853881836,17.472890853881836,19.397665023803711,21.526966094970703,24.193897247314453,27.833621978759766,34.190807342529297,11.185297012329102,19.397665023803711,26.013759613037109,34.190807342529297
2023-06-10,12,10.603946685791016,12.083469390869141,13.212111473083496,14.219950675964355,15.183706283569336,16.182853698730469,17.365348815917969,18.871408462524414,21.482673645019531,10.603946685791016,15.183706283569336,18.118377685546875,21.482673645019531
2023-06-10,13,18.811897277832031,21.480047225952148,23.580015182495117,25.539737701416016,27.484004974365234,29.550777435302734,32.040695190429688,35.368366241455078,41.105178833007812,18.811897277832031,27.484004974365234,33.70452880859375,41.105178833007812
2023-06-10,21,19.055503845214844,21.954086303710938,24.283761978149414,26.48472785949707,28.690690994262695,31.048431396484375,33.934822082519531,37.758846282958984,44.173423767089844,19.055503845214844,28.690690994262695,35.846832275390625,44.173423767089844
2023-06-10,35,26.421194076538086,29.933530807495117,32.668643951416016,35.142044067382812,37.554279327392578,40.075153350830078,42.973251342773438,46.694004058837891,52.951339721679688,26.421194076538086,37.554279327392578,44.833625793457031,52.951339721679688
2023-06-10,82,16.858928680419922,19.166309356689453,20.953510284423828,22.588167190551758,24.135030746459961,25.778194427490234,27.674488067626953,30.115966796875,34.377166748046875,16.858928680419922,24.135030746459961,28.895227432250977,34.377166748046875
2023-06-12,11,16.73042106628418,19.772552490234375,22.140586853027344,24.393802642822266,26.630720138549805,29.143375396728516,32.181427001953125,36.261493682861328,43.097999572753906,16.73042106628418,26.630720138549805,34.221458435058594,43.097999572753906
2023-06-12,12,12.814933776855469,14.426556587219238,15.631763458251953,16.729795455932617,17.785062789916992,18.901939392089844,20.177669525146484,21.827457427978516,24.638734817504883,12.814933776855469,17.785062789916992,21.0025634765625,24.638734817504883
2023-06-12,13,23.190670013427734,25.944816589355469,28.052463531494141,30.003389358520508,31.934980392456055,34.041637420654297,36.55242919921875,39.908878326416016,45.513786315917969,23.190670013427734,31.934980392456055,38.23065185546875,45.513786315917969
2023-06-12,21,25.374996185302734,28.51995849609375,30.936969757080078,33.205883026123047,35.454608917236328,37.906940460205078,40.836250305175781,44.719223022460938,51.032020568847656,25.374996185302734,35.454608917236328,42.777736663818359,51.032020568847656
2023-06-12,35,24.043422698974609,27.764656066894531,30.630958557128906,33.214653015136719,35.716854095458984,38.355880737304688,41.326164245605469,45.111141204833984,51.34588623046875,24.043422698974609,35.716854095458984,43.218650817871094,51.34588623046875
2023-06-12,82,17.428073883056641,19.78999137878418,21.637336730957031,23.32806396484375,24.936929702758789,26.654207229614258,28.624319076538086,31.172328948974609,35.557754516601562,17.428073883056641,24.936929702758789,29.898323059082031,35.557754516601562
2023-06-13,11,12.66534423828125,15.648283004760742,18.030803680419922,20.268102645874023,22.489238739013672,24.909137725830078,27.77049446105957,31.551862716674805,38.0294189453125,12.66534423828125,22.489238739013672,29.661178588867188,38.0294189453125
2023-06-13,12,9.1268510818481445,10.604310989379883,11.731639862060547,12.753830909729004,13.745565414428711,14.807163238525391,16.035238265991211,17.641708374023438,20.415409088134766,9.1268510818481445,13.745565414428711,16.838474273681641,20.415409088134766
2023-06-13,13,17.764167785644531,20.270418167114258,22.215923309326172,24.004631042480469,25.781898498535156,27.671503067016602,29.832799911499023,32.683364868164062,37.571208953857422,17.764167785644531,25.781898498535156,31.258083343505859,37.571208953857422
2023-06-13,21,17.831272125244141,20.710515975952148,22.989038467407227,25.075859069824219,27.153234481811523,29.336380004882812,31.8193359375,35.025192260742188,40.34674072265625,17.831272125244141,27.153234481811523,33.422264099121094,40.34674072265625
2023-06-13,35,23.535219192504883,27.879934310913086,31.200912475585938,34.186309814453125,37.075096130371094,40.084053039550781,43.456752777099609,47.739391326904297,54.934967041015625,23.535219192504883,37.075096130371094,45.598072052001953,54.934967041015625
2023-06-13,82,16.293666839599609,18.956588745117188,21.067836761474609,22.980253219604492,24.804241180419922,26.714929580688477,28.87744140625,31.613090515136719,36.308876037597656,16.293666839599609,24.804241180419922,30.245265960693359,36.308876037597656
2023-06-14,11,11.793458938598633,14.807855606079102,17.247415542602539,19.467750549316406,21.612123489379883,23.86907958984375,26.476547241210938,29.854921340942383,35.819255828857422,11.793458938598633,21.612123489379883,28.165733337402344,35.819255828857422
2023-06-14,12,9.1469507217407227,10.603048324584961,11.752548217773438,12.793428421020508,13.789641380310059,14.839803695678711,16.066305160522461,17.635404586791992,20.34619140625,9.1469507217407227,13.789641380310059,16.850854873657227,20.34619140625
2023-06-14,13,19.611885070800781,22.644447326660156,25.068851470947266,27.311347961425781,29.490421295166016,31.788614273071289,34.444145202636719,37.864654541015625,43.721672058105469,19.611885070800781,29.490421295166016,36.154399871826172,43.721672058105469
2023-06-14,21,21.408758163452148,25.344419479370117,28.602191925048828,31.630325317382812,34.671699523925781,37.969261169433594,41.988910675048828,47.332698822021484,56.357109069824219,21.408758163452148,34.671699523925781,44.660804748535156,56.357109069824219
2023-06-14,35,22.564712524414062,27.091129302978516,30.657703399658203,33.868217468261719,36.935741424560547,40.115898132324219,43.677745819091797,48.142974853515625,55.547382354736328,22.564712524414062,36.935741424560547,45.910362243652344,55.547382354736328
2023-06-14,82,14.208710670471191,16.454103469848633,18.290523529052734,19.978322982788086,21.589237213134766,23.293853759765625,25.227443695068359,27.680120468139648,31.9034423828125,14.208710670471191,21.589237213134766,26.453781127929688,31.9034423828125
2023-06-15,11,7.9590826034545898,10.398792266845703,12.456428527832031,14.373836517333984,16.279043197631836,18.266979217529297,20.576862335205078,23.586017608642578,28.806659698486328,7.9590826034545898,16.279043197631836,22.081439971923828,28.806659698486328
2023-06-15,12,5.3405647277832031,6.7373638153076172,7.8907723426818848,8.9527149200439453,10.001735687255859,11.11000919342041,12.413303375244141,14.10905647277832,16.985832214355469,5.3405647277832031,10.001735687255859,13.26117992401123,16.985832214355469
2023-06-15,13,14.042217254638672,16.370599746704102,18.275180816650391,20.072757720947266,21.878715515136719,23.791366577148438,26.02918815612793,28.979866027832031,34.139995574951172,14.042217254638672,21.878715515136719,27.504528045654297,34.139995574951172
2023-06-15,21,15.695793151855469,18.462615966796875,20.773490905761719,22.925130844116211,25.08418083190918,27.334543228149414,29.977809906005859,33.451950073242188,39.563911437988281,15.695793151855469,25.08418083190918,31.714879989624023,39.563911437988281
2023-06-15,35,19.615789413452148,23.610202789306641,26.755779266357422,29.605134963989258,32.350032806396484,35.180561065673828,38.394699096679688,42.497035980224609,49.458869934082031,19.615789413452148,32.350032806396484,40.445869445800781,49.458869934082031
2023-06-15,82,10.020830154418945,12.001195907592773,13.652449607849121,15.192273139953613,16.69740104675293,18.308252334594727,20.172439575195312,22.562534332275391,26.659858703613281,10.020830154418945,16.69740104675293,21.367486953735352,26.659858703613281
2023-06-16,11,7.1869411468505859,9.5610122680664062,11.54954719543457,13.426880836486816,15.298136711120605,17.246625900268555,19.507516860961914,22.461921691894531,27.547752380371094,7.1869411468505859,15.298136711120605,20.984718322753906,27.547752380371094
2023-06-16,12,3.5614700317382812,4.9495334625244141,6.107846736907959,7.1785335540771484,8.256591796875,9.3908596038818359,10.717375755310059,12.43962287902832,15.319412231445312,3.5614700317382812,8.256591796875,11.578498840332031,15.319412231445312
2023-06-16,13,12.183612823486328,14.525345802307129,16.453163146972656,18.279804229736328,20.151193618774414,22.097881317138672,24.380979537963867,27.340435028076172,32.360160827636719,12.183612823486328,20.151193618774414,25.860706329345703,32.360160827636719
2023-06-16,21,14.212031364440918,17.062580108642578,19.39378547668457,21.597415924072266,23.825691223144531,26.134576797485352,28.832035064697266,32.335800170898438,38.293476104736328,14.212031364440918,23.825691223144531,30.583917617797852,38.293476104736328
2023-06-16,35,19.02070426940918,22.94737434387207,26.10350227355957,28.942745208740234,31.720958709716797,34.611053466796875,37.927238464355469,42.161163330078125,49.256542205810547,19.02070426940918,31.720958709716797,40.044200897216797,49.256542205810547
2023-06-16,82,12.777243614196777,14.940376281738281,16.730493545532227,18.394676208496094,20.015592575073242,21.730093002319336,23.736978530883789,26.299526214599609,30.786624908447266,12.777243614196777,20.015592575073242,25.018253326416016,30.786624908447266
2023-06-17,11,10.077730178833008,12.498435974121094,14.504756927490234,16.419651031494141,18.317832946777344,20.336055755615234,22.731220245361328,25.894927978515625,31.334041595458984,10.077730178833008,18.317832946777344,24.313074111938477,31.334041595458984
2023-06-17,12,4.1368565559387207,5.457216739654541,6.553217887878418,7.5716686248779297,8.5744514465332031,9.6372623443603516,10.903414726257324,12.563037872314453,15.40003776550293,4.1368565559387207,8.5744514465332031,11.733226776123047,15.40003776550293
2023-06-17,13,14.821928024291992,17.291543960571289,19.29826545715332,21.188417434692383,23.083915710449219,25.058799743652344,27.378505706787109,30.421426773071289,35.620082855224609,14.821928024291992,23.083915710449219,28.899967193603516,35.620082855224609
2023-06-17,21,17.043914794921875,19.868930816650391,22.212589263916016,24.44450569152832,26.707637786865234,29.120929718017578,32.081043243408203,36.040149688720703,42.641918182373047,17.043914794921875,26.707637786865234,34.060596466064453,42.641918182373047
2023-06-17,35,20.95367431640625,24.718362808227539,27.741558074951172,30.489160537719727,33.211219787597656,36.071239471435547,39.4508056640625,43.874298095703125,51.336624145507812,20.95367431640625,33.211219787597656,41.662551879882812,51.336624145507812
2023-06-17,82,15.078271865844727,17.390659332275391,19.297943115234375,21.048696517944336,22.732831954956055,24.499721527099609,26.570995330810547,29.242843627929688,33.92254638671875,15.078271865844727,22.732831954956055,27.906919479370117,33.92254638671875
2023-06-18,11,13.276432037353516,15.501225471496582,17.386201858520508,19.256614685058594,21.173946380615234,23.342075347900391,26.107120513916016,29.937540054321289,36.493679046630859,13.276432037353516,21.173946380615234,28.022331237792969,36.493679046630859
2023-06-18,13,21.517004013061523,24.198310852050781,26.378692626953125,28.466386795043945,30.559719085693359,32.842716217041016,35.648323059082031,39.460212707519531,45.821273803710938,21.517004013061523,30.559719085693359,37.554267883300781,45.821273803710938
2023-06-18,21,22.428005218505859,25.356533050537109,27.814245223999023,30.232013702392578,32.736461639404297,35.547256469726562,39.138267517089844,44.103080749511719,52.293586730957031,22.428005218505859,32.736461639404297,41.620674133300781,52.293586730957031
2023-06-18,35,24.727878570556641,28.413393020629883,31.402614593505859,34.226028442382812,37.011039733886719,40.0452880859375,43.747039794921875,48.683582305908203,56.949672698974609,24.727878570556641,37.011039733886719,46.215309143066406,56.949672698974609
2023-06-18,82,10.768794059753418,12.978172302246094,14.800697326660156,16.482873916625977,18.126422882080078,19.887340545654297,21.985261917114258,24.738691329956055,29.5257568359375,10.768794059753418,18.126422882080078,23.361976623535156,29.5257568359375
2023-06-19,11,12.760225296020508,14.957941055297852,16.79182243347168,18.569911956787109,20.365303039550781,22.33519172668457,24.749893188476562,28.07008171081543,33.796363830566406,12.760225296020508,20.365303039550781,26.409988403320312,33.796363830566406
2023-06-19,12,6.8550348281860352,8.3161449432373047,9.5043191909790039,10.608853340148926,11.68657398223877,12.836636543273926,14.186210632324219,15.939048767089844,18.867397308349609,6.8550348281860352,11.68657398223877,15.062629699707031,18.867397308349609
2023-06-19,13,13.656479835510254,16.657699584960938,19.146877288818359,21.527000427246094,23.912893295288086,26.519098281860352,29.668487548828125,33.842811584472656,40.647346496582031,13.656479835510254,23.912893295288086,31.755649566650391,40.647346496582031
2023-06-19,21,24.871191024780273,27.878299713134766,30.330907821655273,32.685012817382812,35.059520721435547,37.654937744140625,40.802398681640625,45.042152404785156,52.012840270996094,24.871191024780273,35.059520721435547,42.922275543212891,52.012840270996094
2023-06-19,35,14.188826560974121,18.062732696533203,21.220584869384766,24.078823089599609,26.865345001220703,29.814228057861328,33.140663146972656,37.37139892578125,44.353645324707031,14.188826560974121,26.865345001220703,35.256031036376953,44.353645324707031
2023-06-19,82,9.7732601165771484,11.835426330566406,13.547019004821777,15.146763801574707,16.725250244140625,18.449895858764648,20.512664794921875,23.236259460449219,27.989521026611328,9.7732601165771484,16.725250244140625,21.874462127685547,27.989521026611328
2023-06-20,11,9.6091232299804688,11.644124984741211,13.295783042907715,14.809727668762207,16.325639724731445,17.946842193603516,19.869808197021484,22.460988998413086,27.0440673828125,9.6091232299804688,16.325639724731445,21.165397644042969,27.0440673828125
2023-06-20,12,7.0190773010253906,8.4410171508789062,9.5856361389160156,10.632298469543457,11.657596588134766,12.744412422180176,14.010333061218262,15.679849624633789,18.524055480957031,7.0190773010253906,11.657596588134766,14.845090866088867,18.524055480957031
2023-06-20,13,12.739494323730469,15.438339233398438,17.645254135131836,19.689779281616211,21.725339889526367,23.876840591430664,26.346963882446289,29.578071594238281,34.917369842529297,12.739494323730469,21.725339889526367,27.962516784667969,34.917369842529297
2023-06-20,21,16.528507232666016,19.062381744384766,21.138059616088867,23.058305740356445,25.01432991027832,27.098432540893555,29.523344039916992,32.700126647949219,37.985130310058594,16.528507232666016,25.01432991027832,31.111736297607422,37.985130310058594
2023-06-20,35,13.263648986816406,16.772714614868164,19.693714141845703,22.298490524291992,24.852712631225586,27.542871475219727,30.565582275390625,34.429924011230469,40.816543579101562,13.263648986816406,24.852712631225586,32.497753143310547,40.816543579101562
2023-06-20,82,12.970246315002441,15.447333335876465,17.469011306762695,19.314498901367188,21.095035552978516,22.987817764282227,25.179910659790039,28.043590545654297,32.973667144775391,12.970246315002441,21.095035552978516,26.611751556396484,32.973667144775391
2023-06-21,11,7.9189529418945312,9.5912380218505859,11.004159927368164,12.290180206298828,13.552444458007812,14.896538734436035,16.526426315307617,18.704122543334961,22.681324005126953,7.9189529418945312,13.552444458007812,17.615274429321289,22.681324005126953
2023-06-21,12,3.1099634170532227,4.1177091598510742,4.9604692459106445,5.7489962577819824,6.541102409362793,7.4401993751525879,8.5507926940917969,10.01833438873291,12.559543609619141,3.1099634170532227,6.541102409362793,9.2845630645751953,12.559543609619141
2023-06-21,13,11.084674835205078,13.334245681762695,15.227781295776367,16.980073928833008,18.741621017456055,20.625099182128906,22.822128295898438,25.658477783203125,30.459388732910156,11.084674835205078,18.741621017456055,24.240303039550781,30.459388732910156
2023-06-21,21,15.745223999023438,18.15977668762207,20.186906814575195,22.052200317382812,23.916343688964844,25.860923767089844,28.099483489990234,30.963470458984375,35.776378631591797,15.745223999023438,23.916343688964844,29.531476974487305,35.776378631591797
2023-06-21,35,14.387751579284668,17.519493103027344,20.106044769287109,22.387035369873047,24.63789176940918,27.01832389831543,29.75006103515625,33.224605560302734,39.039138793945312,14.387751579284668,24.63789176940918,31.487333297729492,39.039138793945312
2023-06-21,82,13.570068359375,15.860068321228027,17.762542724609375,19.454139709472656,21.071952819824219,22.779258728027344,24.763797760009766,27.276802062988281,31.567182540893555,13.570068359375,21.071952819824219,26.020299911499023,31.567182540893555
2023-06-22,11,8.9339313507080078,10.671637535095215,12.13783073425293,13.492020606994629,14.839452743530273,16.262405395507812,17.968151092529297,20.219644546508789,24.265605926513672,8.9339313507080078,14.839452743530273,19.093898773193359,24.265605926513672
2023-06-22,12,5.3643679618835449,6.5234460830688477,7.4819698333740234,8.3736047744750977,9.2531843185424805,10.200230598449707,11.32335376739502,12.789734840393066,15.288799285888672,5.3643679618835449,9.2531843185424805,12.056544303894043,15.288799285888672
2023-06-22,13,9.6797599792480469,11.649161338806152,13.340496063232422,14.938777923583984,16.561088562011719,18.292734146118164,20.324680328369141,22.985038757324219,27.532915115356445,9.6797599792480469,16.561088562011719,21.65485954284668,27.532915115356445
2023-06-22,21,12.600543975830078,14.836469650268555,16.732879638671875,18.500949859619141,20.307283401489258,22.190921783447266,24.394983291625977,27.198188781738281,31.884986877441406,12.600543975830078,20.307283401489258,25.796585083007812,31.884986877441406
2023-06-22,35,15.635644912719727,18.733665466308594,21.269321441650391,23.505039215087891,25.694389343261719,28.006092071533203,30.639236450195312,33.97882080078125,39.541023254394531,15.635644912719727,25.694389343261719,32.309028625488281,39.541023254394531
2023-06-22,82,7.3896722793579102,9.236572265625,10.849756240844727,12.34410285949707,13.844273567199707,15.472012519836426,17.427392959594727,19.979228973388672,24.377388000488281,7.3896722793579102,13.844273567199707,18.703311920166016,24.377388000488281
2023-06-23,11,8.91668701171875,10.54503059387207,11.892444610595703,13.164793014526367,14.453869819641113,15.838552474975586,17.505229949951172,19.761205673217773,23.914142608642578,8.91668701171875,14.453869819641113,18.633216857910156,23.914142608642578
2023-06-23,12,5.2230548858642578,6.4847402572631836,7.5102930068969727,8.4482107162475586,9.3771181106567383,10.359865188598633,11.515493392944336,13.027538299560547,15.634450912475586,5.2230548858642578,9.3771181106567383,12.271515846252441,15.634450912475586
2023-06-23,13,9.1760683059692383,11.195289611816406,12.854135513305664,14.412503242492676,15.999595642089844,17.687156677246094,19.678262710571289,22.299650192260742,26.895236968994141,9.1760683059692383,15.999595642089844,20.988956451416016,26.895236968994141
2023-06-23,21,13.07620906829834,15.649269104003906,17.779281616210938,19.774543762207031,21.813591003417969,23.932323455810547,26.410354614257812,29.623922348022461,35.044460296630859,13.07620906829834,21.813591003417969,28.017139434814453,35.044460296630859
2023-06-23,35,15.874484062194824,19.022830963134766,21.578754425048828,23.873968124389648,26.132228851318359,28.536079406738281,31.285200119018555,34.848270416259766,40.908790588378906,15.874484062194824,26.132228851318359,33.066734313964844,40.908790588378906
2023-06-23,82,8.6839199066162109,10.608978271484375,12.229343414306641,13.712131500244141,15.182430267333984,16.770004272460938,18.678943634033203,21.198453903198242,25.609241485595703,8.6839199066162109,15.182430267333984,19.938697814941406,25.609241485595703
2023-06-25,11,13.206786155700684,15.130352020263672,16.746395111083984,18.344396591186523,19.970802307128906,21.80952262878418,24.169033050537109,27.489748001098633,33.291027069091797,13.206786155700684,19.970802307128906,25.829391479492188,33.291027069091797
2023-06-25,12,7.0105552673339844,8.2780694961547852,9.2976999282836914,10.263033866882324,11.216991424560547,12.227608680725098,13.433039665222168,15.025806427001953,17.744192123413086,7.0105552673339844,11.216991424560547,14.229423522949219,17.744192123413086
2023-06-25,13,10.821338653564453,12.857318878173828,14.533054351806641,16.151222229003906,17.814525604248047,19.622034072875977,21.852943420410156,24.892805099487305,30.099945068359375,10.821338653564453,17.814525604248047,23.372875213623047,30.099945068359375
2023-06-25,21,21.416278839111328,23.997474670410156,26.142757415771484,28.232177734375,30.370738983154297,32.719371795654297,35.626632690429688,39.546585083007812,46.017627716064453,21.416278839111328,30.370738983154297,37.58660888671875,46.017627716064453
2023-06-25,35,17.988687515258789,21.339511871337891,24.050895690917969,26.497047424316406,28.875003814697266,31.364501953125,34.254035949707031,37.992443084716797,44.271934509277344,17.988687515258789,28.875003814697266,36.123237609863281,44.271934509277344
2023-06-25,82,9.7250146865844727,11.694768905639648,13.33397102355957,14.843297958374023,16.33116340637207,17.930274963378906,19.865058898925781,22.411941528320312,26.87647819519043,9.7250146865844727,16.33116340637207,21.138500213623047,26.87647819519043
2023-06-26,11,15.738486289978027,17.575477600097656,19.057157516479492,20.49029541015625,21.908416748046875,23.470596313476562,25.394371032714844,28.021373748779297,32.668121337890625,15.738486289978027,21.908416748046875,26.70787239074707,32.668121337890625
2023-06-26,12,9.2479572296142578,10.55064868927002,11.550384521484375,12.479023933410645,13.37773323059082,14.338830947875977,15.480586051940918,16.979331970214844,19.560781478881836,9.2479572296142578,13.37773323059082,16.229959487915039,19.560781478881836
2023-06-26,13,19.062387466430664,21.539390563964844,23.512809753417969,25.402219772338867,27.286672592163086,29.345609664916992,31.868236541748047,35.279987335205078,41.057647705078125,19.062387466430664,27.286672592163086,33.574111938476562,41.057647705078125
2023-06-26,21,23.562467575073242,26.047765731811523,28.032258987426758,29.902187347412109,31.764110565185547,33.749370574951172,36.078750610351562,39.098953247070312,44.124561309814453,23.562467575073242,31.764110565185547,37.588851928710938,44.124561309814453
2023-06-26,35,21.467765808105469,25.003482818603516,27.837421417236328,30.373584747314453,32.814212799072266,35.361038208007812,38.245182037353516,41.942577362060547,48.074462890625,21.467765808105469,32.814212799072266,40.093879699707031,48.074462890625
2023-06-26,82,13.565423965454102,15.602509498596191,17.273231506347656,18.817602157592773,20.322713851928711,21.955963134765625,23.905694961547852,26.459487915039062,30.899106979370117,13.565423965454102,20.322713851928711,25.182590484619141,30.899106979370117
2023-06-27,11,12.884679794311523,14.923264503479004,16.565464019775391,18.086347579956055,19.602622985839844,21.212085723876953,23.091798782348633,25.601051330566406,30.000694274902344,12.884679794311523,19.602622985839844,24.346424102783203,30.000694274902344
2023-06-27,12,8.5956325531005859,10.044293403625488,11.168915748596191,12.184850692749023,13.172809600830078,14.20867919921875,15.418620109558105,16.995521545410156,19.709249496459961,8.5956325531005859,13.172809600830078,16.207071304321289,19.709249496459961
2023-06-27,13,15.095314979553223,17.406744003295898,19.222848892211914,20.884660720825195,22.562850952148438,24.352260589599609,26.45039176940918,29.223789215087891,33.978179931640625,15.095314979553223,22.562850952148438,27.837089538574219,33.978179931640625
2023-06-27,21,18.512947082519531,20.847042083740234,22.737668991088867,24.479867935180664,26.265783309936523,28.184452056884766,30.408872604370117,33.308174133300781,38.162567138671875,18.512947082519531,26.265783309936523,31.858524322509766,38.162567138671875
2023-06-27,35,21.590770721435547,25.802526473999023,29.09889030456543,32.013332366943359,34.8006591796875,37.658401489257812,40.842697143554688,44.832012176513672,51.431015014648438,21.590770721435547,34.8006591796875,42.837356567382812,51.431015014648438
2023-06-27,82,13.476930618286133,15.453316688537598,17.071109771728516,18.559282302856445,20.022125244140625,21.615667343139648,23.492881774902344,25.976882934570312,30.331449508666992,13.476930618286133,20.022125244140625,24.734882354736328,30.331449508666992
2023-06-28,11,8.1109628677368164,9.7513628005981445,11.10157585144043,12.351372718811035,13.599613189697266,14.920592308044434,16.499536514282227,18.596050262451172,22.328790664672852,8.1109628677368164,13.599613189697266,17.547794342041016,22.328790664672852
2023-06-28,12,7.4956035614013672,8.8785762786865234,9.9669246673583984,10.940264701843262,11.882219314575195,12.868931770324707,14.018604278564453,15.497768402099609,18.036808013916016,7.4956035614013672,11.882219314575195,14.758186340332031,18.036808013916016
2023-06-28,13,10.137432098388672,11.975054740905762,13.458193778991699,14.84185791015625,16.279081344604492,17.855426788330078,19.754852294921875,22.278629302978516,26.703521728515625,10.137432098388672,16.279081344604492,21.016740798950195,26.703521728515625
2023-06-28,21,15.903902053833008,18.146223068237305,19.983634948730469,21.691972732543945,23.429309844970703,25.265396118164062,27.394596099853516,30.106044769287109,34.742633819580078,15.903902053833008,23.429309844970703,28.750320434570312,34.742633819580078
2023-06-28,35,14.339329719543457,18.041055679321289,21.004570007324219,23.626064300537109,26.148605346679688,28.740083694458008,31.650154113769531,35.299034118652344,41.226421356201172,14.339329719543457,26.148605346679688,33.474594116210938,41.226421356201172
2023-06-28,82,13.619472503662109,15.75095272064209,17.494495391845703,19.062248229980469,20.584554672241211,22.203529357910156,24.113143920898438,26.587093353271484,30.92431640625,13.619472503662109,20.584554672241211,25.350118637084961,30.92431640625
2023-06-29,11,8.887298583984375,10.472636222839355,11.769149780273438,13.004844665527344,14.267653465270996,15.617804527282715,17.236318588256836,19.382198333740234,23.188804626464844,8.887298583984375,14.267653465270996,18.309257507324219,23.188804626464844
2023-06-29,12,5.5933046340942383,6.8052539825439453,7.7759628295898438,8.6682052612304688,9.5510044097900391,10.489505767822266,11.592079162597656,13.017599105834961,15.445023536682129,5.5933046340942383,9.5510044097900391,12.304839134216309,15.445023536682129
2023-06-29,13,9.0871181488037109,10.889140129089355,12.384050369262695,13.784004211425781,15.224300384521484,16.755882263183594,18.592206954956055,21.01081657409668,25.224088668823242,9.0871181488037109,15.224300384521484,19.801511764526367,25.224088668823242
2023-06-29,21,16.338771820068359,18.518169403076172,20.29661750793457,21.969402313232422,23.670188903808594,25.462509155273438,27.548656463623047,30.20237922668457,34.700477600097656,16.338771820068359,23.670188903808594,28.875518798828125,34.700477600097656
2023-06-29,35,15.78243350982666,19.327777862548828,22.143911361694336,24.685251235961914,27.154947280883789,29.691780090332031,32.581470489501953,36.208377838134766,42.186912536621094,15.78243350982666,27.154947280883789,34.394924163818359,42.186912536621094
2023-06-29,82,13.751716613769531,15.614524841308594,17.155178070068359,18.576606750488281,19.981414794921875,21.465974807739258,23.254829406738281,25.576301574707031,29.721763610839844,13.751716613769531,19.981414794921875,24.415565490722656,29.721763610839844
2023-06-30,11,9.0669384002685547,10.58629322052002,11.835922241210938,13.027745246887207,14.267848014831543,15.601333618164062,17.205169677734375,19.353660583496094,23.129283905029297,9.0669384002685547,14.267848014831543,18.279415130615234,23.129283905029297
2023-06-30,12,4.5836930274963379,5.8126764297485352,6.8034248352050781,7.7163381576538086,8.6255245208740234,9.5909528732299805,10.734663963317871,12.226728439331055,14.737250328063965,4.5836930274963379,8.6255245208740234,11.480695724487305,14.737250328063965
2023-06-30,13,4.2298126220703125,6.3573150634765625,8.1296758651733398,9.7949104309082031,11.492295265197754,13.273971557617188,15.385781288146973,18.151212692260742,22.759965896606445,4.2298126220703125,11.492295265197754,16.768497467041016,22.759965896606445
2023-06-30,21,12.652048110961914,14.759937286376953,16.495851516723633,18.149585723876953,19.861763000488281,21.674537658691406,23.825630187988281,26.599872589111328,31.244733810424805,12.652048110961914,19.861763000488281,25.212751388549805,31.244733810424805
2023-06-30,35,11.742630958557129,15.177117347717285,17.965053558349609,20.480278015136719,22.934825897216797,25.482109069824219,28.416988372802734,32.179012298583984,38.305412292480469,11.742630958557129,22.934825897216797,30.298000335693359,38.305412292480469
2023-06-30,82,14.830312728881836,16.836967468261719,18.47838020324707,20.012083053588867,21.533414840698242,23.140161514282227,25.043800354003906,27.516239166259766,31.926761627197266,14.830312728881836,21.533414840698242,26.280019760131836,31.926761627197266
2023-07-01,11,10.221088409423828,11.676813125610352,12.878907203674316,14.034140586853027,15.231294631958008,16.528951644897461,18.120601654052734,20.277793884277344,24.093109130859375,10.221088409423828,15.231294631958008,19.199197769165039,24.093109130859375
2023-07-01,12,4.1737632751464844,5.329676628112793,6.270164966583252,7.1329717636108398,8.0035133361816406,8.9273815155029297,10.043060302734375,11.510544776916504,13.983177185058594,4.1737632751464844,8.0035133361816406,10.776802062988281,13.983177185058594
2023-07-01,13,10.811492919921875,13.386571884155273,15.49261474609375,17.491504669189453,19.523706436157227,21.680976867675781,24.287839889526367,27.725362777709961,33.473651885986328,10.811492919921875,19.523706436157227,26.006601333618164,33.473651885986328
2023-07-01,21,17.716167449951172,20.186162948608398,22.223247528076172,24.155595779418945,26.13591194152832,28.240966796875,30.752288818359375,34.043601989746094,39.541229248046875,17.716167449951172,26.13591194152832,32.397945404052734,39.541229248046875
2023-07-01,35,15.785368919372559,19.096460342407227,21.734960556030273,24.13923454284668,26.497043609619141,28.917171478271484,31.743928909301758,35.372016906738281,41.347873687744141,15.785368919372559,26.497043609619141,33.557971954345703,41.347873687744141
2023-07-01,82,15.277822494506836,17.131336212158203,18.635120391845703,20.053924560546875,21.451444625854492,22.952426910400391,24.757862091064453,27.173576354980469,31.555732727050781,15.277822494506836,21.451444625854492,25.965719223022461,31.555732727050781
2023-07-02,11,12.496513366699219,14.032129287719727,15.281167984008789,16.489545822143555,17.728178024291992,19.088260650634766,20.734020233154297,22.937807083129883,26.699333190917969,12.496513366699219,17.728178024291992,21.835914611816406,26.699333190917969
2023-07-02,12,9.1306982040405273,10.735751152038574,12.029741287231445,13.245867729187012,14.453394889831543,15.75444221496582,17.331974029541016,19.413204193115234,22.824874877929688,9.1306982040405273,14.453394889831543,18.372589111328125,22.824874877929688
2023-07-02,13,12.335052490234375,14.608852386474609,16.46082878112793,18.266942977905273,20.111291885375977,22.110946655273438,24.53626823425293,27.759725570678711,33.058513641357422,12.335052490234375,20.111291885375977,26.14799690246582,33.058513641357422
2023-07-02,21,18.624370574951172,20.892446517944336,22.75898551940918,24.568641662597656,26.405031204223633,28.394510269165039,30.769258499145508,33.876056671142578,38.945137023925781,18.624370574951172,26.405031204223633,32.322658538818359,38.945137023925781
2023-07-02,35,14.549690246582031,17.932720184326172,20.640029907226562,23.137125015258789,25.561256408691406,28.078403472900391,31.019237518310547,34.805644989013672,41.021961212158203,14.549690246582031,25.561256408691406,32.912441253662109,41.021961212158203
2023-07-02,82,18.464899063110352,20.322212219238281,21.80079460144043,23.187780380249023,24.549386978149414,26.008028030395508,27.79649543762207,30.174022674560547,34.465728759765625,18.464899063110352,24.549386978149414,28.985260009765625,34.465728759765625
2023-07-03,11,11.996850967407227,13.447634696960449,14.61479377746582,15.729264259338379,16.859197616577148,18.115999221801758,19.642860412597656,21.686252593994141,25.210569381713867,11.996850967407227,16.859197616577148,20.664556503295898,25.210569381713867
2023-07-03,12,9.7966032028198242,11.168643951416016,12.228071212768555,13.225057601928711,14.195217132568359,15.23991584777832,16.469064712524414,18.053871154785156,20.646034240722656,9.7966032028198242,14.195217132568359,17.261466979980469,20.646034240722656
2023-07-03,13,18.038507461547852,20.703392028808594,22.813562393188477,24.838262557983398,26.861293792724609,29.090456008911133,31.846870422363281,35.521144866943359,41.620216369628906,18.038507461547852,26.861293792724609,33.684005737304688,41.620216369628906
2023-07-03,21,20.725893020629883,23.011518478393555,24.853935241699219,26.607383728027344,28.368379592895508,30.274503707885742,32.497585296630859,35.362800598144531,40.026290893554688,20.725893020629883,28.368379592895508,33.930191040039062,40.026290893554688
2023-07-03,35,18.09197998046875,21.791580200195312,24.688087463378906,27.338554382324219,29.905654907226562,32.57861328125,35.659271240234375,39.580421447753906,46.057182312011719,18.09197998046875,29.905654907226562,37.619846343994141,46.057182312011719
2023-07-03,82,16.586114883422852,18.261228561401367,19.600967407226562,20.881553649902344,22.150033950805664,23.547000885009766,25.262687683105469,27.541610717773438,31.603744506835938,16.586114883422852,22.150033950805664,26.402149200439453,31.603744506835938
2023-07-04,11,12.733128547668457,14.90211009979248,16.673616409301758,18.344944000244141,20.069664001464844,21.956756591796875,24.229907989501953,27.252674102783203,32.38812255859375,12.733128547668457,20.069664001464844,25.741291046142578,32.38812255859375
2023-07-04,12,9.0431337356567383,10.369077682495117,11.399164199829102,12.341991424560547,13.275230407714844,14.28978157043457,15.46942138671875,16.983366012573242,19.448970794677734,9.0431337356567383,13.275230407714844,16.226394653320312,19.448970794677734
2023-07-04,13,15.648050308227539,18.246219635009766,20.287591934204102,22.18351936340332,24.076105117797852,26.079118728637695,28.391349792480469,31.386856079101562,36.377780914306641,15.648050308227539,24.076105117797852,29.889102935791016,36.377780914306641
2023-07-04,21,17.460994720458984,19.631441116333008,21.391054153442383,23.02900505065918,24.72831916809082,26.569801330566406,28.736190795898438,31.499984741210938,36.033493041992188,17.460994720458984,24.72831916809082,30.118087768554688,36.033493041992188
2023-07-04,35,16.330997467041016,20.108785629272461,23.144924163818359,25.899145126342773,28.604318618774414,31.421661376953125,34.603324890136719,38.608890533447266,45.203708648681641,16.330997467041016,28.604318618774414,36.606109619140625,45.203708648681641
2023-07-04,82,17.135210037231445,18.985960006713867,20.444726943969727,21.774709701538086,23.088550567626953,24.511219024658203,26.211269378662109,28.473686218261719,32.483757019042969,17.135210037231445,23.088550567626953,27.342477798461914,32.483757019042969
2023-07-05,11,9.7726631164550781,11.479289054870605,12.87855339050293,14.225963592529297,15.619686126708984,17.137228012084961,18.93617057800293,21.25495719909668,25.212648391723633,9.7726631164550781,15.619686126708984,20.095563888549805,25.212648391723633
2023-07-05,12,7.4301052093505859,8.7338838577270508,9.7743520736694336,10.729129791259766,11.66981315612793,12.671786308288574,13.83843994140625,15.307931900024414,17.696239471435547,7.4301052093505859,11.66981315612793,14.573185920715332,17.696239471435547
2023-07-05,13,10.924480438232422,13.379890441894531,15.338157653808594,17.136764526367188,18.928153991699219,20.801128387451172,22.974294662475586,25.727031707763672,30.320514678955078,10.924480438232422,18.928153991699219,24.350662231445312,30.320514678955078
2023-07-05,21,13.951848030090332,15.97428035736084,17.641717910766602,19.200191497802734,20.809989929199219,22.526987075805664,24.545236587524414,27.096086502075195,31.321323394775391,13.951848030090332,20.809989929199219,25.820661544799805,31.321323394775391
2023-07-05,35,14.456535339355469,18.21973991394043,21.248344421386719,23.995101928710938,26.665409088134766,29.395252227783203,32.467784881591797,36.301715850830078,42.618186950683594,14.456535339355469,26.665409088134766,34.384750366210938,42.618186950683594
2023-07-05,82,14.004989624023438,15.826689720153809,17.306787490844727,18.678806304931641,20.042200088500977,21.499607086181641,23.250473022460938,25.559270858764648,29.669601440429688,14.004989624023438,20.042200088500977,24.404872894287109,29.669601440429688
2023-07-06,11,11.682844161987305,13.659828186035156,15.257022857666016,16.768142700195312,18.317726135253906,19.973834991455078,21.90301513671875,24.388614654541016,28.644096374511719,11.682844161987305,18.317726135253906,23.145814895629883,28.644096374511719
2023-07-06,12,6.6462078094482422,7.8475499153137207,8.8118963241577148,9.6901979446411133,10.567282676696777,11.501399040222168,12.583995819091797,13.952085494995117,16.167451858520508,6.6462078094482422,10.567282676696777,13.268040657043457,16.167451858520508
2023-07-06,13,8.9469852447509766,11.039961814880371,12.749282836914062,14.359113693237305,15.978036880493164,17.694734573364258,19.698341369628906,22.269285202026367,26.520084381103516,8.9469852447509766,15.978036880493164,20.983814239501953,26.520084381103516
2023-07-06,21,13.498668670654297,15.480697631835938,17.104774475097656,18.624683380126953,20.18370246887207,21.84417724609375,23.786632537841797,26.266746520996094,30.385318756103516,13.498668670654297,20.18370246887207,25.026689529418945,30.385318756103516
2023-07-06,35,15.227174758911133,18.788869857788086,21.65416145324707,24.255245208740234,26.765338897705078,29.335742950439453,32.24066162109375,35.89312744140625,41.924083709716797,15.227174758911133,26.765338897705078,34.06689453125,41.924083709716797
2023-07-06,82,12.563453674316406,14.169612884521484,15.485368728637695,16.732217788696289,17.971197128295898,19.318275451660156,20.958160400390625,23.124906539916992,26.896820068359375,12.563453674316406,17.971197128295898,22.041534423828125,26.896820068359375
2023-07-07,11,10.873190879821777,12.755168914794922,14.265864372253418,15.683195114135742,17.137954711914062,18.703489303588867,20.549980163574219,22.961906433105469,27.141765594482422,10.873190879821777,17.137954711914062,21.755943298339844,27.141765594482422
2023-07-07,12,6.8450379371643066,8.2614192962646484,9.3746767044067383,10.389553070068359,11.389113426208496,12.44331169128418,13.655168533325195,15.189104080200195,17.685510635375977,6.8450379371643066,11.389113426208496,14.422136306762695,17.685510635375977
2023-07-07,13,8.7965192794799805,11.169817924499512,13.051204681396484,14.822511672973633,16.589944839477539,18.448085784912109,20.617866516113281,23.452138900756836,28.181304931640625,8.7965192794799805,16.589944839477539,22.035003662109375,28.181304931640625
2023-07-07,21,17.03254508972168,19.966943740844727,22.288309097290039,24.416872024536133,26.531003952026367,28.716163635253906,31.239189147949219,34.445091247558594,39.745384216308594,17.03254508972168,26.531003952026367,32.842140197753906,39.745384216308594
2023-07-07,35,16.356296539306641,20.232192993164062,23.263118743896484,25.976964950561523,28.586399078369141,31.252592086791992,34.273735046386719,38.098342895507812,44.435779571533203,16.356296539306641,28.586399078369141,36.186038970947266,44.435779571533203
2023-07-07,82,13.841991424560547,15.483980178833008,16.805265426635742,18.035858154296875,19.25732421875,20.594593048095703,22.224956512451172,24.369375228881836,28.126747131347656,13.841991424560547,19.25732421875,23.297164916992188,28.126747131347656
2023-07-08,11,12.635255813598633,14.413152694702148,15.837872505187988,17.174701690673828,18.560741424560547,20.056434631347656,21.844705581665039,24.170675277709961,28.126750946044922,12.635255813598633,18.560741424560547,23.0076904296875,28.126750946044922
2023-07-08,12,5.2374458312988281,6.5366363525390625,7.5651974678039551,8.5041122436523438,9.4319620132446289,10.419530868530273,11.576985359191895,13.059037208557129,15.399728775024414,5.2374458312988281,9.4319620132446289,12.318011283874512,15.399728775024414
2023-07-08,13,12.589422225952148,14.893243789672852,16.717771530151367,18.403173446655273,20.096794128417969,21.889057159423828,23.994468688964844,26.736677169799805,31.286586761474609,12.589422225952148,20.096794128417969,25.365573883056641,31.286586761474609
2023-07-08,21,17.453470230102539,20.064287185668945,22.130306243896484,24.024124145507812,25.941741943359375,27.971254348754883,30.355201721191406,33.409332275390625,38.402412414550781,17.453470230102539,25.941741943359375,31.882266998291016,38.402412414550781
2023-07-08,35,15.152517318725586,18.69346809387207,21.469753265380859,23.952573776245117,26.352729797363281,28.815387725830078,31.667934417724609,35.319057464599609,41.362709045410156,15.152517318725586,26.352729797363281,33.493495941162109,41.362709045410156
2023-07-08,82,14.282499313354492,15.947360038757324,17.29368782043457,18.549488067626953,19.813148498535156,21.198236465454102,22.91932487487793,25.220577239990234,29.258445739746094,14.282499313354492,19.813148498535156,24.069950103759766,29.258445739746094
2023-07-09,11,17.181173324584961,19.575611114501953,21.517787933349609,23.391231536865234,25.322349548339844,27.490077972412109,30.216279983520508,33.951957702636719,40.359470367431641,17.181173324584961,25.322349548339844,32.084117889404297,40.359470367431641
2023-07-09,12,9.6201238632202148,11.169619560241699,12.361713409423828,13.44423770904541,14.493715286254883,15.591887474060059,16.866466522216797,18.475027084350586,21.027137756347656,9.6201238632202148,14.493715286254883,17.670745849609375,21.027137756347656
2023-07-09,13,17.761257171630859,20.137445449829102,21.993553161621094,23.751338958740234,25.516738891601562,27.435016632080078,29.767129898071289,32.851131439208984,37.942779541015625,17.761257171630859,25.516738891601562,31.309131622314453,37.942779541015625
2023-07-09,21,25.260612487792969,28.273754119873047,30.651388168334961,32.924648284912109,35.200565338134766,37.676742553710938,40.66571044921875,44.569259643554688,50.884151458740234,25.260612487792969,35.200565338134766,42.617485046386719,50.884151458740234
2023-07-09,35,20.908388137817383,25.096517562866211,28.368513107299805,31.352951049804688,34.217994689941406,37.203628540039062,40.646656036376953,45.001861572265625,52.103996276855469,20.908388137817383,34.217994689941406,42.824256896972656,52.103996276855469
2023-07-09,82,18.419536590576172,20.289712905883789,21.741128921508789,23.089725494384766,24.41819953918457,25.872303009033203,27.657556533813477,30.011260986328125,34.13946533203125,18.419536590576172,24.41819953918457,28.834407806396484,34.13946533203125
2023-07-10,11,19.658546447753906,22.200946807861328,24.173440933227539,26.015159606933594,27.853080749511719,29.821720123291016,32.139209747314453,35.181499481201172,40.418907165527344,19.658546447753906,27.853080749511719,33.660354614257812,40.418907165527344
2023-07-10,12,11.497720718383789,13.015342712402344,14.176456451416016,15.243556976318359,16.284669876098633,17.396636962890625,18.679859161376953,20.294063568115234,22.8408203125,11.497720718383789,16.284669876098633,19.486961364746094,22.8408203125
2023-07-10,13,23.689218521118164,26.890628814697266,29.365524291992188,31.652687072753906,33.900535583496094,36.341030120849609,39.230522155761719,42.998298645019531,49.149703979492188,23.689218521118164,33.900535583496094,41.114410400390625,49.149703979492188
2023-07-10,21,23.458885192871094,26.194694519042969,28.335384368896484,30.350292205810547,32.353385925292969,34.503219604492188,36.986202239990234,40.164665222167969,45.284030914306641,23.458885192871094,32.353385925292969,38.575431823730469,45.284030914306641
2023-07-10,35,24.531118392944336,28.946453094482422,32.386978149414062,35.489582061767578,38.444614410400391,41.514156341552734,44.929042816162109,49.176162719726562,56.031421661376953,24.531118392944336,38.444614410400391,47.052604675292969,56.031421661376953
2023-07-10,82,19.971311569213867,21.892242431640625,23.348888397216797,24.701772689819336,26.018508911132812,27.48095703125,29.251781463623047,31.580009460449219,35.660957336425781,19.971311569213867,26.018508911132812,30.415895462036133,35.660957336425781
2023-07-11,11,15.561251640319824,17.916889190673828,19.763164520263672,21.454938888549805,23.166881561279297,24.970113754272461,27.05718994140625,29.74830436706543,34.370944976806641,15.561251640319824,23.166881561279297,28.402748107910156,34.370944976806641
2023-07-11,12,10.76408576965332,12.477407455444336,13.800030708312988,15.008057594299316,16.205490112304688,17.474664688110352,18.915079116821289,20.719505310058594,23.621950149536133,10.76408576965332,16.205490112304688,19.817291259765625,23.621950149536133
2023-07-11,13,19.541210174560547,22.34141731262207,24.502405166625977,26.478757858276367,28.434803009033203,30.499174118041992,32.852882385253906,35.855304718017578,40.838787078857422,19.541210174560547,28.434803009033203,34.354095458984375,40.838787078857422
2023-07-11,21,22.215234756469727,25.454700469970703,28.015691757202148,30.380264282226562,32.74822998046875,35.249832153320312,38.102001190185547,41.692756652832031,47.530723571777344,22.215234756469727,32.74822998046875,39.897377014160156,47.530723571777344
2023-07-11,35,22.849832534790039,27.664386749267578,31.419319152832031,34.770267486572266,38.003578186035156,41.345302581787109,45.062393188476562,49.68017578125,57.282196044921875,22.849832534790039,38.003578186035156,47.371284484863281,57.282196044921875
2023-07-11,82,19.883493423461914,22.301019668579102,24.142505645751953,25.810237884521484,27.429420471191406,29.171977996826172,31.219799041748047,33.863742828369141,38.405986785888672,19.883493423461914,27.429420471191406,32.541770935058594,38.405986785888672
2023-07-12,11,15.320660591125488,17.68458366394043,19.542852401733398,21.236526489257812,22.933200836181641,24.709751129150391,26.777284622192383,29.386373519897461,33.942115783691406,15.320660591125488,22.933200836181641,28.081829071044922,33.942115783691406
2023-07-12,12,8.7266807556152344,10.326440811157227,11.584315299987793,12.732945442199707,13.863252639770508,15.060803413391113,16.431938171386719,18.149379730224609,20.924526214599609,8.7266807556152344,13.863252639770508,17.290658950805664,20.924526214599609
2023-07-12,13,17.757051467895508,20.928180694580078,23.420919418334961,25.702583312988281,27.941455841064453,30.273078918457031,32.913314819335938,36.224365234375,41.72723388671875,17.757051467895508,27.941455841064453,34.568840026855469,41.72723388671875
2023-07-12,21,17.845829010009766,20.892311096191406,23.336742401123047,25.605234146118164,27.864465713500977,30.245922088623047,32.961879730224609,36.328998565673828,41.801105499267578,17.845829010009766,27.864465713500977,34.645439147949219,41.801105499267578
2023-07-12,35,23.279369354248047,28.532814025878906,32.664878845214844,36.337936401367188,39.863052368164062,43.448890686035156,47.442817687988281,52.396461486816406,60.630863189697266,23.279369354248047,39.863052368164062,49.919639587402344,60.630863189697266
2023-07-12,82,14.64854621887207,16.613864898681641,18.189785003662109,19.63347053527832,21.072353363037109,22.647613525390625,24.527853012084961,26.971725463867188,31.171989440917969,14.64854621887207,21.072353363037109,25.749790191650391,31.171989440917969
2023-07-13,11,10.45279598236084,12.49176025390625,14.15510082244873,15.692099571228027,17.254920959472656,18.935537338256836,20.8939208984375,23.416505813598633,27.690994262695312,10.45279598236084,17.254920959472656,22.15521240234375,27.690994262695312
2023-07-13,12,8.353057861328125,9.7638368606567383,10.867447853088379,11.87162971496582,12.863285064697266,13.922220230102539,15.14146614074707,16.683094024658203,19.225704193115234,8.353057861328125,12.863285064697266,15.912280082702637,19.225704193115234
2023-07-13,13,13.418258666992188,15.980730056762695,18.035364151000977,19.939395904541016,21.850244522094727,23.895050048828125,26.238363265991211,29.232089996337891,34.247318267822266,13.418258666992188,21.850244522094727,27.735225677490234,34.247318267822266
2023-07-13,21,13.667868614196777,16.392429351806641,18.629070281982422,20.717145919799805,22.822320938110352,25.075050354003906,27.670578002929688,30.953399658203125,36.368194580078125,13.667868614196777,22.822320938110352,29.311988830566406,36.368194580078125
2023-07-13,35,19.168031692504883,23.516782760620117,26.928180694580078,29.996686935424805,32.955780029296875,36.011386871337891,39.486003875732422,43.826194763183594,50.997291564941406,19.168031692504883,32.955780029296875,41.656097412109375,50.997291564941406
2023-07-13,82,12.258407592773438,14.042457580566406,15.5145263671875,16.902286529541016,18.300220489501953,19.857721328735352,21.707754135131836,24.143810272216797,28.302963256835938,12.258407592773438,18.300220489501953,22.92578125,28.302963256835938
2023-07-14,11,14.24488639831543,17.159719467163086,19.464824676513672,21.544912338256836,23.611000061035156,25.774497985839844,28.214370727539062,31.33448600769043,36.646965026855469,14.24488639831543,23.611000061035156,29.774429321289062,36.646965026855469
2023-07-14,12,9.7837533950805664,11.694858551025391,13.167491912841797,14.484411239624023,15.772903442382812,17.10380744934082,18.607368469238281,20.507335662841797,23.605213165283203,9.7837533950805664,15.772903442382812,19.557352066040039,23.605213165283203
2023-07-14,13,15.439685821533203,18.294178009033203,20.550191879272461,22.620780944824219,24.682218551635742,26.83856201171875,29.2928466796875,32.485511779785156,37.814628601074219,15.439685821533203,24.682218551635742,30.889179229736328,37.814628601074219
2023-07-14,21,18.957788467407227,22.511205673217773,25.342983245849609,27.925043106079102,30.485931396484375,33.137657165527344,36.135105133056641,39.914093017578125,46.082294464111328,18.957788467407227,30.485931396484375,38.02459716796875,46.082294464111328
2023-07-14,35,27.499471664428711,33.095264434814453,37.416175842285156,41.295356750488281,45.043701171875,48.909317016601562,53.346099853515625,59.040485382080078,68.450759887695312,27.499471664428711,45.043701171875,56.193290710449219,68.450759887695312
2023-07-14,82,17.836305618286133,20.561817169189453,22.660388946533203,24.576408386230469,26.448219299316406,28.464004516601562,30.793132781982422,33.845832824707031,39.083587646484375,17.836305618286133,26.448219299316406,32.319480895996094,39.083587646484375
2023-07-15,11,13.409387588500977,15.770590782165527,17.659202575683594,19.392940521240234,21.168672561645508,23.068735122680664,25.294208526611328,28.152593612670898,33.074932098388672,13.409387588500977,21.168672561645508,26.723400115966797,33.074932098388672
2023-07-15,12,7.9138407707214355,9.5508489608764648,10.837836265563965,12.00865364074707,13.176764488220215,14.40934944152832,15.846012115478516,17.687589645385742,20.726409912109375,7.9138407707214355,13.176764488220215,16.766799926757812,20.726409912109375
2023-07-15,13,17.599018096923828,20.384420394897461,22.614234924316406,24.674877166748047,26.798301696777344,29.116653442382812,31.914463043212891,35.63427734375,41.837226867675781,17.599018096923828,26.798301696777344,33.774368286132812,41.837226867675781
2023-07-15,21,22.48961067199707,25.869503021240234,28.573156356811523,31.080722808837891,33.636375427246094,36.387157440185547,39.645225524902344,43.868556976318359,50.737152099609375,22.48961067199707,33.636375427246094,41.756889343261719,50.737152099609375
2023-07-15,35,32.954753875732422,38.550449371337891,42.890518188476562,46.870418548583984,50.795181274414062,55.034355163574219,60.273880004882812,67.257423400878906,78.892539978027344,32.954753875732422,50.795181274414062,63.765651702880859,78.892539978027344
2023-07-15,82,15.308675765991211,17.505565643310547,19.238189697265625,20.847175598144531,22.476064682006836,24.266298294067383,26.410850524902344,29.257339477539062,34.195907592773438,15.308675765991211,22.476064682006836,27.834095001220703,34.195907592773438
2023-07-16,11,16.774518966674805,19.165279388427734,21.077390670776367,22.886075973510742,24.74407958984375,26.776142120361328,29.236820220947266,32.528228759765625,38.139274597167969,16.774518966674805,24.74407958984375,30.882524490356445,38.139274597167969
2023-07-16,12,11.863516807556152,13.559091567993164,14.872172355651855,16.100975036621094,17.322546005249023,18.645534515380859,20.23663330078125,22.319187164306641,25.730484008789062,11.863516807556152,17.322546005249023,21.277910232543945,25.730484008789062
2023-07-16,13,22.042381286621094,24.846725463867188,27.065299987792969,29.206535339355469,31.387866973876953,33.807350158691406,36.796871185302734,40.825901031494141,47.414985656738281,22.042381286621094,31.387866973876953,38.811386108398438,47.414985656738281
2023-07-16,21,24.747720718383789,27.952489852905273,30.547588348388672,33.035800933837891,35.584888458251953,38.386978149414062,41.803169250488281,46.349212646484375,53.816112518310547,24.747720718383789,35.584888458251953,44.076190948486328,53.816112518310547
2023-07-16,35,29.578008651733398,34.443550109863281,38.332126617431641,41.970844268798828,45.583587646484375,49.568046569824219,54.509307861328125,61.119598388671875,71.897628784179688,29.578008651733398,45.583587646484375,57.814453125,71.897628784179688
2023-07-16,82,19.144596099853516,21.546632766723633,23.423267364501953,25.189853668212891,26.95683479309082,28.882518768310547,31.170963287353516,34.156478881835938,39.240478515625,19.144596099853516,26.95683479309082,32.663719177246094,39.240478515625
2023-07-17,11,19.772178649902344,22.536336898803711,24.683635711669922,26.692146301269531,28.705772399902344,30.87701416015625,33.435501098632812,36.837867736816406,42.623210906982422,19.772178649902344,28.705772399902344,35.136684417724609,42.623210906982422
2023-07-17,12,13.576681137084961,15.422140121459961,16.833711624145508,18.154647827148438,19.465278625488281,20.879631042480469,22.550968170166016,24.743442535400391,28.376609802246094,13.576681137084961,19.465278625488281,23.647205352783203,28.376609802246094
2023-07-17,13,22.916156768798828,25.611911773681641,27.667013168334961,29.603736877441406,31.557186126708984,33.66876220703125,36.167739868164062,39.443435668945312,44.874603271484375,22.916156768798828,31.557186126708984,37.805587768554688,44.874603271484375
2023-07-17,21,27.510509490966797,31.053043365478516,33.863674163818359,36.520885467529297,39.18621826171875,42.087688446044922,45.581390380859375,50.222053527832031,57.821533203125,27.510509490966797,39.18621826171875,47.901721954345703,57.821533203125
2023-07-17,35,31.517038345336914,35.841785430908203,39.188198089599609,42.272197723388672,45.304096221923828,48.564136505126953,52.394912719726562,57.376663208007812,65.572998046875,31.517038345336914,45.304096221923828,54.885787963867188,65.572998046875
2023-07-17,82,24.373464584350586,27.278831481933594,29.525810241699219,31.645927429199219,33.75250244140625,36.073177337646484,38.861263275146484,42.558933258056641,48.78839111328125,24.373464584350586,33.75250244140625,40.710098266601562,48.78839111328125
2023-07-18,11,16.481849670410156,19.098556518554688,21.084630966186523,22.88398551940918,24.662063598632812,26.51722526550293,28.654670715332031,31.398551940917969,36.180492401123047,16.481849670410156,24.662063598632812,30.026611328125,36.180492401123047
2023-07-18,12,10.312769889831543,11.893818855285645,13.10254955291748,14.206912040710449,15.310912132263184,16.481414794921875,17.833391189575195,19.573846817016602,22.5130615234375,10.312769889831543,15.310912132263184,18.703619003295898,22.5130615234375
2023-07-18,13,21.371171951293945,24.420936584472656,26.764873504638672,28.903528213500977,31.039133071899414,33.254783630371094,35.768913269042969,38.962188720703125,44.304370880126953,21.371171951293945,31.039133071899414,37.365550994873047,44.304370880126953
2023-07-18,21,24.808340072631836,28.411876678466797,31.187328338623047,33.746715545654297,36.275951385498047,38.912086486816406,41.9237060546875,45.698516845703125,51.917797088623047,24.808340072631836,36.275951385498047,43.811111450195312,51.917797088623047
2023-07-18,35,29.313262939453125,34.06182861328125,37.736991882324219,41.044357299804688,44.293304443359375,47.708663940429688,51.575527191162109,56.493732452392578,64.71563720703125,29.313262939453125,44.293304443359375,54.034629821777344,64.71563720703125
2023-07-18,82,20.743263244628906,23.4720458984375,25.560371398925781,27.484489440917969,29.372425079345703,31.400302886962891,33.730613708496094,36.726490020751953,41.739784240722656,20.743263244628906,29.372425079345703,35.228553771972656,41.739784240722656
2023-07-19,11,14.990762710571289,17.838729858398438,20.031112670898438,22.007669448852539,23.952764511108398,25.967094421386719,28.287509918212891,31.205348968505859,36.348209381103516,14.990762710571289,23.952764511108398,29.746429443359375,36.348209381103516
2023-07-19,12,8.7422752380371094,10.113768577575684,11.173139572143555,12.143315315246582,13.110130310058594,14.15129280090332,15.381811141967773,16.949134826660156,19.612506866455078,8.7422752380371094,13.110130310058594,16.165473937988281,19.612506866455078
2023-07-19,13,17.651927947998047,20.803359985351562,23.27984619140625,25.54096794128418,27.788417816162109,30.110992431640625,32.772006988525391,36.053112030029297,41.583511352539062,17.651927947998047,27.788417816162109,34.412559509277344,41.583511352539062
2023-07-19,21,20.276681900024414,23.928134918212891,26.807811737060547,29.450967788696289,32.081344604492188,34.814697265625,37.903789520263672,41.713645935058594,48.074970245361328,20.276681900024414,32.081344604492188,39.8087158203125,48.074970245361328
2023-07-19,35,26.744396209716797,31.939912796020508,35.950790405273438,39.525474548339844,42.965072631835938,46.511154174804688,50.480148315429688,55.429904937744141,63.658668518066406,26.744396209716797,42.965072631835938,52.955024719238281,63.658668518066406
2023-07-19,82,17.724752426147461,20.321699142456055,22.355136871337891,24.225704193115234,26.073162078857422,28.056175231933594,30.348287582397461,33.266693115234375,38.149276733398438,17.724752426147461,26.073162078857422,31.807491302490234,38.149276733398438
2023-07-20,11,16.979188919067383,20.056364059448242,22.420112609863281,24.524316787719727,26.573383331298828,28.659561157226562,31.0455322265625,34.229930877685547,40.443763732910156,16.979188919067383,26.573383331298828,32.637733459472656,40.443763732910156
2023-07-20,12,10.740267753601074,12.331947326660156,13.565242767333984,14.683755874633789,15.783048629760742,16.943771362304688,18.286716461181641,19.988420486450195,22.957386016845703,10.740267753601074,15.783048629760742,19.137569427490234,22.957386016845703
2023-07-20,13,18.563432693481445,21.548822402954102,23.961826324462891,26.184123992919922,28.400869369506836,30.702808380126953,33.311359405517578,36.5947265625,42.126846313476562,18.563432693481445,28.400869369506836,34.953041076660156,42.126846313476562
2023-07-20,21,24.410049438476562,28.316614151000977,31.356555938720703,34.090400695800781,36.748893737792969,39.488349914550781,42.559825897216797,46.48175048828125,53.3060302734375,24.410049438476562,36.748893737792969,44.520790100097656,53.3060302734375
2023-07-20,35,31.820163726806641,37.221946716308594,41.343574523925781,45.034282684326172,48.587287902832031,52.242195129394531,56.337703704833984,61.462669372558594,69.947303771972656,31.820163726806641,48.587287902832031,58.900184631347656,69.947303771972656
2023-07-20,82,16.897478103637695,19.273427963256836,21.129861831665039,22.822851181030273,24.49444580078125,26.29942512512207,28.395961761474609,31.098075866699219,35.688392639160156,16.897478103637695,24.49444580078125,29.747018814086914,35.688392639160156
2023-07-21,11,19.349027633666992,22.669673919677734,25.179214477539062,27.377212524414062,29.519241333007812,31.678153991699219,34.147712707519531,37.496330261230469,44.0504150390625,19.349027633666992,29.519241333007812,35.822021484375,44.0504150390625
2023-07-21,12,10.279132843017578,11.918981552124023,13.184670448303223,14.331197738647461,15.462068557739258,16.646747589111328,18.019512176513672,19.797174453735352,22.87843132019043,10.279132843017578,15.462068557739258,18.908344268798828,22.87843132019043
2023-07-21,13,21.452480316162109,25.140422821044922,28.000818252563477,30.576183319091797,33.119884490966797,35.707248687744141,38.606815338134766,42.283557891845703,48.472438812255859,21.452480316162109,33.119884490966797,40.445186614990234,48.472438812255859
2023-07-21,21,24.351383209228516,28.296792984008789,31.337863922119141,34.067413330078125,36.738826751708984,39.464866638183594,42.549812316894531,46.540275573730469,53.395095825195312,24.351383209228516,36.738826751708984,44.5450439453125,53.395095825195312
2023-07-21,35,36.759761810302734,42.342624664306641,46.598125457763672,50.363376617431641,54.015922546386719,57.770759582519531,61.955696105957031,67.16583251953125,75.791473388671875,36.759761810302734,54.015922546386719,64.560760498046875,75.791473388671875
2023-07-21,82,17.743995666503906,20.327346801757812,22.344442367553711,24.182687759399414,26.01207160949707,27.973817825317383,30.248321533203125,33.203262329101562,38.270103454589844,17.743995666503906,26.01207160949707,31.725791931152344,38.270103454589844
2023-07-22,11,22.414207458496094,25.743047714233398,28.217483520507812,30.388998031616211,32.525394439697266,34.724948883056641,37.307579040527344,40.80755615234375,47.528617858886719,22.414207458496094,32.525394439697266,39.057567596435547,47.528617858886719
2023-07-22,12,8.9250411987304688,10.489453315734863,11.693922996520996,12.771949768066406,13.844991683959961,14.960908889770508,16.281909942626953,18.009929656982422,21.027288436889648,8.9250411987304688,13.844991683959961,17.145919799804688,21.027288436889648
2023-07-22,13,17.824810028076172,20.984237670898438,23.460842132568359,25.69703483581543,27.932727813720703,30.231035232543945,32.835594177246094,36.104972839355469,41.353713989257812,17.824810028076172,27.932727813720703,34.470283508300781,41.353713989257812
2023-07-22,21,25.120439529418945,28.780422210693359,31.582542419433594,34.108570098876953,36.611068725585938,39.182331085205078,42.092231750488281,45.742733001708984,51.711376190185547,25.120439529418945,36.611068725585938,43.91748046875,51.711376190185547
2023-07-22,35,35.300132751464844,40.143173217773438,43.864044189453125,47.112480163574219,50.281364440917969,53.526142120361328,57.155998229980469,61.61419677734375,68.876693725585938,35.300132751464844,50.281364440917969,59.385097503662109,68.876693725585938
2023-07-22,82,17.932924270629883,20.118551254272461,21.811717987060547,23.358364105224609,24.911439895629883,26.595424652099609,28.574142456054688,31.149143218994141,35.520713806152344,17.932924270629883,24.911439895629883,29.861642837524414,35.520713806152344
2023-07-23,11,26.106939315795898,29.654876708984375,32.3201904296875,34.734066009521484,37.118793487548828,39.625461578369141,42.658679962158203,46.858348846435547,54.608951568603516,26.106939315795898,37.118793487548828,44.758514404296875,54.608951568603516
2023-07-23,12,12.679733276367188,14.551606178283691,15.992551803588867,17.334388732910156,18.659896850585938,20.08399772644043,21.816625595092773,24.082035064697266,27.827085494995117,12.679733276367188,18.659896850585938,22.949329376220703,27.827085494995117
2023-07-23,13,22.342086791992188,25.414566040039062,27.80702018737793,30.081073760986328,32.346168518066406,34.805854797363281,37.756175994873047,41.6722412109375,48.029472351074219,22.342086791992188,32.346168518066406,39.714210510253906,48.029472351074219
2023-07-23,21,33.947746276855469,38.614837646484375,42.17913818359375,45.453441619873047,48.653404235839844,52.088310241699219,56.07666015625,61.213233947753906,69.485008239746094,33.947746276855469,48.653404235839844,58.644947052001953,69.485008239746094
2023-07-23,35,42.886245727539062,47.646247863769531,51.208724975585938,54.348514556884766,57.371726989746094,60.448413848876953,63.857406616210938,68.0494384765625,74.836967468261719,42.886245727539062,57.371726989746094,65.953422546386719,74.836967468261719
2023-07-23,82,23.439464569091797,26.205848693847656,28.247917175292969,30.107383728027344,31.890031814575195,33.80474853515625,35.997894287109375,38.783405303955078,43.352043151855469,23.439464569091797,31.890031814575195,37.390647888183594,43.352043151855469
2023-07-24,11,30.018390655517578,34.071678161621094,37.077537536621094,39.782516479492188,42.421607971191406,45.186908721923828,48.471260070800781,52.911365509033203,60.750308990478516,30.018390655517578,42.421607971191406,50.691314697265625,60.750308990478516
2023-07-24,12,12.921395301818848,14.596945762634277,15.85920238494873,17.038312911987305,18.182521820068359,19.405792236328125,20.827617645263672,22.644706726074219,25.566074371337891,12.921395301818848,18.182521820068359,21.736162185668945,25.566074371337891
2023-07-24,13,28.023265838623047,31.231327056884766,33.646480560302734,35.900688171386719,38.100692749023438,40.456130981445312,43.192039489746094,46.740837097167969,52.468391418457031,28.023265838623047,38.100692749023438,44.966438293457031,52.468391418457031
2023-07-24,21,31.299999237060547,34.653953552246094,37.187004089355469,39.558246612548828,41.873466491699219,44.309894561767578,47.017463684082031,50.476417541503906,55.996932983398438,31.299999237060547,41.873466491699219,48.746940612792969,55.996932983398438
2023-07-24,35,41.782791137695312,46.683521270751953,50.327571868896484,53.527584075927734,56.566043853759766,59.683982849121094,63.147251129150391,67.375038146972656,74.114852905273438,41.782791137695312,56.566043853759766,65.261146545410156,74.114852905273438
2023-07-24,82,24.701566696166992,27.561550140380859,29.669696807861328,31.594852447509766,33.439983367919922,35.421234130859375,37.679534912109375,40.566356658935547,45.351936340332031,24.701566696166992,33.439983367919922,39.122947692871094,45.351936340332031
2023-07-25,11,25.730655670166016,29.669704437255859,32.493919372558594,34.953781127929688,37.307388305664062,39.634773254394531,42.284294128417969,45.784870147705078,52.424102783203125,25.730655670166016,37.307388305664062,44.034584045410156,52.424102783203125
2023-07-25,13,25.517677307128906,29.136314392089844,31.902248382568359,34.438179016113281,36.951286315917969,39.616104125976562,42.707546234130859,46.723987579345703,53.396823883056641,25.517677307128906,36.951286315917969,44.715766906738281,53.396823883056641
2023-07-25,21,29.779216766357422,33.813987731933594,36.834251403808594,39.596546173095703,42.295967102050781,45.092819213867188,48.249763488769531,52.178367614746094,58.710250854492188,29.779216766357422,42.295967102050781,50.214065551757812,58.710250854492188
2023-07-25,35,41.190807342529297,46.907142639160156,51.123500823974609,54.815902709960938,58.321052551269531,61.941825866699219,65.9775390625,70.928993225097656,79.213455200195312,41.190807342529297,58.321052551269531,68.453262329101562,79.213455200195312
2023-07-25,82,25.694347381591797,29.25257682800293,31.863046646118164,34.198970794677734,36.431713104248047,38.7618408203125,41.443435668945312,44.855865478515625,50.7181396484375,25.694347381591797,36.431713104248047,43.149650573730469,50.7181396484375
2023-07-26,11,30.081642150878906,35.334518432617188,39.255840301513672,42.64141845703125,45.897293090820312,49.261383056640625,53.403816223144531,59.314834594726562,70.77008056640625,30.081642150878906,45.897293090820312,56.359325408935547,70.77008056640625
2023-07-26,13,20.409503936767578,23.834222793579102,26.482791900634766,28.877399444580078,31.221927642822266,33.622089385986328,36.370307922363281,39.88446044921875,46.146308898925781,20.409503936767578,31.221927642822266,38.127384185791016,46.146308898925781
2023-07-26,21,28.488685607910156,33.189754486083984,36.763618469238281,39.920864105224609,42.961372375488281,46.052154541015625,49.574920654296875,54.088554382324219,62.190505981445312,28.488685607910156,42.961372375488281,51.831737518310547,62.190505981445312
2023-07-26,35,41.46673583984375,47.483028411865234,51.978195190429688,55.875694274902344,59.5899658203125,63.382133483886719,67.615303039550781,72.819046020507812,81.683860778808594,41.46673583984375,59.5899658203125,70.217178344726562,81.683860778808594
2023-07-26,82,21.596546173095703,24.88482666015625,27.33619499206543,29.529842376708984,31.623493194580078,33.822296142578125,36.32879638671875,39.467555999755859,44.844688415527344,21.596546173095703,31.623493194580078,37.898178100585938,44.844688415527344
2023-07-27,11,28.537250518798828,33.104476928710938,36.490760803222656,39.382965087890625,42.156455993652344,44.934516906738281,48.208930969238281,52.8763427734375,62.288928985595703,28.537250518798828,42.156455993652344,50.542636871337891,62.288928985595703
2023-07-27,12,11.548245429992676,13.506052017211914,14.991323471069336,16.329740524291992,17.623035430908203,18.962669372558594,20.540172576904297,22.720558166503906,26.881816864013672,11.548245429992676,17.623035430908203,21.630365371704102,26.881816864013672
2023-07-27,13,23.326076507568359,26.721321105957031,29.29334831237793,31.583652496337891,33.785194396972656,36.021537780761719,38.587882995605469,42.063644409179688,48.806381225585938,23.326076507568359,33.785194396972656,40.325763702392578,48.806381225585938
2023-07-27,21,26.320371627807617,30.017580032348633,32.843364715576172,35.3487548828125,37.768436431884766,40.298622131347656,43.174575805664062,46.992294311523438,54.045921325683594,26.320371627807617,37.768436431884766,45.08343505859375,54.045921325683594
2023-07-27,35,40.7513427734375,46.090381622314453,49.989978790283203,53.4010009765625,56.653141021728516,60.010353088378906,63.785438537597656,68.478973388671875,76.468490600585938,40.7513427734375,56.653141021728516,66.1322021484375,76.468490600585938
2023-07-27,82,24.452375411987305,27.775333404541016,30.212821960449219,32.402477264404297,34.492134094238281,36.682613372802734,39.149490356445312,42.255889892578125,47.630992889404297,24.452375411987305,34.492134094238281,40.702690124511719,47.630992889404297
2023-07-28,11,30.553440093994141,34.960594177246094,38.215156555175781,40.986244201660156,43.682273864746094,46.310798645019531,49.335399627685547,53.64520263671875,62.579006195068359,30.553440093994141,43.682273864746094,51.490303039550781,62.579006195068359
2023-07-28,12,10.558929443359375,12.251495361328125,13.514640808105469,14.64957332611084,15.758096694946289,16.89048957824707,18.195564270019531,19.981311798095703,23.350929260253906,10.558929443359375,15.758096694946289,19.088438034057617,23.350929260253906
2023-07-28,13,18.801628112792969,21.818523406982422,24.154911041259766,26.258407592773438,28.342311859130859,30.459819793701172,32.8917236328125,36.249244689941406,42.698440551757812,18.801628112792969,28.342311859130859,34.570484161376953,42.698440551757812
2023-07-28,21,24.070955276489258,27.840610504150391,30.709569931030273,33.225849151611328,35.685073852539062,38.190967559814453,41.054252624511719,45.036563873291016,52.556404113769531,24.070955276489258,35.685073852539062,43.04541015625,52.556404113769531
2023-07-28,35,43.400760650634766,48.473968505859375,52.213020324707031,55.487743377685547,58.646339416503906,61.882484436035156,65.522163391113281,70.075424194335938,78.023216247558594,43.400760650634766,58.646339416503906,67.798797607421875,78.023216247558594
2023-07-28,82,25.160974502563477,28.462520599365234,30.872509002685547,33.022823333740234,35.088367462158203,37.244552612304688,39.697265625,42.816722869873047,48.198780059814453,25.160974502563477,35.088367462158203,41.256996154785156,48.198780059814453
2023-07-29,11,26.119585037231445,30.351570129394531,33.555580139160156,36.386497497558594,39.172599792480469,42.028297424316406,45.378425598144531,50.111038208007812,59.400169372558594,26.119585037231445,39.172599792480469,47.744731903076172,59.400169372558594
2023-07-29,12,9.0101709365844727,10.557045936584473,11.716694831848145,12.760955810546875,13.790985107421875,14.846663475036621,16.083442687988281,17.8089599609375,21.154567718505859,9.0101709365844727,13.790985107421875,16.946201324462891,21.154567718505859
2023-07-29,13,22.311864852905273,25.714744567871094,28.340488433837891,30.689834594726562,33.024784088134766,35.435379028320312,38.260078430175781,42.137157440185547,49.378120422363281,22.311864852905273,33.024784088134766,40.198616027832031,49.378120422363281
2023-07-29,21,26.040790557861328,30.024318695068359,33.109573364257812,35.912769317626953,38.713546752929688,41.767948150634766,45.473419189453125,50.686042785644531,60.240943908691406,26.040790557861328,38.713546752929688,48.079730987548828,60.240943908691406
2023-07-29,35,49.796871185302734,55.2752685546875,59.299507141113281,62.803089141845703,66.215774536132812,69.616714477539062,73.397384643554688,78.063423156738281,86.033432006835938,49.796871185302734,66.215774536132812,75.73040771484375,86.033432006835938
2023-07-29,82,26.277685165405273,29.389553070068359,31.652996063232422,33.652061462402344,35.580593109130859,37.59417724609375,39.903053283691406,42.835231781005859,47.917804718017578,26.277685165405273,35.580593109130859,41.369140625,47.917804718017578
2023-07-30,11,28.537132263183594,32.393257141113281,35.213829040527344,37.715953826904297,40.163215637207031,42.614181518554688,45.317817687988281,48.887611389160156,55.388916015625,28.537132263183594,40.163215637207031,47.102714538574219,55.388916015625
2023-07-30,12,8.1720504760742188,9.778350830078125,11.01198673248291,12.152553558349609,13.270580291748047,14.433940887451172,15.76561164855957,17.507720947265625,20.462184906005859,8.1720504760742188,13.270580291748047,16.636665344238281,20.462184906005859
2023-07-30,13,28.044868469238281,31.639436721801758,34.412532806396484,37.045303344726562,39.673362731933594,42.552970886230469,46.040718078613281,50.723068237304688,58.426666259765625,28.044868469238281,39.673362731933594,48.381893157958984,58.426666259765625
2023-07-30,21,35.025978088378906,39.6270751953125,43.097618103027344,46.287147521972656,49.439811706542969,52.8843994140625,56.937881469726562,62.244636535644531,70.812294006347656,35.025978088378906,49.439811706542969,59.591259002685547,70.812294006347656
2023-07-30,35,48.795253753662109,53.517387390136719,56.942726135253906,59.957756042480469,62.888702392578125,65.895744323730469,69.269866943359375,73.491371154785156,80.33416748046875,48.795253753662109,62.888702392578125,71.380615234375,80.33416748046875
2023-07-30,82,30.890804290771484,33.897853851318359,36.039905548095703,37.948654174804688,39.773178100585938,41.67022705078125,43.837135314941406,46.611915588378906,51.324104309082031,30.890804290771484,39.773178100585938,45.224525451660156,51.324104309082031
2023-07-31,11,39.480659484863281,45.725761413574219,50.382980346679688,54.461772918701172,58.465744018554688,62.735092163085938,67.886299133300781,75.218948364257812,88.726821899414062,39.480659484863281,58.465744018554688,71.552627563476562,88.726821899414062
2023-07-31,12,14.538623809814453,16.441410064697266,17.874317169189453,19.234354019165039,20.574737548828125,22.046737670898438,23.829002380371094,26.214563369750977,30.119274139404297,14.538623809814453,20.574737548828125,25.021781921386719,30.119274139404297
2023-07-31,13,38.185356140136719,42.755111694335938,46.058578491210938,49.060394287109375,51.971305847167969,55.109889984130859,58.780437469482422,63.615970611572266,71.475677490234375,38.185356140136719,51.971305847167969,61.198204040527344,71.475677490234375
2023-07-31,21,28.533384323120117,32.407848358154297,35.332839965820312,38.060306549072266,40.778923034667969,43.770378112792969,47.337432861328125,52.102802276611328,59.745731353759766,28.533384323120117,40.778923034667969,49.720115661621094,59.745731353759766
2023-07-31,35,54.605690002441406,59.757762908935547,63.337722778320312,66.482521057128906,69.47265625,72.60211181640625,76.185104370117188,80.734901428222656,88.400527954101562,54.605690002441406,69.47265625,78.460006713867188,88.400527954101562
2023-07-31,82,38.875522613525391,43.670356750488281,47.228137969970703,50.406906127929688,53.480758666992188,56.6859130859375,60.370933532714844,65.206520080566406,73.460006713867188,38.875522613525391,53.480758666992188,62.788726806640625,73.460006713867188
2023-08-01,11,28.299678802490234,32.281623840332031,35.194591522216797,37.795055389404297,40.336246490478516,42.981597900390625,46.138114929199219,50.583831787109375,59.083660125732422,28.299678802490234,40.336246490478516,48.360973358154297,59.083660125732422
2023-08-01,12,14.765437126159668,17.145008087158203,18.962209701538086,20.641510009765625,22.306831359863281,24.117359161376953,26.280448913574219,29.189754486083984,34.085521697998047,14.765437126159668,22.306831359863281,27.735101699829102,34.085521697998047
2023-08-01,13,29.825834274291992,33.453834533691406,36.12127685546875,38.5560302734375,40.929756164550781,43.37701416015625,46.051780700683594,49.411827087402344,54.920066833496094,29.825834274291992,40.929756164550781,47.731803894042969,54.920066833496094
2023-08-01,21,29.935409545898438,33.811145782470703,36.74578857421875,39.475128173828125,42.177494049072266,45.074592590332031,48.441436767578125,52.803741455078125,59.872230529785156,29.935409545898438,42.177494049072266,50.622589111328125,59.872230529785156
2023-08-01,35,52.024421691894531,57.828384399414062,61.976966857910156,65.611740112304688,69.099830627441406,72.731857299804688,76.799957275390625,81.8912353515625,90.497062683105469,52.024421691894531,69.099830627441406,79.345596313476562,90.497062683105469
2023-08-01,82,30.09962272644043,33.812732696533203,36.499549865722656,38.934524536132812,41.256549835205078,43.657196044921875,46.383216857910156,49.851600646972656,55.852210998535156,30.09962272644043,41.256549835205078,48.117408752441406,55.852210998535156
2023-08-02,11,27.680305480957031,31.535602569580078,34.39508056640625,36.909427642822266,39.367546081542969,41.880283355712891,44.886367797851562,49.125045776367188,57.46929931640625,27.680305480957031,39.367546081542969,47.005706787109375,57.46929931640625
2023-08-02,12,9.0538854598999023,10.942225456237793,12.399072647094727,13.729892730712891,15.04823112487793,16.444990158081055,18.108982086181641,20.392681121826172,24.512096405029297,9.0538854598999023,15.04823112487793,19.250831604003906,24.512096405029297
2023-08-02,13,25.260059356689453,28.664976119995117,31.205955505371094,33.497367858886719,35.745536804199219,38.039840698242188,40.666084289550781,44.063392639160156,50.16436767578125,25.260059356689453,35.745536804199219,42.364738464355469,50.16436767578125
2023-08-02,21,22.871614456176758,26.130847930908203,28.622293472290039,30.912265777587891,33.167774200439453,35.540264129638672,38.266124725341797,41.782905578613281,47.785995483398438,22.871614456176758,33.167774200439453,40.024513244628906,47.785995483398438
2023-08-02,35,36.459030151367188,41.269706726074219,44.77435302734375,47.864219665527344,50.850128173828125,53.967426300048828,57.527824401855469,62.000320434570312,69.646095275878906,36.459030151367188,50.850128173828125,59.764072418212891,69.646095275878906
2023-08-02,82,28.246740341186523,31.890995025634766,34.570274353027344,36.968570709228516,39.258209228515625,41.59613037109375,44.294868469238281,47.715446472167969,53.747726440429688,28.246740341186523,39.258209228515625,46.005157470703125,53.747726440429688
2023-08-03,11,18.025617599487305,21.422842025756836,24.007591247558594,26.323154449462891,28.625114440917969,31.058120727539062,34.031936645507812,38.426193237304688,47.069778442382812,18.025617599487305,28.625114440917969,36.22906494140625,47.069778442382812
2023-08-03,12,10.97613525390625,12.854606628417969,14.301376342773438,15.620320320129395,16.93011474609375,18.298768997192383,19.916885375976562,22.208927154541016,26.460636138916016,10.97613525390625,16.93011474609375,21.062906265258789,26.460636138916016
2023-08-03,13,24.706464767456055,27.963422775268555,30.432723999023438,32.633003234863281,34.799869537353516,36.988410949707031,39.51593017578125,43.008941650390625,49.75885009765625,24.706464767456055,34.799869537353516,41.262435913085938,49.75885009765625
2023-08-03,21,19.551063537597656,22.664028167724609,25.074321746826172,27.260074615478516,29.432981491088867,31.701946258544922,34.3194580078125,37.769874572753906,43.717498779296875,19.551063537597656,29.432981491088867,36.044666290283203,43.717498779296875
2023-08-03,35,40.690765380859375,45.406517028808594,48.838676452636719,51.891563415527344,54.8629150390625,57.944839477539062,61.457015991210938,65.877677917480469,73.325424194335938,40.690765380859375,54.8629150390625,63.667346954345703,73.325424194335938
2023-08-03,82,30.789546966552734,34.3663330078125,37.007850646972656,39.349544525146484,41.598304748535156,43.863693237304688,46.458221435546875,49.863983154296875,56.119270324707031,30.789546966552734,41.598304748535156,48.161102294921875,56.119270324707031
2023-08-04,11,17.351545333862305,20.619405746459961,23.108749389648438,25.361808776855469,27.613075256347656,29.978969573974609,32.825313568115234,37.08642578125,45.552177429199219,17.351545333862305,27.613075256347656,34.95587158203125,45.552177429199219
2023-08-04,12,9.3950519561767578,11.262665748596191,12.649041175842285,13.907279968261719,15.136796951293945,16.38524055480957,17.811565399169922,19.818399429321289,23.650827407836914,9.3950519561767578,15.136796951293945,18.814983367919922,23.650827407836914
2023-08-04,13,19.541788101196289,22.683498382568359,25.062637329101562,27.221652984619141,29.369024276733398,31.546924591064453,34.038726806640625,37.525161743164062,44.197532653808594,19.541788101196289,29.369024276733398,35.781944274902344,44.197532653808594
2023-08-04,21,19.33338737487793,22.475526809692383,24.901008605957031,27.10206413269043,29.291774749755859,31.558147430419922,34.133766174316406,37.591361999511719,43.660812377929688,19.33338737487793,29.291774749755859,35.862564086914062,43.660812377929688
2023-08-04,35,33.444355010986328,38.037979125976562,41.383537292480469,44.406627655029297,47.377052307128906,50.476371765136719,53.99700927734375,58.465965270996094,66.022308349609375,33.444355010986328,47.377052307128906,56.231487274169922,66.022308349609375
2023-08-04,82,26.885257720947266,30.234954833984375,32.690452575683594,34.905105590820312,37.04449462890625,39.249485015869141,41.762489318847656,45.174938201904297,51.497703552246094,26.885257720947266,37.04449462890625,43.468711853027344,51.497703552246094
2023-08-05,11,21.465801239013672,25.287408828735352,28.283580780029297,31.080570220947266,33.920860290527344,37.079452514648438,41.056934356689453,47.0050048828125,58.364265441894531,21.465801239013672,33.920860290527344,44.030967712402344,58.364265441894531
2023-08-05,12,7.9562911987304688,9.8315525054931641,11.259337425231934,12.564095497131348,13.846925735473633,15.208120346069336,16.863260269165039,19.211639404296875,23.554580688476562,7.9562911987304688,13.846925735473633,18.037448883056641,23.554580688476562
2023-08-05,13,22.396739959716797,26.080549240112305,28.944028854370117,31.590305328369141,34.233684539794922,37.024734497070312,40.336837768554688,44.991916656494141,53.603378295898438,22.396739959716797,34.233684539794922,42.664375305175781,53.603378295898438
2023-08-05,21,20.439462661743164,23.642948150634766,26.112321853637695,28.409751892089844,30.718917846679688,33.182395935058594,36.002952575683594,39.741661071777344,46.095222473144531,20.439462661743164,30.718917846679688,37.872306823730469,46.095222473144531
2023-08-05,35,40.105194091796875,45.683502197265625,49.741050720214844,53.373268127441406,56.896949768066406,60.573604583740234,64.787483215332031,70.1708984375,79.28179931640625,40.105194091796875,56.896949768066406,67.47918701171875,79.28179931640625
2023-08-05,82,29.856678009033203,33.286037445068359,35.793331146240234,38.032299041748047,40.193382263183594,42.402198791503906,44.903823852539062,48.267082214355469,54.376708984375,29.856678009033203,40.193382263183594,46.585453033447266,54.376708984375
2023-08-06,11,27.531776428222656,32.253288269042969,35.861610412597656,39.186843872070312,42.527980804443359,46.251213073730469,50.873703002929688,57.472244262695312,69.272018432617188,27.531776428222656,42.527980804443359,54.1729736328125,69.272018432617188
2023-08-06,12,12.391785621643066,14.560358047485352,16.237527847290039,17.819599151611328,19.39219856262207,21.127264022827148,23.280021667480469,26.247165679931641,31.272670745849609,12.391785621643066,19.39219856262207,24.763593673706055,31.272670745849609
2023-08-06,13,28.459064483642578,32.32171630859375,35.287139892578125,38.098747253417969,40.920768737792969,43.963043212890625,47.552391052246094,52.269798278808594,59.961540222167969,28.459064483642578,40.920768737792969,49.911094665527344,59.961540222167969
2023-08-06,21,23.613399505615234,26.975919723510742,29.590171813964844,32.087661743164062,34.599414825439453,37.340255737304688,40.583465576171875,44.876480102539062,51.75,23.613399505615234,34.599414825439453,42.729972839355469,51.75
2023-08-06,35,43.414573669433594,48.469959259033203,52.069648742675781,55.303573608398438,58.402549743652344,61.628074645996094,65.327461242675781,69.993705749511719,77.8033447265625,43.414573669433594,58.402549743652344,67.66058349609375,77.8033447265625
2023-08-06,82,33.379928588867188,36.732147216796875,39.193695068359375,41.473979949951172,43.696640014648438,46.009010314941406,48.650310516357422,52.12664794921875,58.040130615234375,33.379928588867188,43.696640014648438,50.388481140136719,58.040130615234375
2023-08-07,11,22.762790679931641,26.337631225585938,29.01298713684082,31.521877288818359,34.060462951660156,36.937339782714844,40.594287872314453,45.823257446289062,55.049468994140625,22.762790679931641,34.060462951660156,43.208770751953125,55.049468994140625
2023-08-07,12,13.786781311035156,15.870976448059082,17.444805145263672,18.926815032958984,20.398202896118164,22.007114410400391,23.957548141479492,26.59063720703125,30.87144660949707,13.786781311035156,20.398202896118164,25.274093627929688,30.87144660949707
2023-08-07,13,26.268091201782227,29.839035034179688,32.472953796386719,34.963829040527344,37.453407287597656,40.194957733154297,43.477935791015625,47.849830627441406,54.862850189208984,26.268091201782227,37.453407287597656,45.663883209228516,54.862850189208984
2023-08-07,21,28.373895645141602,31.805233001708984,34.345394134521484,36.704174041748047,39.011077880859375,41.445060729980469,44.221328735351562,47.811424255371094,53.488079071044922,28.373895645141602,39.011077880859375,46.016376495361328,53.488079071044922
2023-08-07,35,47.048568725585938,52.320541381835938,56.103523254394531,59.462539672851562,62.672859191894531,65.983551025390625,69.75567626953125,74.545997619628906,82.498306274414062,47.048568725585938,62.672859191894531,72.150833129882812,82.498306274414062
2023-08-07,82,34.771385192871094,37.73419189453125,39.814079284667969,41.732444763183594,43.585945129394531,45.522403717041016,47.723300933837891,50.612655639648438,55.426544189453125,34.771385192871094,43.585945129394531,49.167976379394531,55.426544189453125
2023-08-08,11,24.746017456054688,30.265769958496094,34.506263732910156,38.329143524169922,42.150077819824219,46.421985626220703,51.861232757568359,59.802070617675781,74.342567443847656,24.746017456054688,42.150077819824219,55.831649780273438,74.342567443847656
2023-08-08,12,14.019933700561523,17.170883178710938,19.586433410644531,21.777362823486328,23.95928955078125,26.3997802734375,29.426555633544922,33.660831451416016,40.907085418701172,14.019933700561523,23.95928955078125,31.543693542480469,40.907085418701172
2023-08-08,13,23.873260498046875,27.138561248779297,29.561105728149414,31.812068939208984,34.056926727294922,36.44464111328125,39.132831573486328,42.607841491699219,48.324821472167969,23.873260498046875,34.056926727294922,40.870338439941406,48.324821472167969
2023-08-08,21,24.877265930175781,28.224750518798828,30.71630859375,33.042205810546875,35.316024780273438,37.679214477539062,40.315383911132812,43.662464141845703,49.043357849121094,24.877265930175781,35.316024780273438,41.988922119140625,49.043357849121094
2023-08-08,35,43.03900146484375,48.184177398681641,51.873764038085938,55.086154937744141,58.1781005859375,61.345741271972656,64.895248413085938,69.370529174804688,76.924789428710938,43.03900146484375,58.1781005859375,67.132888793945312,76.924789428710938
2023-08-08,82,32.897411346435547,36.068450927734375,38.265434265136719,40.259803771972656,42.17681884765625,44.180877685546875,46.461906433105469,49.412460327148438,54.408535003662109,32.897411346435547,42.17681884765625,47.937183380126953,54.408535003662109
2023-08-09,11,15.407133102416992,18.51146125793457,20.895015716552734,23.102828979492188,25.296878814697266,27.683380126953125,30.657266616821289,35.006973266601562,43.415378570556641,15.407133102416992,25.296878814697266,32.832118988037109,43.415378570556641
2023-08-09,12,10.563421249389648,12.679153442382812,14.312924385070801,15.831536293029785,17.317985534667969,18.922883987426758,20.850870132446289,23.503574371337891,28.213716506958008,10.563421249389648,17.317985534667969,22.177223205566406,28.213716506958008
2023-08-09,13,23.951725006103516,28.238361358642578,31.511232376098633,34.484939575195312,37.402683258056641,40.517642974853516,44.235488891601562,49.33441162109375,58.601127624511719,23.951725006103516,37.402683258056641,46.784950256347656,58.601127624511719
2023-08-09,21,18.186319351196289,21.15684700012207,23.444780349731445,25.60150146484375,27.716287612915039,29.946176528930664,32.474948883056641,35.660484313964844,40.832107543945312,18.186319351196289,27.716287612915039,34.067718505859375,40.832107543945312
2023-08-09,35,41.439910888671875,47.389167785644531,51.683425903320312,55.385066986083984,58.850639343261719,62.306072235107422,66.148635864257812,71.109527587890625,79.869979858398438,41.439910888671875,58.850639343261719,68.629081726074219,79.869979858398438
2023-08-09,82,25.029975891113281,28.143108367919922,30.380075454711914,32.402503967285156,34.325397491455078,36.332504272460938,38.64251708984375,41.678359985351562,47.057888031005859,25.029975891113281,34.325397491455078,40.160438537597656,47.057888031005859
2023-08-10,11,10.329498291015625,12.845470428466797,14.791420936584473,16.587940216064453,18.405879974365234,20.377750396728516,22.86949348449707,26.655475616455078,34.316825866699219,10.329498291015625,18.405879974365234,24.762485504150391,34.316825866699219
2023-08-10,12,5.2878141403198242,6.7987337112426758,7.9719691276550293,9.0510473251342773,10.118824005126953,11.24128246307373,12.538019180297852,14.322317123413086,17.626035690307617,5.2878141403198242,10.118824005126953,13.430168151855469,17.626035690307617
2023-08-10,13,14.034319877624512,16.693927764892578,18.743518829345703,20.646638870239258,22.53837776184082,24.521221160888672,26.807291030883789,30.05119514465332,36.409317016601562,14.034319877624512,22.53837776184082,28.429243087768555,36.409317016601562
2023-08-10,21,17.722030639648438,20.664480209350586,22.869298934936523,24.885528564453125,26.880393981933594,28.958370208740234,31.364728927612305,34.516555786132812,40.023223876953125,17.722030639648438,26.880393981933594,32.940643310546875,40.023223876953125
2023-08-10,35,21.46318244934082,26.179773330688477,29.798196792602539,33.076152801513672,36.237094879150391,39.537334442138672,43.279220581054688,48.189228057861328,56.878013610839844,21.46318244934082,36.237094879150391,45.734222412109375,56.878013610839844
2023-08-10,82,13.053041458129883,16.067245483398438,18.333818435668945,20.391494750976562,22.388134002685547,24.518695831298828,27.035228729248047,30.615085601806641,37.391567230224609,13.053041458129883,22.388134002685547,28.825157165527344,37.391567230224609
2023-08-11,11,15.296414375305176,18.322916030883789,20.680625915527344,22.869159698486328,25.082725524902344,27.479963302612305,30.506221771240234,35.077919006347656,44.043075561523438,15.296414375305176,25.082725524902344,32.792068481445312,44.043075561523438
2023-08-11,12,8.0741891860961914,9.9011754989624023,11.307476043701172,12.601935386657715,13.863563537597656,15.166183471679688,16.657964706420898,18.73106575012207,22.56852912902832,8.0741891860961914,13.863563537597656,17.694515228271484,22.56852912902832
2023-08-11,13,18.437786102294922,21.572198867797852,23.956754684448242,26.141807556152344,28.301153182983398,30.495452880859375,33.030544281005859,36.601680755615234,43.476570129394531,18.437786102294922,28.301153182983398,34.816112518310547,43.476570129394531
2023-08-11,21,21.954231262207031,25.499547958374023,28.181133270263672,30.587226867675781,32.985336303710938,35.402645111083984,38.1185302734375,41.680076599121094,47.897865295410156,21.954231262207031,32.985336303710938,39.899303436279297,47.897865295410156
2023-08-11,35,39.307022094726562,46.2947998046875,51.529270172119141,56.20208740234375,60.699058532714844,65.436897277832031,71.096694946289062,78.905227661132812,92.8597412109375,39.307022094726562,60.699058532714844,75.000961303710938,92.8597412109375
2023-08-11,82,23.255281448364258,27.298061370849609,30.353069305419922,33.119319915771484,35.801322937011719,38.667289733886719,42.072097778320312,46.885513305664062,55.645404815673828,23.255281448364258,35.801322937011719,44.478805541992188,55.645404815673828
2023-08-12,11,14.37979793548584,17.044792175292969,19.151527404785156,21.163524627685547,23.236017227172852,25.554248809814453,28.541851043701172,32.967052459716797,41.334388732910156,14.37979793548584,23.236017227172852,30.754451751708984,41.334388732910156
2023-08-12,12,8.6717319488525391,10.453280448913574,11.82048511505127,13.081804275512695,14.332731246948242,15.669990539550781,17.315738677978516,19.635379791259766,23.863468170166016,8.6717319488525391,14.332731246948242,18.475559234619141,23.863468170166016
2023-08-12,13,17.562679290771484,20.686452865600586,23.094669342041016,25.330211639404297,27.600975036621094,30.004253387451172,32.931118011474609,37.113258361816406,44.974334716796875,17.562679290771484,27.600975036621094,35.022186279296875,44.974334716796875
2023-08-12,21,23.955785751342773,27.587802886962891,30.376895904541016,32.954551696777344,35.558494567871094,38.25433349609375,41.356002807617188,45.487247467041016,52.663383483886719,23.955785751342773,35.558494567871094,43.421623229980469,52.663383483886719
2023-08-12,35,37.691608428955078,44.097431182861328,48.888862609863281,53.186309814453125,57.349292755126953,61.809623718261719,67.23687744140625,74.658538818359375,87.760833740234375,37.691608428955078,57.349292755126953,70.947708129882812,87.760833740234375
2023-08-12,82,25.227178573608398,29.670326232910156,33.0382080078125,36.11798095703125,39.124549865722656,42.37811279296875,46.226833343505859,51.571819305419922,61.107158660888672,25.227178573608398,39.124549865722656,48.899326324462891,61.107158660888672
2023-08-13,11,18.916595458984375,21.849807739257812,24.09998893737793,26.258563995361328,28.464988708496094,30.940822601318359,34.086948394775391,38.581687927246094,46.588890075683594,18.916595458984375,28.464988708496094,36.334320068359375,46.588890075683594
2023-08-13,12,9.0000677108764648,10.600273132324219,11.863807678222656,13.080707550048828,14.305427551269531,15.650753021240234,17.316930770874023,19.607145309448242,23.459529876708984,9.0000677108764648,14.305427551269531,18.462038040161133,23.459529876708984
2023-08-13,13,23.804008483886719,27.480697631835938,30.290018081665039,32.962383270263672,35.6533203125,38.613319396972656,42.252418518066406,47.343521118164062,56.241249084472656,23.804008483886719,35.6533203125,44.797969818115234,56.241249084472656
2023-08-13,21,25.974483489990234,29.755905151367188,32.648632049560547,35.3880615234375,38.145900726318359,41.094429016113281,44.572772979736328,49.254959106445312,56.974090576171875,25.974483489990234,38.145900726318359,46.913864135742188,56.974090576171875
2023-08-13,35,40.437820434570312,46.825065612792969,51.546428680419922,55.820308685302734,59.960979461669922,64.415206909179688,69.790596008300781,76.986785888671875,89.251861572265625,40.437820434570312,59.960979461669922,73.388687133789062,89.251861572265625
2023-08-13,82,32.29986572265625,37.947872161865234,42.152610778808594,45.942546844482422,49.604019165039062,53.542434692382812,58.120658874511719,64.299339294433594,74.852981567382812,32.29986572265625,49.604019165039062,61.209999084472656,74.852981567382812
2023-08-14,11,21.459224700927734,24.474420547485352,26.694076538085938,28.807971954345703,30.920942306518555,33.306770324707031,36.338176727294922,40.625659942626953,48.233222961425781,21.459224700927734,30.920942306518555,38.481918334960938,48.233222961425781
2023-08-14,12,12.756478309631348,14.466835021972656,15.775696754455566,17.035030364990234,18.285234451293945,19.686307907104492,21.430370330810547,23.838748931884766,27.934963226318359,12.756478309631348,18.285234451293945,22.634559631347656,27.934963226318359
2023-08-14,13,21.098775863647461,24.038692474365234,26.18768310546875,28.26951789855957,30.373310089111328,32.735618591308594,35.632366180419922,39.6187744140625,46.454719543457031,21.098775863647461,30.373310089111328,37.625572204589844,46.454719543457031
2023-08-14,21,26.253692626953125,29.486242294311523,31.829322814941406,34.063877105712891,36.269332885742188,38.652259826660156,41.433742523193359,45.140727996826172,51.268596649169922,26.253692626953125,36.269332885742188,43.287235260009766,51.268596649169922
2023-08-14,35,36.931571960449219,42.341983795166016,46.252208709716797,49.758331298828125,53.119052886962891,56.691532135009766,60.84881591796875,66.236083984375,75.406013488769531,36.931571960449219,53.119052886962891,63.542449951171875,75.406013488769531
2023-08-14,82,28.533863067626953,33.026542663574219,36.365463256835938,39.452358245849609,42.459678649902344,45.779960632324219,49.756023406982422,55.137966156005859,64.14404296875,28.533863067626953,42.459678649902344,52.446994781494141,64.14404296875
2023-08-15,11,18.840593338012695,22.691839218139648,25.610088348388672,28.298147201538086,30.964517593383789,33.891929626464844,37.529296875,42.617240905761719,51.73431396484375,18.840593338012695,30.964517593383789,40.073268890380859,51.73431396484375
2023-08-15,12,10.661054611206055,12.50556468963623,13.940718650817871,15.2890625,16.632139205932617,18.095392227172852,19.815942764282227,22.115594863891602,25.998992919921875,10.661054611206055,16.632139205932617,20.965768814086914,25.998992919921875
2023-08-15,13,21.004823684692383,24.541744232177734,27.222705841064453,29.729330062866211,32.224517822265625,34.963298797607422,38.224956512451172,42.611190795898438,50.058113098144531,21.004823684692383,32.224517822265625,40.418075561523438,50.058113098144531
2023-08-15,21,24.46442985534668,28.147109985351562,30.887275695800781,33.429649353027344,35.927001953125,38.560066223144531,41.572647094726562,45.467704772949219,51.870121002197266,24.46442985534668,35.927001953125,43.520175933837891,51.870121002197266
2023-08-15,35,38.0894775390625,44.497089385986328,49.189437866210938,53.316738128662109,57.287784576416016,61.440174102783203,66.1610107421875,72.181991577148438,82.41888427734375,38.0894775390625,57.287784576416016,69.171501159667969,82.41888427734375
2023-08-15,82,25.938615798950195,31.059597015380859,34.851551055908203,38.260250091552734,41.548622131347656,45.098587036132812,49.307819366455078,54.946670532226562,64.527626037597656,25.938615798950195,41.548622131347656,52.127243041992188,64.527626037597656
2023-08-16,11,15.686367034912109,18.920509338378906,21.411712646484375,23.717180252075195,26.004554748535156,28.490510940551758,31.624637603759766,36.143024444580078,44.721755981445312,15.686367034912109,26.004554748535156,33.883831024169922,44.721755981445312
2023-08-16,12,8.5060710906982422,10.287869453430176,11.66783618927002,12.934975624084473,14.178571701049805,15.479941368103027,16.948841094970703,18.831794738769531,22.121559143066406,8.5060710906982422,14.178571701049805,17.890317916870117,22.121559143066406
2023-08-16,13,16.076515197753906,19.290853500366211,21.736150741577148,23.945995330810547,26.100044250488281,28.39482307434082,31.1129150390625,34.887359619140625,42.082778930664062,16.076515197753906,26.100044250488281,33.000137329101562,42.082778930664062
2023-08-16,21,22.379724502563477,25.705600738525391,28.175069808959961,30.418739318847656,32.606636047363281,34.875804901123047,37.464103698730469,40.804847717285156,46.639289855957031,22.379724502563477,32.606636047363281,39.134475708007812,46.639289855957031
2023-08-16,35,34.065650939941406,40.270805358886719,44.748378753662109,48.631568908691406,52.360694885253906,56.2088623046875,60.562026977539062,66.065505981445312,75.696723937988281,34.065650939941406,52.360694885253906,63.313766479492188,75.696723937988281
2023-08-16,82,19.957941055297852,23.72088623046875,26.59515380859375,29.261421203613281,31.864889144897461,34.705028533935547,38.187164306640625,43.061698913574219,51.874038696289062,19.957941055297852,31.864889144897461,40.624431610107422,51.874038696289062
2023-08-17,11,14.303828239440918,17.49738883972168,19.955432891845703,22.220684051513672,24.476543426513672,26.941421508789062,30.08159065246582,34.791912078857422,43.983982086181641,14.303828239440918,24.476543426513672,32.436752319335938,43.983982086181641
2023-08-17,12,7.5134687423706055,9.0753726959228516,10.264188766479492,11.349298477172852,12.405229568481445,13.502155303955078,14.76806640625,16.482465744018555,19.69940185546875,7.5134687423706055,12.405229568481445,15.625266075134277,19.69940185546875
2023-08-17,13,17.714675903320312,21.047618865966797,23.629737854003906,25.988700866699219,28.300718307495117,30.665870666503906,33.4200439453125,37.306625366210938,44.874443054199219,17.714675903320312,28.300718307495117,35.363334655761719,44.874443054199219
2023-08-17,21,20.796586990356445,23.838626861572266,26.149753570556641,28.26384162902832,30.358942031860352,32.494827270507812,34.922943115234375,38.124526977539062,43.923545837402344,20.796586990356445,30.358942031860352,36.523735046386719,43.923545837402344
2023-08-17,35,37.51397705078125,43.448410034179688,47.730968475341797,51.472724914550781,55.0594482421875,58.755691528320312,62.963081359863281,68.344863891601562,77.836524963378906,37.51397705078125,55.0594482421875,65.653976440429688,77.836524963378906
2023-08-17,82,16.517789840698242,19.804330825805664,22.348178863525391,24.736284255981445,27.056835174560547,29.558559417724609,32.529407501220703,36.65008544921875,44.174514770507812,16.517789840698242,27.056835174560547,34.589744567871094,44.174514770507812
2023-08-18,11,14.867859840393066,18.034755706787109,20.453554153442383,22.682594299316406,24.911935806274414,27.325412750244141,30.388992309570312,34.994380950927734,44.016952514648438,14.867859840393066,24.911935806274414,32.691688537597656,44.016952514648438
2023-08-18,12,4.6760425567626953,6.141045093536377,7.2577991485595703,8.2912445068359375,9.3193378448486328,10.386857986450195,11.633566856384277,13.360475540161133,16.627185821533203,4.6760425567626953,9.3193378448486328,12.497020721435547,16.627185821533203
2023-08-18,13,20.020557403564453,24.212234497070312,27.482006072998047,30.502899169921875,33.521579742431641,36.718925476074219,40.738071441650391,46.719028472900391,58.295562744140625,20.020557403564453,33.521579742431641,43.728549957275391,58.295562744140625
2023-08-18,21,21.783794403076172,25.249458312988281,27.888586044311523,30.297367095947266,32.681934356689453,35.043018341064453,37.665904998779297,41.115421295166016,47.325965881347656,21.783794403076172,32.681934356689453,39.390663146972656,47.325965881347656
2023-08-18,35,43.900760650634766,51.25994873046875,56.675765991210938,61.399742126464844,65.98834228515625,70.74658203125,76.592987060546875,85.044570922851562,101.67041778564453,43.900760650634766,65.98834228515625,80.818778991699219,101.67041778564453
2023-08-18,82,19.187541961669922,23.110952377319336,26.178546905517578,29.054227828979492,31.86492919921875,34.861846923828125,38.467624664306641,43.5406494140625,52.841056823730469,19.187541961669922,31.86492919921875,41.004135131835938,52.841056823730469
2023-08-19,11,15.843409538269043,18.898853302001953,21.287738800048828,23.53679084777832,25.825752258300781,28.388969421386719,31.731178283691406,36.667190551757812,45.902168273925781,15.843409538269043,25.825752258300781,34.199184417724609,45.902168273925781
2023-08-19,12,6.6424407958984375,8.2138681411743164,9.4323358535766602,10.546049118041992,11.661679267883301,12.822840690612793,14.207289695739746,16.105499267578125,19.571331024169922,6.6424407958984375,11.661679267883301,15.156394958496094,19.571331024169922
2023-08-19,13,24.10609245300293,29.019525527954102,32.800380706787109,36.250846862792969,39.69183349609375,43.390205383300781,48.067886352539062,54.876857757568359,67.72979736328125,24.10609245300293,39.69183349609375,51.472373962402344,67.72979736328125
2023-08-19,21,21.76536750793457,25.284822463989258,28.012424468994141,30.502975463867188,32.994979858398438,35.519294738769531,38.404720306396484,42.18505859375,48.675880432128906,21.76536750793457,32.994979858398438,40.294891357421875,48.675880432128906
2023-08-19,35,47.893783569335938,54.923004150390625,60.142475128173828,64.727493286132812,69.219505310058594,74.006820678710938,80.095123291015625,88.741935729980469,105.15390014648438,47.893783569335938,69.219505310058594,84.418533325195312,105.15390014648438
2023-08-19,82,19.484981536865234,23.128864288330078,26.038305282592773,28.780464172363281,31.505483627319336,34.467124938964844,38.118515014648438,43.255218505859375,52.627212524414062,19.484981536865234,31.505483627319336,40.686866760253906,52.627212524414062
2023-08-20,11,20.79217529296875,24.691329956054688,27.738822937011719,30.595958709716797,33.495903015136719,36.794509887695312,41.066261291503906,47.150032043457031,57.839191436767578,20.79217529296875,33.495903015136719,44.108146667480469,57.839191436767578
2023-08-20,12,9.447845458984375,11.084494590759277,12.393659591674805,13.661934852600098,14.964882850646973,16.422462463378906,18.291290283203125,20.8839111328125,25.331893920898438,9.447845458984375,14.964882850646973,19.587600708007812,25.331893920898438
2023-08-20,13,31.490642547607422,37.388290405273438,41.853164672851562,45.930473327636719,50.009422302246094,54.522628784179688,60.285938262939453,68.510116577148438,83.347198486328125,31.490642547607422,50.009422302246094,64.398025512695312,83.347198486328125
2023-08-20,21,28.289350509643555,32.510429382324219,35.772129058837891,38.84564208984375,41.928066253662109,45.243339538574219,49.201736450195312,54.489944458007812,63.116325378417969,28.289350509643555,41.928066253662109,51.845840454101562,63.116325378417969
2023-08-20,35,47.60772705078125,53.477859497070312,57.835029602050781,61.759292602539062,65.66412353515625,69.854103088378906,75.063217163085938,81.97637939453125,93.939239501953125,47.60772705078125,65.66412353515625,78.519798278808594,93.939239501953125
2023-08-20,82,23.338123321533203,27.391323089599609,30.536453247070312,33.484222412109375,36.392131805419922,39.555099487304688,43.403274536132812,48.615028381347656,57.475864410400391,23.338123321533203,36.392131805419922,46.009151458740234,57.475864410400391
2023-08-21,11,22.216413497924805,25.143928527832031,27.347759246826172,29.436580657958984,31.534526824951172,33.927600860595703,37.011192321777344,41.420883178710938,49.409557342529297,22.216413497924805,31.534526824951172,39.216037750244141,49.409557342529297
2023-08-21,12,12.313568115234375,14.058657646179199,15.402853012084961,16.679775238037109,17.958953857421875,19.403728485107422,21.233648300170898,23.757596969604492,28.054952621459961,12.313568115234375,17.958953857421875,22.495622634887695,28.054952621459961
2023-08-21,13,33.324996948242188,38.040382385253906,41.498249053955078,44.662910461425781,47.774688720703125,51.145473480224609,55.304920196533203,61.032928466796875,70.980758666992188,33.324996948242188,47.774688720703125,58.168922424316406,70.980758666992188
2023-08-21,21,34.046180725097656,38.912220001220703,42.491905212402344,45.7586669921875,48.951702117919922,52.390678405761719,56.467147827148438,61.889606475830078,70.679374694824219,34.046180725097656,48.951702117919922,59.178375244140625,70.679374694824219
2023-08-21,35,48.379512786865234,53.308979034423828,56.935630798339844,60.166561126708984,63.332382202148438,66.682571411132812,70.634864807128906,75.784881591796875,84.848342895507812,48.379512786865234,63.332382202148438,73.209869384765625,84.848342895507812
2023-08-21,82,24.676876068115234,28.868709564208984,31.998359680175781,34.884868621826172,37.684772491455078,40.725131988525391,44.402778625488281,49.371498107910156,57.78173828125,24.676876068115234,37.684772491455078,46.887138366699219,57.78173828125
2023-08-22,11,19.092641830444336,23.031803131103516,26.082614898681641,28.902683258056641,31.733543395996094,34.920070648193359,38.956878662109375,44.671409606933594,54.874069213867188,19.092641830444336,31.733543395996094,41.814144134521484,54.874069213867188
2023-08-22,12,11.142465591430664,13.20337963104248,14.793283462524414,16.264190673828125,17.720121383666992,19.325531005859375,21.279659271240234,23.903438568115234,28.351299285888672,11.142465591430664,17.720121383666992,22.591548919677734,28.351299285888672
2023-08-22,13,31.381179809570312,36.158447265625,39.653232574462891,42.765323638916016,45.773185729980469,48.966320037841797,52.800636291503906,57.919174194335938,66.948959350585938,31.381179809570312,45.773185729980469,55.359905242919922,66.948959350585938
2023-08-22,21,31.596824645996094,37.382987976074219,41.753990173339844,45.693038940429688,49.541782379150391,53.706928253173828,58.705291748046875,65.369651794433594,76.506858825683594,31.596824645996094,49.541782379150391,62.037471771240234,76.506858825683594
2023-08-22,35,48.410392761230469,54.528812408447266,59.0322265625,62.961353302001953,66.796340942382812,70.814643859863281,75.515151977539062,81.644577026367188,92.677383422851562,48.410392761230469,66.796340942382812,78.579864501953125,92.677383422851562
2023-08-22,82,20.676809310913086,25.109529495239258,28.518962860107422,31.661586761474609,34.725921630859375,38.097496032714844,42.278755187988281,48.052101135253906,58.154182434082031,20.676809310913086,34.725921630859375,45.165428161621094,58.154182434082031
2023-08-23,11,17.781578063964844,21.535526275634766,24.41264533996582,27.044456481933594,29.646778106689453,32.502395629882812,36.181262969970703,41.52459716796875,51.7724609375,17.781578063964844,29.646778106689453,38.852928161621094,51.7724609375
2023-08-23,12,8.2489633560180664,9.8787851333618164,11.135148048400879,12.281371116638184,13.411679267883301,14.595680236816406,15.94633674621582,17.673776626586914,20.654624938964844,8.2489633560180664,13.411679267883301,16.810056686401367,20.654624938964844
2023-08-23,13,18.119787216186523,21.511394500732422,24.047590255737305,26.306695938110352,28.491600036621094,30.724819183349609,33.302703857421875,36.726036071777344,43.121566772460938,18.119787216186523,28.491600036621094,35.014369964599609,43.121566772460938
2023-08-23,21,23.866903305053711,27.844709396362305,30.869607925415039,33.590995788574219,36.210140228271484,38.871917724609375,41.867576599121094,45.65338134765625,52.152194976806641,23.866903305053711,36.210140228271484,43.760478973388672,52.152194976806641
2023-08-23,35,37.816959381103516,43.0787353515625,46.949153900146484,50.276565551757812,53.495594024658203,56.796035766601562,60.617450714111328,65.421661376953125,73.753959655761719,37.816959381103516,53.495594024658203,63.019554138183594,73.753959655761719
2023-08-23,82,20.829055786132812,24.960271835327148,28.135066986083984,31.026096343994141,33.8089599609375,36.754348754882812,40.2945556640625,45.067958831787109,53.588207244873047,20.829055786132812,33.8089599609375,42.681259155273438,53.588207244873047
2023-08-24,11,13.747880935668945,16.805755615234375,19.131998062133789,21.246356964111328,23.345579147338867,25.648147583007812,28.621417999267578,33.083919525146484,42.075912475585938,13.747880935668945,23.345579147338867,30.852668762207031,42.075912475585938
2023-08-24,12,8.7167558670043945,10.366123199462891,11.616979598999023,12.744856834411621,13.8365478515625,14.970290184020996,16.285604476928711,18.040586471557617,21.341081619262695,8.7167558670043945,13.8365478515625,17.163095474243164,21.341081619262695
2023-08-24,13,21.6500244140625,25.563066482543945,28.42494010925293,30.933334350585938,33.30828857421875,35.692588806152344,38.482337951660156,42.304332733154297,49.936286926269531,21.6500244140625,33.30828857421875,40.393333435058594,49.936286926269531
2023-08-24,21,26.371498107910156,30.756229400634766,34.0328369140625,36.959018707275391,39.792266845703125,42.667304992675781,45.977680206298828,50.332248687744141,58.142242431640625,26.371498107910156,39.792266845703125,48.154964447021484,58.142242431640625
2023-08-24,35,39.468276977539062,44.456451416015625,48.100872039794922,51.252426147460938,54.310325622558594,57.43731689453125,61.084907531738281,65.73016357421875,73.964935302734375,39.468276977539062,54.310325622558594,63.407535552978516,73.964935302734375
2023-08-24,82,21.550922393798828,25.500160217285156,28.461616516113281,31.107215881347656,33.624099731445312,36.26495361328125,39.454662322998047,43.78662109375,51.622276306152344,21.550922393798828,33.624099731445312,41.620643615722656,51.622276306152344
2023-08-25,11,14.64995002746582,17.921743392944336,20.378517150878906,22.604446411132812,24.814512252807617,27.185916900634766,30.195770263671875,34.699073791503906,43.750217437744141,14.64995002746582,24.814512252807617,32.447422027587891,43.750217437744141
2023-08-25,12,8.6529083251953125,10.414493560791016,11.747866630554199,12.956391334533691,14.135477066040039,15.35084056854248,16.751659393310547,18.61212158203125,21.973501205444336,8.6529083251953125,14.135477066040039,17.681890487670898,21.973501205444336
2023-08-25,13,18.788070678710938,22.485706329345703,25.223775863647461,27.637815475463867,29.968912124633789,32.317626953125,35.080184936523438,38.912811279296875,46.509979248046875,18.788070678710938,29.968912124633789,36.996498107910156,46.509979248046875
2023-08-25,21,29.238372802734375,34.396171569824219,38.245491027832031,41.677589416503906,44.995071411132812,48.317100524902344,52.094093322753906,57.196784973144531,66.650833129882812,29.238372802734375,44.995071411132812,54.645439147949219,66.650833129882812
2023-08-25,35,39.754844665527344,44.749591827392578,48.333320617675781,51.401412963867188,54.363052368164062,57.392486572265625,60.942825317382812,65.515029907226562,73.6258544921875,39.754844665527344,54.363052368164062,63.228927612304688,73.6258544921875
2023-08-25,82,20.227163314819336,23.989130020141602,26.818973541259766,29.357231140136719,31.746753692626953,34.207138061523438,37.072334289550781,40.876373291015625,47.710487365722656,20.227163314819336,31.746753692626953,38.974353790283203,47.710487365722656
2023-08-26,11,17.782398223876953,21.246393203735352,23.919694900512695,26.402240753173828,28.916213989257812,31.761241912841797,35.505275726318359,41.068840026855469,51.628715515136719,17.782398223876953,28.916213989257812,38.287055969238281,51.628715515136719
2023-08-26,12,9.210662841796875,10.954056739807129,12.292922973632812,13.503039360046387,14.690299034118652,15.943442344665527,17.485002517700195,19.547657012939453,23.198970794677734,9.210662841796875,14.690299034118652,18.516330718994141,23.198970794677734
2023-08-26,13,17.884639739990234,21.441093444824219,24.111309051513672,26.500175476074219,28.832174301147461,31.249507904052734,34.183822631835938,38.256477355957031,45.941230773925781,17.884639739990234,28.832174301147461,36.220149993896484,45.941230773925781
2023-08-26,21,27.826940536499023,32.621742248535156,36.226600646972656,39.474662780761719,42.619213104248047,45.808677673339844,49.490718841552734,54.407814025878906,63.147594451904297,27.826940536499023,42.619213104248047,51.949264526367188,63.147594451904297
2023-08-26,35,35.411613464355469,39.705081939697266,42.862709045410156,45.591098785400391,48.264328002929688,51.026832580566406,54.360908508300781,58.756004333496094,66.695297241210938,35.411613464355469,48.264328002929688,56.558456420898438,66.695297241210938
2023-08-26,82,22.9154052734375,26.772197723388672,29.717914581298828,32.406475067138672,34.955764770507812,37.676364898681641,41.00616455078125,45.530754089355469,53.537574768066406,22.9154052734375,34.955764770507812,43.268459320068359,53.537574768066406
2023-08-27,11,20.437740325927734,24.13862419128418,26.968486785888672,29.602975845336914,32.271461486816406,35.334140777587891,39.332160949707031,45.070384979248047,55.408313751220703,20.437740325927734,32.271461486816406,42.201271057128906,55.408313751220703
2023-08-27,12,11.360189437866211,13.086956977844238,14.444162368774414,15.706821441650391,16.970142364501953,18.346755981445312,20.085979461669922,22.446075439453125,26.434247970581055,11.360189437866211,16.970142364501953,21.266027450561523,26.434247970581055
2023-08-27,13,21.4371337890625,24.726364135742188,27.25823974609375,29.630771636962891,32.003044128417969,34.612228393554688,37.925025939941406,42.485870361328125,50.361461639404297,21.4371337890625,32.003044128417969,40.205448150634766,50.361461639404297
2023-08-27,21,32.078025817871094,36.945537567138672,40.594680786132812,43.917388916015625,47.183914184570312,50.616981506347656,54.724296569824219,60.192306518554688,69.420654296875,32.078025817871094,47.183914184570312,57.458301544189453,69.420654296875
2023-08-27,35,33.491226196289062,37.797527313232422,41.027030944824219,43.911548614501953,46.749568939208984,49.816181182861328,53.602252960205078,58.622116088867188,67.229751586914062,33.491226196289062,46.749568939208984,56.1121826171875,67.229751586914062
2023-08-27,82,25.484060287475586,29.214832305908203,32.027778625488281,34.574752807617188,37.005935668945312,39.60003662109375,42.771621704101562,47.010349273681641,54.265045166015625,25.484060287475586,37.005935668945312,44.890983581542969,54.265045166015625
2023-08-28,11,18.791233062744141,21.338169097900391,23.278026580810547,25.126480102539062,27.003269195556641,29.158042907714844,31.972827911376953,35.986961364746094,43.186851501464844,18.791233062744141,27.003269195556641,33.979896545410156,43.186851501464844
2023-08-28,12,9.4676933288574219,10.99066162109375,12.164678573608398,13.273905754089355,14.382617950439453,15.629344940185547,17.197988510131836,19.321998596191406,22.935970306396484,9.4676933288574219,14.382617950439453,18.259994506835938,22.935970306396484
2023-08-28,13,29.706510543823242,33.944992065429688,37.123191833496094,40.028640747070312,42.888568878173828,46.018093109130859,49.929214477539062,55.257621765136719,64.383255004882812,29.706510543823242,42.888568878173828,52.593418121337891,64.383255004882812
2023-08-28,21,31.666345596313477,35.765113830566406,38.757865905761719,41.474739074707031,44.117210388183594,46.928173065185547,50.281715393066406,54.764892578125,62.327560424804688,31.666345596313477,44.117210388183594,52.523303985595703,62.327560424804688
2023-08-28,35,36.71551513671875,40.908119201660156,43.991477966308594,46.735099792480469,49.403995513916016,52.256256103515625,55.662979125976562,60.132205963134766,67.847381591796875,36.71551513671875,49.403995513916016,57.897590637207031,67.847381591796875
2023-08-28,82,26.665462493896484,30.485782623291016,33.288661956787109,35.789070129394531,38.144706726074219,40.610466003417969,43.527519226074219,47.364021301269531,53.989059448242188,26.665462493896484,38.144706726074219,45.445770263671875,53.989059448242188
2023-08-29,11,18.864948272705078,22.242147445678711,24.810649871826172,27.185775756835938,29.559707641601562,32.225379943847656,35.588287353515625,40.288330078125,48.614700317382812,18.864948272705078,29.559707641601562,37.938308715820312,48.614700317382812
2023-08-29,12,10.501582145690918,12.177680969238281,13.464823722839355,14.648100852966309,15.821794509887695,17.120002746582031,18.697601318359375,20.833305358886719,24.459686279296875,10.501582145690918,15.821794509887695,19.765453338623047,24.459686279296875
2023-08-29,13,28.801830291748047,33.306446075439453,36.678642272949219,39.694869995117188,42.647697448730469,45.825992584228516,49.636932373046875,54.722145080566406,63.44232177734375,28.801830291748047,42.647697448730469,52.179538726806641,63.44232177734375
2023-08-29,21,30.353105545043945,34.586029052734375,37.729660034179688,40.563632965087891,43.313468933105469,46.21051025390625,49.560272216796875,53.979518890380859,61.483222961425781,30.353105545043945,43.313468933105469,51.7698974609375,61.483222961425781
2023-08-29,35,37.991359710693359,42.611919403076172,45.9561767578125,48.872165679931641,51.670646667480469,54.607521057128906,57.980815887451172,62.317329406738281,69.86181640625,37.991359710693359,51.670646667480469,60.149070739746094,69.86181640625
2023-08-29,82,26.718524932861328,30.504125595092773,33.254756927490234,35.660923004150391,37.900138854980469,40.196086883544922,42.782974243164062,46.084510803222656,51.841312408447266,26.718524932861328,37.900138854980469,44.433742523193359,51.841312408447266
2023-08-30,11,14.017168045043945,16.640621185302734,18.573009490966797,20.319107055664062,22.029790878295898,23.861696243286133,26.074390411376953,29.147796630859375,35.068069458007812,14.017168045043945,22.029790878295898,27.611093521118164,35.068069458007812
2023-08-30,12,5.6960139274597168,6.9883222579956055,7.9882793426513672,8.8990764617919922,9.8142032623291016,10.799832344055176,11.968196868896484,13.523881912231445,16.301570892333984,5.6960139274597168,9.8142032623291016,12.746039390563965,16.301570892333984
2023-08-30,13,16.203096389770508,19.25738525390625,21.516836166381836,23.517536163330078,25.469655990600586,27.514816284179688,29.90513801574707,33.140491485595703,39.22015380859375,16.203096389770508,25.469655990600586,31.522815704345703,39.22015380859375
2023-08-30,21,26.075666427612305,30.027751922607422,32.934940338134766,35.540546417236328,38.054531097412109,40.655075073242188,43.63623046875,47.463611602783203,54.221797943115234,26.075666427612305,38.054531097412109,45.549919128417969,54.221797943115234
2023-08-30,35,33.718448638916016,38.117027282714844,41.315372467041016,44.078777313232422,46.721656799316406,49.473163604736328,52.663284301757812,56.708076477050781,63.713314056396484,33.718448638916016,46.721656799316406,54.685680389404297,63.713314056396484
2023-08-30,82,21.972736358642578,25.198577880859375,27.561563491821289,29.614265441894531,31.545787811279297,33.550922393798828,35.842144012451172,38.755706787109375,43.893692016601562,21.972736358642578,31.545787811279297,37.298927307128906,43.893692016601562
2023-08-31,11,17.038928985595703,19.963785171508789,22.105392456054688,24.016330718994141,25.88133430480957,27.855815887451172,30.260173797607422,33.577175140380859,39.937313079833984,17.038928985595703,25.88133430480957,31.918674468994141,39.937313079833984
2023-08-31,12,7.582514762878418,8.9930543899536133,10.103269577026367,11.111310005187988,12.114083290100098,13.164386749267578,14.394998550415039,15.980775833129883,18.730941772460938,7.582514762878418,12.114083290100098,15.187887191772461,18.730941772460938
2023-08-31,13,18.690036773681641,21.977939605712891,24.429191589355469,26.592964172363281,28.686145782470703,30.844797134399414,33.379341125488281,36.799263000488281,43.248531341552734,18.690036773681641,28.686145782470703,35.089302062988281,43.248531341552734
2023-08-31,21,25.073728561401367,28.805938720703125,31.569246292114258,34.038337707519531,36.460403442382812,38.958511352539062,41.860870361328125,45.555870056152344,52.001091003417969,25.073728561401367,36.460403442382812,43.708370208740234,52.001091003417969
2023-08-31,35,37.304843902587891,41.981082916259766,45.375473022460938,48.313812255859375,51.107192993164062,53.966156005859375,57.268638610839844,61.428466796875,68.570289611816406,37.304843902587891,51.107192993164062,59.348552703857422,68.570289611816406
2023-08-31,82,22.817556381225586,25.831762313842773,28.02330207824707,29.901004791259766,31.66265869140625,33.470855712890625,35.570648193359375,38.260818481445312,42.995002746582031,22.817556381225586,31.66265869140625,36.915733337402344,42.995002746582031
2023-09-01,11,16.573383331298828,19.86033821105957,22.355300903320312,24.625888824462891,26.894519805908203,29.362880706787109,32.52197265625,37.149238586425781,46.075027465820312,16.573383331298828,26.894519805908203,34.835605621337891,46.075027465820312
2023-09-01,12,6.8413290977478027,8.2295141220092773,9.3095359802246094,10.290285110473633,11.27932071685791,12.319949150085449,13.548413276672363,15.162288665771484,17.995767593383789,6.8413290977478027,11.27932071685791,14.355350494384766,17.995767593383789
2023-09-01,13,18.356204986572266,21.833555221557617,24.389108657836914,26.618659973144531,28.794031143188477,30.997961044311523,33.593521118164062,37.119319915771484,43.856613159179688,18.356204986572266,28.794031143188477,35.356422424316406,43.856613159179688
2023-09-01,21,20.974300384521484,24.471200942993164,27.057964324951172,29.364162445068359,31.652530670166016,33.961597442626953,36.615371704101562,40.050952911376953,46.113117218017578,20.974300384521484,31.652530670166016,38.333160400390625,46.113117218017578
2023-09-01,35,33.350700378417969,37.815116882324219,41.040782928466797,43.829929351806641,46.501960754394531,49.250839233398438,52.471458435058594,56.584434509277344,63.698299407958984,33.350700378417969,46.501960754394531,54.527946472167969,63.698299407958984
2023-09-01,82,24.386478424072266,27.747943878173828,30.210208892822266,32.349700927734375,34.374473571777344,36.422492980957031,38.804718017578125,41.857749938964844,47.253646850585938,24.386478424072266,34.374473571777344,40.331233978271484,47.253646850585938
2023-09-02,11,19.077922821044922,22.468822479248047,25.060003280639648,27.465993881225586,29.882942199707031,32.608169555664062,36.204010009765625,41.428062438964844,51.141036987304688,19.077922821044922,29.882942199707031,38.816036224365234,51.141036987304688
2023-09-02,12,7.1237754821777344,8.4965333938598633,9.5592994689941406,10.519269943237305,11.482934951782227,12.510128974914551,13.759951591491699,15.436738967895508,18.419406890869141,7.1237754821777344,11.482934951782227,14.598344802856445,18.419406890869141
2023-09-02,13,21.43787956237793,24.847537994384766,27.436616897583008,29.759281158447266,32.071243286132812,34.503524780273438,37.473773956298828,41.52716064453125,48.784072875976562,21.43787956237793,32.071243286132812,39.500465393066406,48.784072875976562
2023-09-02,21,24.092681884765625,27.758031845092773,30.525974273681641,33.023330688476562,35.495246887207031,38.03668212890625,40.974174499511719,44.793506622314453,51.304832458496094,24.092681884765625,35.495246887207031,42.883842468261719,51.304832458496094
2023-09-02,35,37.96551513671875,42.869644165039062,46.451915740966797,49.574607849121094,52.568378448486328,55.671722412109375,59.358039855957031,64.12762451171875,72.287216186523438,37.96551513671875,52.568378448486328,61.742832183837891,72.287216186523438
2023-09-02,82,30.012844085693359,34.068485260009766,37.098514556884766,39.799144744873047,42.372802734375,45.026321411132812,48.180915832519531,52.287445068359375,59.486595153808594,30.012844085693359,42.372802734375,50.234180450439453,59.486595153808594
2023-09-03,11,15.556846618652344,18.269851684570312,20.4072265625,22.447536468505859,24.545618057250977,26.978988647460938,30.239858627319336,34.975791931152344,43.530353546142578,15.556846618652344,24.545618057250977,32.607826232910156,43.530353546142578
2023-09-03,12,7.6423563957214355,8.9117584228515625,9.9165563583374023,10.864323616027832,11.836511611938477,12.919034004211426,14.289798736572266,16.182565689086914,19.448345184326172,7.6423563957214355,11.836511611938477,15.23618221282959,19.448345184326172
2023-09-03,13,20.564502716064453,23.587074279785156,25.897476196289062,28.064813613891602,30.264122009277344,32.719730377197266,35.835372924804688,40.145713806152344,47.613044738769531,20.564502716064453,30.264122009277344,37.990543365478516,47.613044738769531
2023-09-03,21,24.502304077148438,27.955934524536133,30.582185745239258,32.976169586181641,35.346023559570312,37.865962982177734,40.890487670898438,44.943717956542969,51.7916259765625,24.502304077148438,35.346023559570312,42.917102813720703,51.7916259765625
2023-09-03,35,40.641536712646484,45.111007690429688,48.368953704833984,51.230949401855469,53.977615356445312,56.889286041259766,60.437294006347656,65.078025817871094,72.960861206054688,40.641536712646484,53.977615356445312,62.757659912109375,72.960861206054688
2023-09-03,82,26.316202163696289,29.65772819519043,32.139083862304688,34.351757049560547,36.466064453125,38.682826995849609,41.331764221191406,44.81854248046875,50.925125122070312,26.316202163696289,36.466064453125,43.075153350830078,50.925125122070312
2023-09-04,11,8.030360221862793,10.013038635253906,11.637319564819336,13.230527877807617,14.883858680725098,16.825716018676758,19.382312774658203,23.016311645507812,29.396896362304688,8.030360221862793,14.883858680725098,21.199312210083008,29.396896362304688
2023-09-04,12,8.486872673034668,9.6615819931030273,10.58226490020752,11.443469047546387,12.315794944763184,13.295751571655273,14.519128799438477,16.191432952880859,19.07734489440918,8.486872673034668,12.315794944763184,15.355280876159668,19.07734489440918
2023-09-04,13,18.693290710449219,21.275903701782227,23.267995834350586,25.118906021118164,26.985950469970703,29.05409049987793,31.648529052734375,35.206161499023438,41.306488037109375,18.693290710449219,26.985950469970703,33.427345275878906,41.306488037109375
2023-09-04,21,17.785865783691406,20.651514053344727,22.856222152709961,24.855730056762695,26.829860687255859,28.924354553222656,31.404304504394531,34.684700012207031,40.1375732421875,17.785865783691406,26.829860687255859,33.044502258300781,40.1375732421875
2023-09-04,35,32.274372100830078,36.172340393066406,39.060420989990234,41.617343902587891,44.051284790039062,46.635837554931641,49.674263000488281,53.598747253417969,60.247226715087891,32.274372100830078,44.051284790039062,51.636505126953125,60.247226715087891
2023-09-04,82,13.783973693847656,16.174938201904297,18.10072135925293,19.943178176879883,21.796833038330078,23.912109375,26.667179107666016,30.555042266845703,37.369857788085938,13.783973693847656,21.796833038330078,28.611110687255859,37.369857788085938
2023-09-05,11,15.82315731048584,19.151460647583008,21.824380874633789,24.344999313354492,26.893888473510742,29.831329345703125,33.671073913574219,39.13677978515625,48.797164916992188,15.82315731048584,26.893888473510742,36.403926849365234,48.797164916992188
2023-09-05,12,10.171197891235352,11.838531494140625,13.179443359375,14.430962562561035,15.702472686767578,17.132984161376953,18.942531585693359,21.42448616027832,25.647441864013672,10.171197891235352,15.702472686767578,20.183509826660156,25.647441864013672
2023-09-05,13,22.905735015869141,26.301570892333984,28.931999206542969,31.330068588256836,33.710739135742188,36.294895172119141,39.457698822021484,43.697372436523438,50.898448944091797,22.905735015869141,33.710739135742188,41.577537536621094,50.898448944091797
2023-09-05,21,23.474275588989258,27.313142776489258,30.37175178527832,33.198112487792969,36.023555755615234,39.109073638916016,42.889839172363281,47.949264526367188,56.379531860351562,23.474275588989258,36.023555755615234,45.419551849365234,56.379531860351562
2023-09-05,35,40.091270446777344,45.123191833496094,48.946578979492188,52.392929077148438,55.711662292480469,59.300552368164062,63.675617218017578,69.419708251953125,79.055915832519531,40.091270446777344,55.711662292480469,66.547660827636719,79.055915832519531
2023-09-05,82,23.26527214050293,26.541509628295898,29.073223114013672,31.351171493530273,33.577198028564453,35.959018707275391,38.816211700439453,42.604576110839844,49.14739990234375,23.26527214050293,33.577198028564453,40.710395812988281,49.14739990234375
2023-09-06,11,13.549745559692383,16.264930725097656,18.409883499145508,20.415695190429688,22.446739196777344,24.711269378662109,27.599796295166016,31.688968658447266,39.310150146484375,13.549745559692383,22.446739196777344,29.644382476806641,39.310150146484375
2023-09-06,12,7.8224449157714844,9.2947444915771484,10.433231353759766,11.468976020812988,12.501217842102051,13.597135543823242,14.877902030944824,16.526103973388672,19.381097793579102,7.8224449157714844,12.501217842102051,15.702003479003906,19.381097793579102
2023-09-06,13,15.646385192871094,18.480432510375977,20.678939819335938,22.68824577331543,24.698122024536133,26.815433502197266,29.293582916259766,32.480392456054688,37.987785339355469,15.646385192871094,24.698122024536133,30.886987686157227,37.987785339355469
2023-09-06,21,18.162874221801758,21.232860565185547,23.635108947753906,25.831785202026367,28.029430389404297,30.35181999206543,33.050506591796875,36.485206604003906,42.280166625976562,18.162874221801758,28.029430389404297,34.767856597900391,42.280166625976562
2023-09-06,35,32.435035705566406,36.469589233398438,39.544036865234375,42.269607543945312,44.889884948730469,47.648815155029297,50.870845794677734,54.941841125488281,61.841506958007812,32.435035705566406,44.889884948730469,52.906341552734375,61.841506958007812
2023-09-06,82,19.734865188598633,22.780902862548828,25.106159210205078,27.179550170898438,29.175315856933594,31.266216278076172,33.688972473144531,36.840194702148438,42.323886871337891,19.734865188598633,29.175315856933594,35.264583587646484,42.323886871337891
2023-09-07,11,11.508781433105469,13.935836791992188,15.81486988067627,17.571937561035156,19.347644805908203,21.320789337158203,23.838584899902344,27.494453430175781,34.683570861816406,11.508781433105469,19.347644805908203,25.666519165039062,34.683570861816406
2023-09-07,12,6.1889739036560059,7.4858803749084473,8.4941043853759766,9.4214029312133789,10.357305526733398,11.364349365234375,12.547042846679688,14.100555419921875,16.864276885986328,6.1889739036560059,10.357305526733398,13.323799133300781,16.864276885986328
2023-09-07,13,12.992777824401855,15.470890045166016,17.358592987060547,19.075431823730469,20.797157287597656,22.635190963745117,24.808450698852539,27.628606796264648,32.60443115234375,12.992777824401855,20.797157287597656,26.218528747558594,32.60443115234375
2023-09-07,21,15.128706932067871,17.753768920898438,19.76551628112793,21.63252067565918,23.516000747680664,25.531164169311523,27.893856048583984,30.911794662475586,36.030487060546875,15.128706932067871,23.516000747680664,29.402824401855469,36.030487060546875
2023-09-07,35,32.498626708984375,36.347190856933594,39.220859527587891,41.774166107177734,44.240516662597656,46.83612060546875,49.886444091796875,53.768253326416016,60.431198120117188,32.498626708984375,44.240516662597656,51.827346801757812,60.431198120117188
2023-09-07,82,16.08949089050293,18.723501205444336,20.734140396118164,22.55035400390625,24.331838607788086,26.232976913452148,28.48426628112793,31.469688415527344,36.788299560546875,16.08949089050293,24.331838607788086,29.976978302001953,36.788299560546875
2023-09-08,11,13.511367797851562,15.989008903503418,17.877857208251953,19.619117736816406,21.386547088623047,23.315032958984375,25.746334075927734,29.279989242553711,36.311813354492188,13.511367797851562,21.386547088623047,27.513160705566406,36.311813354492188
2023-09-08,12,7.2192583084106445,8.7041349411010742,9.8450469970703125,10.887117385864258,11.943175315856934,13.054807662963867,14.339705467224121,16.036371231079102,19.052757263183594,7.2192583084106445,11.943175315856934,15.188037872314453,19.052757263183594
2023-09-08,13,12.675497055053711,15.017002105712891,16.820964813232422,18.458915710449219,20.126150131225586,21.882875442504883,23.96356201171875,26.675537109375,31.343490600585938,12.675497055053711,20.126150131225586,25.319549560546875,31.343490600585938
2023-09-08,21,15.267962455749512,18.001819610595703,20.080348968505859,21.966682434082031,23.874799728393555,25.897144317626953,28.278400421142578,31.3428955078125,36.516105651855469,15.267962455749512,23.874799728393555,29.810647964477539,36.516105651855469
2023-09-08,35,28.043479919433594,31.580854415893555,34.245471954345703,36.600162506103516,38.898101806640625,41.320846557617188,44.182048797607422,47.877899169921875,54.178596496582031,28.043479919433594,38.898101806640625,46.029975891113281,54.178596496582031
2023-09-08,82,16.451807022094727,18.926576614379883,20.818998336791992,22.53924560546875,24.246057510375977,26.066305160522461,28.244037628173828,31.132434844970703,36.294517517089844,16.451807022094727,24.246057510375977,29.688236236572266,36.294517517089844
2023-09-09,11,14.083927154541016,16.456363677978516,18.301334381103516,20.012624740600586,21.761310577392578,23.725166320800781,26.352630615234375,30.290182113647461,38.124336242675781,14.083927154541016,21.761310577392578,28.321407318115234,38.124336242675781
2023-09-09,12,6.6707425117492676,7.9949765205383301,9.0374288558959961,9.9923419952392578,10.971041679382324,12.031333923339844,13.330363273620605,15.117101669311523,18.413991928100586,6.6707425117492676,10.971041679382324,14.223731994628906,18.413991928100586
2023-09-09,13,14.207401275634766,16.541336059570312,18.344444274902344,19.983434677124023,21.646123886108398,23.425079345703125,25.604091644287109,28.543838500976562,33.780555725097656,14.207401275634766,21.646123886108398,27.073965072631836,33.780555725097656
2023-09-09,21,19.052284240722656,22.194042205810547,24.624214172363281,26.835468292236328,29.080183029174805,31.481601715087891,34.349205017089844,38.113391876220703,44.488479614257812,19.052284240722656,29.080183029174805,36.231300354003906,44.488479614257812
2023-09-09,35,30.558891296386719,34.260646820068359,37.011222839355469,39.434932708740234,41.795127868652344,44.2554931640625,47.165199279785156,50.89910888671875,57.31402587890625,30.558891296386719,41.795127868652344,49.032154083251953,57.31402587890625
2023-09-09,82,17.059463500976562,19.411336898803711,21.205287933349609,22.834184646606445,24.438846588134766,26.163970947265625,28.242927551269531,30.991485595703125,35.923896789550781,17.059463500976562,24.438846588134766,29.617206573486328,35.923896789550781
2023-09-10,11,19.175447463989258,22.466754913330078,25.068929672241211,27.519321441650391,30.024501800537109,32.867168426513672,36.632476806640625,42.152297973632812,52.463489532470703,19.175447463989258,30.024501800537109,39.392387390136719,52.463489532470703
2023-09-10,12,7.5314006805419922,8.8687419891357422,9.9334259033203125,10.926709175109863,11.951744079589844,13.08424186706543,14.481342315673828,16.393342971801758,19.735233306884766,7.5314006805419922,11.951744079589844,15.437342643737793,19.735233306884766
2023-09-10,13,14.36253547668457,16.519630432128906,18.194049835205078,19.733173370361328,21.31117057800293,23.019420623779297,25.070802688598633,27.826799392700195,32.713703155517578,14.36253547668457,21.31117057800293,26.448801040649414,32.713703155517578
2023-09-10,21,18.297214508056641,21.196020126342773,23.430225372314453,25.475315093994141,27.556570053100586,29.768014907836914,32.366554260253906,35.805896759033203,41.735633850097656,18.297214508056641,27.556570053100586,34.086227416992188,41.735633850097656
2023-09-10,35,28.845283508300781,32.274002075195312,34.791881561279297,36.999542236328125,39.137157440185547,41.410869598388672,44.091251373291016,47.575469970703125,53.485488891601562,28.845283508300781,39.137157440185547,45.833358764648438,53.485488891601562
2023-09-10,82,16.321767807006836,18.485790252685547,20.178604125976562,21.743839263916016,23.3101806640625,25.066272735595703,27.261817932128906,30.306571960449219,35.757160186767578,16.321767807006836,23.3101806640625,28.784194946289062,35.757160186767578
2023-09-11,11,13.696887969970703,16.145980834960938,18.044757843017578,19.840267181396484,21.652555465698242,23.695117950439453,26.326364517211914,30.16148567199707,37.473365783691406,13.696887969970703,21.652555465698242,28.243925094604492,37.473365783691406
2023-09-11,12,6.6465978622436523,7.9087400436401367,8.891596794128418,9.8189353942871094,10.768285751342773,11.823910713195801,13.131594657897949,14.933965682983398,18.141300201416016,6.6465978622436523,10.768285751342773,14.032779693603516,18.141300201416016
2023-09-11,13,16.896160125732422,19.199888229370117,20.964988708496094,22.622875213623047,24.289098739624023,26.133699417114258,28.378625869750977,31.451034545898438,36.924198150634766,16.896160125732422,24.289098739624023,29.914829254150391,36.924198150634766
2023-09-11,21,20.458404541015625,23.520343780517578,25.811210632324219,27.919700622558594,30.009256362915039,32.225532531738281,34.806690216064453,38.218112945556641,44.149833679199219,20.458404541015625,30.009256362915039,36.512401580810547,44.149833679199219
2023-09-11,35,26.4007568359375,29.535900115966797,31.858058929443359,33.938159942626953,35.949802398681641,38.134342193603516,40.734607696533203,44.179901123046875,50.071662902832031,26.4007568359375,35.949802398681641,42.457252502441406,50.071662902832031
2023-09-11,82,13.879377365112305,15.677938461303711,17.072601318359375,18.368349075317383,19.658565521240234,21.096649169921875,22.857398986816406,25.287399291992188,29.686023712158203,13.879377365112305,19.658565521240234,24.072399139404297,29.686023712158203
2023-09-12,11,11.522012710571289,13.589225769042969,15.199309349060059,16.730697631835938,18.270410537719727,20.005847930908203,22.223033905029297,25.424930572509766,31.669235229492188,11.522012710571289,18.270410537719727,23.823982238769531,31.669235229492188
2023-09-12,12,7.4147686958312988,8.7373504638671875,9.7647571563720703,10.726589202880859,11.703097343444824,12.780215263366699,14.081354141235352,15.839868545532227,18.934463500976562,7.4147686958312988,11.703097343444824,14.960611343383789,18.934463500976562
2023-09-12,13,13.35524845123291,15.257146835327148,16.695079803466797,18.034988403320312,19.370367050170898,20.851036071777344,22.639095306396484,25.039304733276367,29.385477066040039,13.35524845123291,19.370367050170898,23.839199066162109,29.385477066040039
2023-09-12,21,16.778476715087891,19.314136505126953,21.224887847900391,23.00025749206543,24.775615692138672,26.719520568847656,29.039327621459961,32.085052490234375,37.355129241943359,16.778476715087891,24.775615692138672,30.562191009521484,37.355129241943359
2023-09-12,35,21.351922988891602,24.136199951171875,26.226367950439453,28.119293212890625,29.968704223632812,32.005641937255859,34.430679321289062,37.671535491943359,43.262306213378906,21.351922988891602,29.968704223632812,36.051109313964844,43.262306213378906
2023-09-12,82,7.8743524551391602,9.5906515121459961,10.980413436889648,12.294174194335938,13.620054244995117,15.126380920410156,16.976116180419922,19.530757904052734,24.078580856323242,7.8743524551391602,13.620054244995117,18.253437042236328,24.078580856323242
2023-09-13,11,10.217029571533203,11.948600769042969,13.321346282958984,14.616298675537109,15.932609558105469,17.40117073059082,19.298646926879883,22.066518783569336,27.614349365234375,10.217029571533203,15.932609558105469,20.682582855224609,27.614349365234375
2023-09-13,12,6.8295555114746094,8.0670757293701172,9.007563591003418,9.8763408660888672,10.750124931335449,11.688996315002441,12.821887969970703,14.315277099609375,17.064510345458984,6.8295555114746094,10.750124931335449,13.568582534790039,17.064510345458984
2023-09-13,13,10.569823265075684,12.280590057373047,13.58191967010498,14.795365333557129,16.016363143920898,17.371116638183594,19.036697387695312,21.257598876953125,25.291492462158203,10.569823265075684,16.016363143920898,20.147148132324219,25.291492462158203
2023-09-13,21,11.31477165222168,13.570599555969238,15.306052207946777,16.944414138793945,18.612846374511719,20.439762115478516,22.638540267944336,25.486257553100586,30.400894165039062,11.31477165222168,18.612846374511719,24.062398910522461,30.400894165039062
2023-09-13,35,21.093711853027344,23.618022918701172,25.533636093139648,27.252445220947266,28.956607818603516,30.831939697265625,33.108180999755859,36.119464874267578,41.331932067871094,21.093711853027344,28.956607818603516,34.613822937011719,41.331932067871094
2023-09-13,82,5.8060998916625977,7.1653127670288086,8.2939882278442383,9.3830499649047852,10.523991584777832,11.835650444030762,13.47154426574707,15.723043441772461,19.731313705444336,5.8060998916625977,10.523991584777832,14.597293853759766,19.731313705444336
2023-09-14,11,12.845269203186035,15.252795219421387,17.163658142089844,18.945199966430664,20.728439331054688,22.702917098999023,25.262371063232422,28.981428146362305,36.248298645019531,12.845269203186035,20.728439331054688,27.121898651123047,36.248298645019531
2023-09-14,12,6.624699592590332,7.7844572067260742,8.6726999282836914,9.4871406555175781,10.294471740722656,11.160416603088379,12.209704399108887,13.624909400939941,16.302482604980469,6.624699592590332,10.294471740722656,12.917306900024414,16.302482604980469
2023-09-14,13,14.331852912902832,16.85028076171875,18.794734954833984,20.582324981689453,22.333610534667969,24.193124771118164,26.395376205444336,29.267288208007812,34.391510009765625,14.331852912902832,22.333610534667969,27.831333160400391,34.391510009765625
2023-09-14,21,14.192089080810547,17.049285888671875,19.262140274047852,21.317319869995117,23.3470458984375,25.501775741577148,28.040180206298828,31.271259307861328,36.834857940673828,14.192089080810547,23.3470458984375,29.655719757080078,36.834857940673828
2023-09-14,35,26.520885467529297,30.440675735473633,33.478122711181641,36.229656219482422,38.935897827148438,41.900379180908203,45.539024353027344,50.357711791992188,58.492111206054688,26.520885467529297,38.935897827148438,47.948368072509766,58.492111206054688
2023-09-14,82,10.223493576049805,12.365354537963867,14.107421875,15.756521224975586,17.434621810913086,19.313531875610352,21.63916015625,24.789840698242188,30.201681137084961,10.223493576049805,17.434621810913086,23.214500427246094,30.201681137084961
2023-09-15,11,10.339813232421875,12.559604644775391,14.312939643859863,15.956782341003418,17.607173919677734,19.419136047363281,21.710880279541016,25.009387969970703,31.523553848266602,10.339813232421875,17.607173919677734,23.360134124755859,31.523553848266602
2023-09-15,12,6.9694499969482422,8.3242969512939453,9.3515491485595703,10.281235694885254,11.19863224029541,12.168935775756836,13.338836669921875,14.958451271057129,18.172050476074219,6.9694499969482422,11.19863224029541,14.148643493652344,18.172050476074219
2023-09-15,13,11.808615684509277,13.997220993041992,15.662572860717773,17.170490264892578,18.662481307983398,20.245368957519531,22.1422119140625,24.695615768432617,29.512441635131836,11.808615684509277,18.662481307983398,23.418914794921875,29.512441635131836
2023-09-15,21,12.356595993041992,15.008981704711914,17.042476654052734,18.91130256652832,20.769756317138672,22.754142761230469,25.104015350341797,28.146276473999023,33.509819030761719,12.356595993041992,20.769756317138672,26.625144958496094,33.509819030761719
2023-09-15,35,23.695432662963867,27.369419097900391,30.134078979492188,32.617229461669922,35.031959533691406,37.614860534667969,40.667022705078125,44.631271362304688,51.357032775878906,23.695432662963867,35.031959533691406,42.649147033691406,51.357032775878906
2023-09-15,82,8.3718299865722656,10.190730094909668,11.652157783508301,13.049873352050781,14.471532821655273,16.064958572387695,17.995912551879883,20.616888046264648,25.220291137695312,8.3718299865722656,14.471532821655273,19.306400299072266,25.220291137695312
2023-09-16,11,9.9077987670898438,11.867335319519043,13.400974273681641,14.829216003417969,16.275148391723633,17.863374710083008,19.923194885253906,22.924777984619141,28.972784042358398,9.9077987670898438,16.275148391723633,21.423986434936523,28.972784042358398
2023-09-16,12,8.1651153564453125,9.6388177871704102,10.77173900604248,11.789826393127441,12.806373596191406,13.881497383117676,15.190103530883789,16.981998443603516,20.371601104736328,8.1651153564453125,12.806373596191406,16.086051940917969,20.371601104736328
2023-09-16,13,13.142855644226074,15.197418212890625,16.769371032714844,18.212284088134766,19.661045074462891,21.189729690551758,23.0528564453125,25.55091667175293,30.190744400024414,13.142855644226074,19.661045074462891,24.301887512207031,30.190744400024414
2023-09-16,21,12.054940223693848,14.456899642944336,16.318906784057617,18.039073944091797,19.783926010131836,21.621347427368164,23.815860748291016,26.7027587890625,31.829328536987305,12.054940223693848,19.783926010131836,25.259309768676758,31.829328536987305
2023-09-16,35,26.902667999267578,30.587404251098633,33.384315490722656,35.92236328125,38.40948486328125,41.091682434082031,44.336574554443359,48.624732971191406,55.875923156738281,26.902667999267578,38.40948486328125,46.48065185546875,55.875923156738281
2023-09-16,82,7.6985187530517578,9.245915412902832,10.501032829284668,11.710794448852539,12.953169822692871,14.352214813232422,16.083564758300781,18.500246047973633,22.943069458007812,7.6985187530517578,12.953169822692871,17.291904449462891,22.943069458007812
2023-09-17,11,9.3289175033569336,10.992660522460938,12.343863487243652,13.648574829101562,15.003814697265625,16.509332656860352,18.458244323730469,21.253263473510742,26.587087631225586,9.3289175033569336,15.003814697265625,19.855754852294922,26.587087631225586
2023-09-17,12,8.2370529174804688,9.5466861724853516,10.577529907226562,11.539158821105957,12.519547462463379,13.590976715087891,14.929248809814453,16.770126342773438,20.091083526611328,8.2370529174804688,12.519547462463379,15.849687576293945,20.091083526611328
2023-09-17,13,18.284399032592773,20.862537384033203,22.874988555908203,24.77513313293457,26.703022003173828,28.831655502319336,31.560323715209961,35.359603881835938,42.219749450683594,18.284399032592773,26.703022003173828,33.459964752197266,42.219749450683594
2023-09-17,21,16.108644485473633,18.832525253295898,20.950973510742188,22.935344696044922,24.948928833007812,27.119384765625,29.788417816162109,33.391147613525391,39.784030914306641,16.108644485473633,24.948928833007812,31.58978271484375,39.784030914306641
2023-09-17,35,26.218231201171875,29.716474533081055,32.352611541748047,34.705291748046875,36.993747711181641,39.438045501708984,42.390651702880859,46.291973114013672,52.900131225585938,26.218231201171875,36.993747711181641,44.341312408447266,52.900131225585938
2023-09-17,82,8.9027318954467773,10.377523422241211,11.572579383850098,12.727254867553711,13.924428939819336,15.256416320800781,16.911106109619141,19.187301635742188,23.362878799438477,8.9027318954467773,13.924428939819336,18.049203872680664,23.362878799438477
2023-09-18,11,9.5305519104003906,11.080307006835938,12.307065963745117,13.481489181518555,14.68016242980957,15.98009204864502,17.615898132324219,19.960422515869141,24.610265731811523,9.5305519104003906,14.68016242980957,18.78816032409668,24.610265731811523
2023-09-18,12,7.5516538619995117,8.8822116851806641,9.9232063293457031,10.904525756835938,11.898855209350586,12.997876167297363,14.371328353881836,16.266712188720703,19.615568161010742,7.5516538619995117,11.898855209350586,15.31902027130127,19.615568161010742
2023-09-18,13,16.372234344482422,18.575279235839844,20.287273406982422,21.897872924804688,23.525278091430664,25.276828765869141,27.436529159545898,30.389820098876953,35.768806457519531,16.372234344482422,23.525278091430664,28.913173675537109,35.768806457519531
2023-09-18,21,16.513919830322266,18.987085342407227,20.906143188476562,22.718183517456055,24.555717468261719,26.532211303710938,28.903125762939453,32.073551177978516,37.686141967773438,16.513919830322266,24.555717468261719,30.488338470458984,37.686141967773438
2023-09-18,35,26.699840545654297,29.974742889404297,32.4351806640625,34.648670196533203,36.786712646484375,39.063198089599609,41.770267486572266,45.345085144042969,51.407157897949219,26.699840545654297,36.786712646484375,43.55767822265625,51.407157897949219
2023-09-18,82,9.1436786651611328,10.558285713195801,11.700876235961914,12.812291145324707,13.965436935424805,15.246278762817383,16.811943054199219,18.947853088378906,22.867904663085938,9.1436786651611328,13.965436935424805,17.879898071289062,22.867904663085938
2023-09-19,11,7.4865894317626953,8.810821533203125,9.8417434692382812,10.841743469238281,11.857938766479492,12.950811386108398,14.272430419921875,16.128124237060547,19.903694152832031,7.4865894317626953,11.857938766479492,15.200277328491211,19.903694152832031
2023-09-19,12,7.6567592620849609,8.9662494659423828,9.9826564788818359,10.935760498046875,11.894099235534668,12.935171127319336,14.207619667053223,15.96112060546875,19.152536392211914,7.6567592620849609,11.894099235534668,15.084369659423828,19.152536392211914
2023-09-19,13,14.386841773986816,16.283103942871094,17.713037490844727,19.047294616699219,20.373373031616211,21.776021957397461,23.478876113891602,25.772102355957031,30.17902946472168,14.386841773986816,20.373373031616211,24.62548828125,30.17902946472168
2023-09-19,21,16.162303924560547,18.744220733642578,20.714984893798828,22.570775985717773,24.423959732055664,26.398632049560547,28.717952728271484,31.735698699951172,37.115695953369141,16.162303924560547,24.423959732055664,30.226825714111328,37.115695953369141
2023-09-19,35,27.357057571411133,30.845609664916992,33.450443267822266,35.805202484130859,38.060443878173828,40.479316711425781,43.398880004882812,47.278079986572266,54.030914306640625,27.357057571411133,38.060443878173828,45.338478088378906,54.030914306640625
2023-09-19,82,6.8722944259643555,8.0346136093139648,8.9713325500488281,9.9031553268432617,10.883862495422363,11.999406814575195,13.402841567993164,15.377239227294922,19.199077606201172,6.8722944259643555,10.883862495422363,14.390040397644043,19.199077606201172
2023-09-20,11,7.0554590225219727,8.2668075561523438,9.2167749404907227,10.121148109436035,11.030366897583008,12.012753486633301,13.237518310546875,15.025314331054688,18.81932258605957,7.0554590225219727,11.030366897583008,14.131416320800781,18.81932258605957
2023-09-20,12,6.7938485145568848,8.1049814224243164,9.1116647720336914,10.030643463134766,10.937420845031738,11.882488250732422,12.988980293273926,14.414463043212891,16.97526741027832,6.7938485145568848,10.937420845031738,13.70172119140625,16.97526741027832
2023-09-20,13,11.267154693603516,13.104389190673828,14.506850242614746,15.809169769287109,17.097461700439453,18.468620300292969,20.125209808349609,22.311763763427734,26.491439819335938,11.267154693603516,17.097461700439453,21.218486785888672,26.491439819335938
2023-09-20,21,13.801216125488281,16.521564483642578,18.582149505615234,20.485870361328125,22.360990524291992,24.352817535400391,26.705888748168945,29.703762054443359,34.995670318603516,13.801216125488281,22.360990524291992,28.204826354980469,34.995670318603516
2023-09-20,35,23.195743560791016,26.306726455688477,28.653518676757812,30.754217147827148,32.785484313964844,34.952247619628906,37.493331909179688,40.81585693359375,46.598724365234375,23.195743560791016,32.785484313964844,39.154594421386719,46.598724365234375
2023-09-20,82,7.1162128448486328,8.3685722351074219,9.3740091323852539,10.355237007141113,11.370526313781738,12.493246078491211,13.885530471801758,15.815858840942383,19.520357131958008,7.1162128448486328,11.370526313781738,14.85069465637207,19.520357131958008
2023-09-21,11,7.3905115127563477,8.5801582336425781,9.5119619369506836,10.400306701660156,11.296215057373047,12.245511054992676,13.400821685791016,15.05863094329834,18.563871383666992,7.3905115127563477,11.296215057373047,14.229726791381836,18.563871383666992
2023-09-21,12,6.9914774894714355,8.2664241790771484,9.2393741607666016,10.121895790100098,10.97725772857666,11.863649368286133,12.899738311767578,14.260625839233398,16.751226425170898,6.9914774894714355,10.97725772857666,13.580182075500488,16.751226425170898
2023-09-21,13,11.778678894042969,13.779760360717773,15.292482376098633,16.672677993774414,18.007207870483398,19.40660285949707,21.074909210205078,23.334901809692383,27.731271743774414,11.778678894042969,18.007207870483398,22.204906463623047,27.731271743774414
2023-09-21,21,11.523869514465332,14.076708793640137,16.032173156738281,17.835254669189453,19.599674224853516,21.480548858642578,23.673019409179688,26.545509338378906,31.597255706787109,11.523869514465332,19.599674224853516,25.109264373779297,31.597255706787109
2023-09-21,35,19.738086700439453,22.806171417236328,25.131881713867188,27.226629257202148,29.274869918823242,31.452276229858398,34.000621795654297,37.296642303466797,42.886749267578125,19.738086700439453,29.274869918823242,35.648632049560547,42.886749267578125
2023-09-21,82,7.5946617126464844,8.7645940780639648,9.70166015625,10.608442306518555,11.540298461914062,12.575159072875977,13.853944778442383,15.618280410766602,19.054555892944336,7.5946617126464844,11.540298461914062,14.736112594604492,19.054555892944336
2023-09-22,11,6.5250635147094727,7.6859121322631836,8.5995569229125977,9.4632720947265625,10.351072311401367,11.292573928833008,12.44511604309082,14.091495513916016,17.571390151977539,6.5250635147094727,10.351072311401367,13.268305778503418,17.571390151977539
2023-09-22,12,5.817500114440918,7.0896754264831543,8.0580253601074219,8.9289417266845703,9.7838993072509766,10.670808792114258,11.703213691711426,13.082365036010742,15.635156631469727,5.817500114440918,9.7838993072509766,12.392789840698242,15.635156631469727
2023-09-22,13,13.017476081848145,15.152801513671875,16.775741577148438,18.218479156494141,19.642274856567383,21.099847793579102,22.843162536621094,25.252763748168945,30.050079345703125,13.017476081848145,19.642274856567383,24.047962188720703,30.050079345703125
2023-09-22,21,12.410133361816406,15.134356498718262,17.185146331787109,19.043294906616211,20.880743026733398,22.801614761352539,25.051626205444336,28.030523300170898,33.403499603271484,12.410133361816406,20.880743026733398,26.541074752807617,33.403499603271484
2023-09-22,35,18.8218994140625,21.676036834716797,23.854650497436523,25.810504913330078,27.735855102539062,29.785837173461914,32.226520538330078,35.417068481445312,40.849170684814453,18.8218994140625,27.735855102539062,33.821792602539062,40.849170684814453
2023-09-22,82,7.9696874618530273,9.0097827911376953,9.8574542999267578,10.690273284912109,11.554725646972656,12.52116584777832,13.719297409057617,15.407266616821289,18.682710647583008,7.9696874618530273,11.554725646972656,14.563282012939453,18.682710647583008
2023-09-23,11,7.4140415191650391,8.6296157836914062,9.5736284255981445,10.466000556945801,11.383096694946289,12.357495307922363,13.555911064147949,15.282270431518555,18.872407913208008,7.4140415191650391,11.383096694946289,14.419090270996094,18.872407913208008
2023-09-23,12,5.8099689483642578,7.0236449241638184,7.9448442459106445,8.760462760925293,9.5717897415161133,10.407997131347656,11.394904136657715,12.724212646484375,15.23284912109375,5.8099689483642578,9.5717897415161133,12.059558868408203,15.23284912109375
2023-09-23,13,14.028886795043945,16.187538146972656,17.831134796142578,19.316900253295898,20.808807373046875,22.368253707885742,24.267892837524414,26.937469482421875,32.152187347412109,14.028886795043945,20.808807373046875,25.602680206298828,32.152187347412109
2023-09-23,21,11.831390380859375,14.366645812988281,16.282428741455078,18.012142181396484,19.746423721313477,21.556310653686523,23.691228866577148,26.610090255737305,32.175315856933594,11.831390380859375,19.746423721313477,25.150659561157227,32.175315856933594
2023-09-23,35,22.359401702880859,25.667716979980469,28.138238906860352,30.341480255126953,32.496124267578125,34.772285461425781,37.464759826660156,40.952049255371094,46.857719421386719,22.359401702880859,32.496124267578125,39.208404541015625,46.857719421386719
2023-09-23,82,7.5627670288085938,8.5067873001098633,9.2670192718505859,10.018896102905273,10.800809860229492,11.667428016662598,12.756237030029297,14.32298755645752,17.500574111938477,7.5627670288085938,10.800809860229492,13.53961181640625,17.500574111938477
2023-09-24,11,8.3522777557373047,9.5878982543945312,10.522890090942383,11.406204223632812,12.309532165527344,13.255237579345703,14.380778312683105,15.944231033325195,19.107791900634766,8.3522777557373047,12.309532165527344,15.162504196166992,19.107791900634766
2023-09-24,12,8.053858757019043,9.4726142883300781,10.572345733642578,11.577779769897461,12.59239387512207,13.678196907043457,15.01608943939209,16.872093200683594,20.222312927246094,8.053858757019043,12.59239387512207,15.944091796875,20.222312927246094
2023-09-24,13,13.629161834716797,15.844130516052246,17.547981262207031,19.121940612792969,20.706014633178711,22.387176513671875,24.448274612426758,27.288789749145508,32.508720397949219,13.629161834716797,20.706014633178711,25.868532180786133,32.508720397949219
2023-09-24,21,14.22796630859375,17.099571228027344,19.295473098754883,21.303733825683594,23.320743560791016,25.457794189453125,28.041431427001953,31.526317596435547,37.740375518798828,14.22796630859375,23.320743560791016,29.78387451171875,37.740375518798828
2023-09-24,35,25.403139114379883,28.946344375610352,31.620462417602539,34.013607025146484,36.323413848876953,38.748233795166016,41.550724029541016,45.176803588867188,51.206436157226562,25.403139114379883,36.323413848876953,43.363761901855469,51.206436157226562
2023-09-24,82,8.1363964080810547,9.2460412979125977,10.125002861022949,10.975681304931641,11.84486198425293,12.797697067260742,13.976226806640625,15.659091949462891,19.065517425537109,8.1363964080810547,11.84486198425293,14.817659378051758,19.065517425537109
2023-09-25,11,8.467341423034668,9.6806974411010742,10.578481674194336,11.419334411621094,12.260899543762207,13.140923500061035,14.198305130004883,15.701353073120117,18.818925857543945,8.467341423034668,12.260899543762207,14.9498291015625,18.818925857543945
2023-09-25,12,6.2422552108764648,7.5932788848876953,8.6483068466186523,9.6337890625,10.629363059997559,11.721888542175293,13.072896003723145,14.967731475830078,18.415788650512695,6.2422552108764648,10.629363059997559,14.020313262939453,18.415788650512695
2023-09-25,13,14.723649024963379,16.884897232055664,18.513137817382812,20.014669418334961,21.499549865722656,23.099353790283203,25.097599029541016,27.944831848144531,33.327571868896484,14.723649024963379,21.499549865722656,26.521215438842773,33.327571868896484
2023-09-25,21,16.758420944213867,19.666084289550781,21.864923477172852,23.903154373168945,25.93366813659668,28.126394271850586,30.791261672973633,34.401420593261719,40.722061157226562,16.758420944213867,25.93366813659668,32.596340179443359,40.722061157226562
2023-09-25,35,21.536586761474609,24.723915100097656,27.118778228759766,29.271543502807617,31.35369873046875,33.555999755859375,36.131965637207031,39.502784729003906,45.137783050537109,21.536586761474609,31.35369873046875,37.817375183105469,45.137783050537109
2023-09-25,82,8.0929737091064453,9.1225595474243164,9.9384832382202148,10.734143257141113,11.551639556884766,12.457095146179199,13.585457801818848,15.172696113586426,18.31336784362793,8.0929737091064453,11.551639556884766,14.379076957702637,18.31336784362793
2023-09-26,11,9.4175443649291992,10.844346046447754,11.918315887451172,12.915315628051758,13.905559539794922,14.942401885986328,16.198873519897461,17.956119537353516,21.521135330200195,9.4175443649291992,13.905559539794922,17.077495574951172,21.521135330200195
2023-09-26,12,8.1851329803466797,9.7349357604980469,10.925690650939941,12.032436370849609,13.135220527648926,14.328878402709961,15.787168502807617,17.791183471679688,21.337478637695312,8.1851329803466797,13.135220527648926,16.789176940917969,21.337478637695312
2023-09-26,13,16.222507476806641,18.68817138671875,20.573802947998047,22.325735092163086,24.041986465454102,25.88975715637207,28.188041687011719,31.381698608398438,37.26153564453125,16.222507476806641,24.041986465454102,29.784870147705078,37.26153564453125
2023-09-26,21,16.588520050048828,19.696155548095703,21.988798141479492,24.063642501831055,26.068321228027344,28.140159606933594,30.540460586547852,33.634250640869141,39.205249786376953,16.588520050048828,26.068321228027344,32.087356567382812,39.205249786376953
2023-09-26,35,24.237571716308594,27.942497253417969,30.713184356689453,33.197162628173828,35.580551147460938,38.136898040771484,41.140758514404297,45.082221984863281,51.631584167480469,24.237571716308594,35.580551147460938,43.111488342285156,51.631584167480469
2023-09-26,82,9.4825649261474609,10.943849563598633,12.098443984985352,13.202121734619141,14.303390502929688,15.50475025177002,16.980228424072266,19.007234573364258,22.911684036254883,9.4825649261474609,14.303390502929688,17.993732452392578,22.911684036254883
2023-09-27,11,9.1781940460205078,10.582656860351562,11.628701210021973,12.570856094360352,13.489890098571777,14.450052261352539,15.626962661743164,17.337234497070312,20.957883834838867,9.1781940460205078,13.489890098571777,16.482097625732422,20.957883834838867
2023-09-27,12,7.1641559600830078,8.5616912841796875,9.6134748458862305,10.548283576965332,11.457187652587891,12.406743049621582,13.552059173583984,15.120548248291016,18.109186172485352,7.1641559600830078,11.457187652587891,14.3363037109375,18.109186172485352
2023-09-27,13,13.087743759155273,15.320653915405273,16.990726470947266,18.480766296386719,19.903459548950195,21.388782501220703,23.206670761108398,25.795768737792969,31.085613250732422,13.087743759155273,19.903459548950195,24.501220703125,31.085613250732422
2023-09-27,21,14.287009239196777,17.176570892333984,19.286567687988281,21.161037445068359,22.951894760131836,24.796380996704102,26.964454650878906,29.900741577148438,35.561389923095703,14.287009239196777,22.951894760131836,28.432598114013672,35.561389923095703
2023-09-27,35,19.290119171142578,22.622074127197266,25.137907028198242,27.396183013916016,29.592432022094727,31.959182739257812,34.745498657226562,38.446937561035156,44.765647888183594,19.290119171142578,29.592432022094727,36.596218109130859,44.765647888183594
2023-09-27,82,7.8425455093383789,9.0693645477294922,10.033174514770508,10.971878051757812,11.918281555175781,12.964685440063477,14.243386268615723,16.024723052978516,19.561241149902344,7.8425455093383789,11.918281555175781,15.134054183959961,19.561241149902344
2023-09-28,11,8.7558488845825195,10.122533798217773,11.148151397705078,12.075729370117188,12.980871200561523,13.929054260253906,15.091453552246094,16.805801391601562,20.477115631103516,8.7558488845825195,12.980871200561523,15.948627471923828,20.477115631103516
2023-09-28,12,5.1575803756713867,6.597653865814209,7.7179965972900391,8.7206878662109375,9.7000322341918945,10.74135684967041,12.000833511352539,13.76728343963623,17.080574035644531,5.1575803756713867,9.7000322341918945,12.884057998657227,17.080574035644531
2023-09-28,13,10.321922302246094,12.533785820007324,14.199326515197754,15.670671463012695,17.084095001220703,18.570785522460938,20.377836227416992,22.965225219726562,28.129131317138672,10.321922302246094,17.084095001220703,21.671531677246094,28.129131317138672
2023-09-28,21,12.83099365234375,15.554780006408691,17.558155059814453,19.320926666259766,21.018232345581055,22.775314331054688,24.855581283569336,27.750083923339844,33.408493041992188,12.83099365234375,21.018232345581055,26.302833557128906,33.408493041992188
2023-09-28,35,18.364509582519531,21.474021911621094,23.851791381835938,25.992563247680664,28.106616973876953,30.382991790771484,33.096305847167969,36.784210205078125,43.15411376953125,18.364509582519531,28.106616973876953,34.940258026123047,43.15411376953125
2023-09-28,82,7.6393651962280273,8.8105192184448242,9.7270717620849609,10.60053539276123,11.48243522644043,12.445341110229492,13.639715194702148,15.341377258300781,18.912620544433594,7.6393651962280273,11.48243522644043,14.490546226501465,18.912620544433594
2023-09-29,11,8.9579601287841797,10.18421745300293,11.12532901763916,11.994809150695801,12.864116668701172,13.794046401977539,14.959715843200684,16.701435089111328,20.385488510131836,8.9579601287841797,12.864116668701172,15.830575942993164,20.385488510131836
2023-09-29,12,4.3240280151367188,5.6449980735778809,6.6699175834655762,7.6016521453857422,8.526371955871582,9.5205459594726562,10.733721733093262,12.471865653991699,15.815523147583008,4.3240280151367188,8.526371955871582,11.60279369354248,15.815523147583008
2023-09-29,13,10.606093406677246,12.690230369567871,14.241676330566406,15.606878280639648,16.946052551269531,18.367002487182617,20.136205673217773,22.75145149230957,28.082324981689453,10.606093406677246,16.946052551269531,21.443828582763672,28.082324981689453
2023-09-29,21,10.487811088562012,13.25266170501709,15.327301979064941,17.168878555297852,18.979839324951172,20.865699768066406,23.120321273803711,26.337055206298828,32.580513000488281,10.487811088562012,18.979839324951172,24.728687286376953,32.580513000488281
2023-09-29,35,18.044910430908203,20.976861953735352,23.171859741210938,25.148204803466797,27.094516754150391,29.185939788818359,31.638700485229492,34.899471282958984,40.516830444335938,18.044910430908203,27.094516754150391,33.269084930419922,40.516830444335938
2023-09-29,82,6.0009326934814453,7.136810302734375,8.0426645278930664,8.9005098342895508,9.7886257171630859,10.761066436767578,11.96745491027832,13.70216178894043,17.288724899291992,6.0009326934814453,9.7886257171630859,12.834808349609375,17.288724899291992
2023-09-30,11,9.029057502746582,10.311816215515137,11.284866333007812,12.178356170654297,13.076530456542969,14.030577659606934,15.200901031494141,16.858409881591797,20.135725021362305,9.029057502746582,13.076530456542969,16.029655456542969,20.135725021362305
2023-09-30,12,4.6171197891235352,5.907231330871582,6.9205865859985352,7.8345026969909668,8.753972053527832,9.7590045928955078,11.031047821044922,12.879096984863281,16.401763916015625,4.6171197891235352,8.753972053527832,11.955072402954102,16.401763916015625
2023-09-30,13,11.40380859375,13.492047309875488,15.10728645324707,16.553352355957031,18.015396118164062,19.61912727355957,21.690542221069336,24.754966735839844,30.69256591796875,11.40380859375,18.015396118164062,23.222755432128906,30.69256591796875
2023-09-30,21,10.769719123840332,13.323766708374023,15.287275314331055,17.061761856079102,18.857841491699219,20.79224967956543,23.209135055541992,26.676641464233398,33.072959899902344,10.769719123840332,18.857841491699219,24.942888259887695,33.072959899902344
2023-09-30,35,19.750320434570312,22.933513641357422,25.303585052490234,27.411121368408203,29.487461090087891,31.693857192993164,34.31207275390625,37.765842437744141,43.595497131347656,19.750320434570312,29.487461090087891,36.038955688476562,43.595497131347656
2023-09-30,82,7.1172504425048828,8.3759088516235352,9.3783187866210938,10.319131851196289,11.29005241394043,12.345365524291992,13.650615692138672,15.517958641052246,19.268825531005859,7.1172504425048828,11.29005241394043,14.584287643432617,19.268825531005859
2023-10-01,11,10.903457641601562,12.466274261474609,13.683874130249023,14.817790031433105,15.956093788146973,17.196819305419922,18.767646789550781,21.031845092773438,25.345329284667969,10.903457641601562,15.956093788146973,19.899745941162109,25.345329284667969
2023-10-01,12,6.0541000366210938,7.3301692008972168,8.3393669128417969,9.2584934234619141,10.189231872558594,11.219203948974609,12.545442581176758,14.514245986938477,18.282333374023438,6.0541000366210938,10.189231872558594,13.529844284057617,18.282333374023438
2023-10-01,13,13.877703666687012,16.130685806274414,17.896337509155273,19.527444839477539,21.188531875610352,23.062397003173828,25.544296264648438,29.219472885131836,36.152145385742188,13.877703666687012,21.188531875610352,27.381885528564453,36.152145385742188
2023-10-01,21,12.679060935974121,15.242439270019531,17.218101501464844,19.053245544433594,20.918972015380859,22.972770690917969,25.584123611450195,29.362846374511719,36.274341583251953,12.679060935974121,20.918972015380859,27.473484039306641,36.274341583251953
2023-10-01,35,22.657352447509766,26.097198486328125,28.690177917480469,31.001199722290039,33.273185729980469,35.720790863037109,38.710342407226562,42.686283111572266,49.320343017578125,22.657352447509766,33.273185729980469,40.698310852050781,49.320343017578125
2023-10-01,82,9.8669357299804688,11.609283447265625,12.997077941894531,14.305871963500977,15.622316360473633,17.087594985961914,18.920343399047852,21.534032821655273,26.419025421142578,9.8669357299804688,15.622316360473633,20.227188110351562,26.419025421142578
2023-10-02,11,14.337996482849121,16.819742202758789,18.748584747314453,20.528232574462891,22.293724060058594,24.240659713745117,26.69642448425293,30.171363830566406,36.455543518066406,14.337996482849121,22.293724060058594,28.433895111083984,36.455543518066406
2023-10-02,12,8.0332736968994141,9.6196184158325195,10.84261417388916,11.951129913330078,13.050862312316895,14.260801315307617,15.756980895996094,17.903411865234375,21.811765670776367,8.0332736968994141,13.050862312316895,16.830196380615234,21.811765670776367
2023-10-02,13,15.693937301635742,18.002630233764648,19.780012130737305,21.417459487915039,23.057807922363281,24.882293701171875,27.252613067626953,30.718576431274414,37.168861389160156,15.693937301635742,23.057807922363281,28.985595703125,37.168861389160156
2023-10-02,21,17.294807434082031,20.383405685424805,22.733127593994141,24.903255462646484,27.052469253540039,29.412675857543945,32.362148284912109,36.551689147949219,44.048801422119141,17.294807434082031,27.052469253540039,34.456916809082031,44.048801422119141
2023-10-02,35,27.120332717895508,31.155490875244141,34.228191375732422,37.009223937988281,39.695075988769531,42.592491149902344,46.099525451660156,50.751316070556641,58.415367126464844,27.120332717895508,39.695075988769531,48.425422668457031,58.415367126464844
2023-10-02,82,12.882469177246094,15.392391204833984,17.381977081298828,19.252473831176758,21.103876113891602,23.161382675170898,25.749118804931641,29.393030166625977,35.870773315429688,12.882469177246094,21.103876113891602,27.571075439453125,35.870773315429688
2023-10-03,11,14.433728218078613,16.822727203369141,18.69024658203125,20.418731689453125,22.120185852050781,23.983633041381836,26.333492279052734,29.684139251708984,35.846076965332031,14.433728218078613,22.120185852050781,28.008815765380859,35.846076965332031
2023-10-03,12,8.0458641052246094,9.6552085876464844,10.889898300170898,12.018004417419434,13.129321098327637,14.34601879119873,15.849985122680664,17.985441207885742,21.869524002075195,8.0458641052246094,13.129321098327637,16.917713165283203,21.869524002075195
2023-10-03,13,18.015363693237305,21.350484848022461,23.927051544189453,26.250043869018555,28.531274795532227,31.052604675292969,34.299652099609375,38.975051879882812,47.5533447265625,18.015363693237305,28.531274795532227,36.637351989746094,47.5533447265625
2023-10-03,21,18.586053848266602,21.812501907348633,24.244194030761719,26.462730407714844,28.620426177978516,30.944253921508789,33.811111450195312,37.835212707519531,45.112148284912109,18.586053848266602,28.620426177978516,35.823162078857422,45.112148284912109
2023-10-03,35,27.189224243164062,31.999355316162109,35.661434173583984,38.974407196044922,42.189754486083984,45.697696685791016,50.008102416992188,55.858619689941406,65.741348266601562,27.189224243164062,42.189754486083984,52.933361053466797,65.741348266601562
2023-10-03,82,15.307849884033203,18.040897369384766,20.173358917236328,22.148244857788086,24.080650329589844,26.187309265136719,28.819889068603516,32.494983673095703,39.051017761230469,15.307849884033203,24.080650329589844,30.657436370849609,39.051017761230469
2023-10-04,11,8.965662956237793,10.482690811157227,11.675546646118164,12.775144577026367,13.873329162597656,15.051292419433594,16.55079460144043,18.766744613647461,23.22502326965332,8.965662956237793,13.873329162597656,17.658769607543945,23.22502326965332
2023-10-04,12,6.2365036010742188,7.5765223503112793,8.6101341247558594,9.5392999649047852,10.448863983154297,11.416499137878418,12.610593795776367,14.316980361938477,17.548830032348633,6.2365036010742188,10.448863983154297,13.463787078857422,17.548830032348633
2023-10-04,13,11.700736999511719,13.912384986877441,15.649717330932617,17.216510772705078,18.764564514160156,20.446826934814453,22.63066291809082,25.847946166992188,32.163463592529297,11.700736999511719,18.764564514160156,24.239303588867188,32.163463592529297
2023-10-04,21,18.653316497802734,21.899370193481445,24.366910934448242,26.584041595458984,28.731565475463867,31.027210235595703,33.884181976318359,37.928581237792969,45.433345794677734,18.653316497802734,28.731565475463867,35.906379699707031,45.433345794677734
2023-10-04,35,23.522769927978516,27.281961441040039,30.115554809570312,32.636280059814453,35.072288513183594,37.674453735351562,40.768997192382812,44.914756774902344,52.080783843994141,23.522769927978516,35.072288513183594,42.841876983642578,52.080783843994141
2023-10-04,82,16.655717849731445,19.481790542602539,21.611207962036133,23.520095825195312,25.347955703735352,27.275087356567383,29.600345611572266,32.785247802734375,38.59954833984375,16.655717849731445,25.347955703735352,31.19279670715332,38.59954833984375
2023-10-05,11,10.878856658935547,12.458992004394531,13.710916519165039,14.871681213378906,16.040695190429688,17.312461853027344,18.964376449584961,21.422641754150391,26.295345306396484,10.878856658935547,16.040695190429688,20.193508148193359,26.295345306396484
2023-10-05,12,7.1398825645446777,8.5299186706542969,9.6067104339599609,10.568795204162598,11.516319274902344,12.526324272155762,13.797099113464355,15.63737964630127,19.167818069458008,7.1398825645446777,11.516319274902344,14.717239379882812,19.167818069458008
2023-10-05,13,13.085740089416504,15.502832412719727,17.406824111938477,19.130031585693359,20.844564437866211,22.752508163452148,25.307214736938477,29.187871932983398,36.856224060058594,13.085740089416504,20.844564437866211,27.247543334960938,36.856224060058594
2023-10-05,21,16.529796600341797,19.651567459106445,21.984821319580078,24.044456481933594,26.026445388793945,28.0968017578125,30.622974395751953,34.198143005371094,40.985466003417969,16.529796600341797,26.026445388793945,32.410560607910156,40.985466003417969
2023-10-05,35,26.171777725219727,29.908744812011719,32.695415496826172,35.150955200195312,37.544319152832031,40.099300384521484,43.251884460449219,47.664524078369141,55.626968383789062,26.171777725219727,37.544319152832031,45.458206176757812,55.626968383789062
2023-10-05,82,15.792843818664551,18.338720321655273,20.217105865478516,21.863245010375977,23.416225433349609,25.029396057128906,26.961990356445312,29.672817230224609,34.92999267578125,15.792843818664551,23.416225433349609,28.317403793334961,34.92999267578125
2023-10-06,11,9.0809774398803711,10.468994140625,11.579636573791504,12.617238998413086,13.674118041992188,14.827157020568848,16.324552536010742,18.585475921630859,23.170162200927734,9.0809774398803711,13.674118041992188,17.455013275146484,23.170162200927734
2023-10-06,12,7.7221469879150391,9.2499856948852539,10.434104919433594,11.491369247436523,12.535818099975586,13.641384124755859,14.996768951416016,16.928659439086914,20.541278839111328,7.7221469879150391,12.535818099975586,15.962714195251465,20.541278839111328
2023-10-06,13,14.882082939147949,17.284250259399414,19.15264892578125,20.848846435546875,22.544214248657227,24.38043212890625,26.785701751708984,30.394815444946289,37.488235473632812,14.882082939147949,22.544214248657227,28.590259552001953,37.488235473632812
2023-10-06,21,17.727256774902344,21.003131866455078,23.451988220214844,25.622772216796875,27.744228363037109,29.966899871826172,32.664939880371094,36.503875732421875,43.55633544921875,17.727256774902344,27.744228363037109,34.584407806396484,43.55633544921875
2023-10-06,35,28.748672485351562,32.708354949951172,35.708099365234375,38.422172546386719,41.078105926513672,43.922126770019531,47.359954833984375,52.066135406494141,60.266593933105469,28.748672485351562,41.078105926513672,49.713043212890625,60.266593933105469
2023-10-06,82,16.113611221313477,18.500679016113281,20.222816467285156,21.710844039916992,23.113105773925781,24.531976699829102,26.155799865722656,28.372493743896484,32.709678649902344,16.113611221313477,23.113105773925781,27.26414680480957,32.709678649902344
2023-10-07,11,11.559295654296875,13.428544044494629,14.948211669921875,16.393627166748047,17.857645034790039,19.499984741210938,21.655010223388672,24.832826614379883,30.793947219848633,11.559295654296875,17.857645034790039,23.243919372558594,30.793947219848633
2023-10-07,12,7.6507229804992676,9.0201053619384766,10.064785003662109,10.989108085632324,11.904719352722168,12.871929168701172,14.059026718139648,15.747633934020996,18.921468734741211,7.6507229804992676,11.904719352722168,14.903329849243164,18.921468734741211
2023-10-07,13,16.315723419189453,19.007492065429688,21.112823486328125,23.032413482666016,24.949989318847656,27.063365936279297,29.818252563476562,33.904941558837891,41.699489593505859,16.315723419189453,24.949989318847656,31.861597061157227,41.699489593505859
2023-10-07,21,20.438953399658203,24.24957275390625,27.154232025146484,29.754199981689453,32.307243347167969,35.046489715576172,38.381397247314453,43.052768707275391,51.354164123535156,20.438953399658203,32.307243347167969,40.717082977294922,51.354164123535156
2023-10-07,35,30.854249954223633,34.910903930664062,37.968795776367188,40.739822387695312,43.442005157470703,46.302001953125,49.713409423828125,54.247238159179688,61.939193725585938,30.854249954223633,43.442005157470703,51.980323791503906,61.939193725585938
2023-10-07,82,16.854059219360352,19.180440902709961,20.84393310546875,22.283082962036133,23.642795562744141,25.030614852905273,26.626655578613281,28.791715621948242,32.976459503173828,16.854059219360352,23.642795562744141,27.709186553955078,32.976459503173828
2023-10-08,11,10.812416076660156,12.485733032226562,13.845394134521484,15.13082218170166,16.440135955810547,17.897823333740234,19.794343948364258,22.596042633056641,27.925216674804688,10.812416076660156,16.440135955810547,21.195194244384766,27.925216674804688
2023-10-08,12,7.3360228538513184,8.6967105865478516,9.7646684646606445,10.741905212402344,11.725784301757812,12.797969818115234,14.146994590759277,16.082599639892578,19.595800399780273,7.3360228538513184,11.725784301757812,15.114797592163086,19.595800399780273
2023-10-08,13,19.5821533203125,22.96711540222168,25.552284240722656,27.850170135498047,30.107734680175781,32.557197570800781,35.627685546875,40.093177795410156,48.403961181640625,19.5821533203125,30.107734680175781,37.860431671142578,48.403961181640625
2023-10-08,21,15.159237861633301,18.655681610107422,21.405429840087891,23.940219879150391,26.472932815551758,29.249118804931641,32.654960632324219,37.467178344726562,45.833694458007812,15.159237861633301,26.472932815551758,35.061069488525391,45.833694458007812
2023-10-08,35,31.140327453613281,35.049587249755859,38.005241394042969,40.659221649169922,43.246974945068359,45.969215393066406,49.137176513671875,53.315879821777344,60.356086730957031,31.140327453613281,43.246974945068359,51.226528167724609,60.356086730957031
2023-10-08,82,15.773361206054688,17.984134674072266,19.590871810913086,20.985389709472656,22.307117462158203,23.661428451538086,25.196279525756836,27.267997741699219,31.183189392089844,15.773361206054688,22.307117462158203,26.232139587402344,31.183189392089844
2023-10-09,11,12.179391860961914,14.055288314819336,15.559532165527344,16.95794677734375,18.36012077331543,19.918601989746094,21.94866943359375,24.938892364501953,30.576198577880859,12.179391860961914,18.36012077331543,23.443780899047852,30.576198577880859
2023-10-09,12,7.9951801300048828,9.408177375793457,10.491511344909668,11.482625007629395,12.466457366943359,13.546307563781738,14.886719703674316,16.806591033935547,20.259618759155273,7.9951801300048828,12.466457366943359,15.846654891967773,20.259618759155273
2023-10-09,13,17.214054107666016,19.90510368347168,21.970357894897461,23.878530502319336,25.789751052856445,27.910221099853516,30.641031265258789,34.698497772216797,42.26165771484375,17.214054107666016,25.789751052856445,32.669765472412109,42.26165771484375
2023-10-09,21,20.545476913452148,24.430112838745117,27.411380767822266,30.15369987487793,32.874549865722656,35.882530212402344,39.546974182128906,44.621006011962891,53.171215057373047,20.545476913452148,32.874549865722656,42.083992004394531,53.171215057373047
2023-10-09,35,29.823356628417969,33.511699676513672,36.259895324707031,38.729221343994141,41.116893768310547,43.622745513916016,46.478603363037109,50.18133544921875,56.364303588867188,29.823356628417969,41.116893768310547,48.329971313476562,56.364303588867188
2023-10-09,82,17.826337814331055,20.179109573364258,21.883317947387695,23.368984222412109,24.777788162231445,26.239686965942383,27.939523696899414,30.299137115478516,34.779445648193359,17.826337814331055,24.777788162231445,29.119331359863281,34.779445648193359
2023-10-10,11,12.764823913574219,14.800382614135742,16.367977142333984,17.789142608642578,19.188621520996094,20.732658386230469,22.705818176269531,25.564777374267578,30.933511734008789,12.764823913574219,19.188621520996094,24.135297775268555,30.933511734008789
2023-10-10,12,8.23699951171875,9.8712282180786133,11.10794734954834,12.220467567443848,13.308298110961914,14.50351619720459,15.976175308227539,18.07084846496582,21.794998168945312,8.23699951171875,13.308298110961914,17.02351188659668,21.794998168945312
2023-10-10,13,19.01496696472168,22.173501968383789,24.574317932128906,26.749755859375,28.881174087524414,31.232946395874023,34.2322998046875,38.596061706542969,46.578418731689453,19.01496696472168,28.881174087524414,36.414180755615234,46.578418731689453
2023-10-10,21,20.29547119140625,24.183460235595703,27.097011566162109,29.72407341003418,32.272346496582031,35.035938262939453,38.327968597412109,42.82818603515625,50.372817993164062,20.29547119140625,32.272346496582031,40.578079223632812,50.372817993164062
2023-10-10,35,30.493310928344727,34.233974456787109,37.017036437988281,39.509052276611328,41.917964935302734,44.425086975097656,47.258152008056641,50.893287658691406,56.907382965087891,30.493310928344727,41.917964935302734,49.075721740722656,56.907382965087891
2023-10-10,82,18.055120468139648,20.479480743408203,22.207351684570312,23.725126266479492,25.140628814697266,26.592113494873047,28.243961334228516,30.472129821777344,34.605091094970703,18.055120468139648,25.140628814697266,29.35804557800293,34.605091094970703
2023-10-11,11,13.088834762573242,15.073611259460449,16.571882247924805,17.914287567138672,19.23505973815918,20.674604415893555,22.507009506225586,25.130195617675781,29.997507095336914,13.088834762573242,19.23505973815918,23.818603515625,29.997507095336914
2023-10-11,12,7.4519548416137695,8.7995700836181641,9.8186244964599609,10.738265037536621,11.646591186523438,12.631216049194336,13.843784332275391,15.540618896484375,18.547054290771484,7.4519548416137695,11.646591186523438,14.692201614379883,18.547054290771484
2023-10-11,13,15.669208526611328,18.149194717407227,20.045631408691406,21.779933929443359,23.502128601074219,25.392749786376953,27.814640045166016,31.346076965332031,37.927314758300781,15.669208526611328,23.502128601074219,29.580358505249023,37.927314758300781
2023-10-11,21,17.73503303527832,21.155197143554688,23.75617790222168,26.11802864074707,28.410287857055664,30.879192352294922,33.852088928222656,37.900932312011719,44.785415649414062,17.73503303527832,28.410287857055664,35.876510620117188,44.785415649414062
2023-10-11,35,26.776573181152344,30.107671737670898,32.601161956787109,34.802104949951172,36.949935913085938,39.215438842773438,41.814785003662109,45.169471740722656,50.784358978271484,26.776573181152344,36.949935913085938,43.49212646484375,50.784358978271484
2023-10-11,82,13.465877532958984,15.596473693847656,17.137065887451172,18.491737365722656,19.770597457885742,21.097824096679688,22.63459587097168,24.768974304199219,28.816383361816406,13.465877532958984,19.770597457885742,23.701786041259766,28.816383361816406
2023-10-12,11,10.8416748046875,12.510276794433594,13.772876739501953,14.917061805725098,16.056240081787109,17.292713165283203,18.869550704956055,21.174718856811523,25.602914810180664,10.8416748046875,16.056240081787109,20.022134780883789,25.602914810180664
2023-10-12,12,8.4803085327148438,10.020730018615723,11.191458702087402,12.249032020568848,13.28339958190918,14.394003868103027,15.744658470153809,17.59373664855957,20.784994125366211,8.4803085327148438,13.28339958190918,16.669197082519531,20.784994125366211
2023-10-12,13,15.559404373168945,17.9698486328125,19.813438415527344,21.47711181640625,23.136159896850586,24.930059432983398,27.212011337280273,30.558212280273438,36.919246673583984,15.559404373168945,23.136159896850586,28.885112762451172,36.919246673583984
2023-10-12,21,16.602910995483398,19.873207092285156,22.341213226318359,24.544212341308594,26.679790496826172,28.922796249389648,31.589263916015625,35.19317626953125,41.474449157714844,16.602910995483398,26.679790496826172,33.391220092773438,41.474449157714844
2023-10-12,35,25.082464218139648,28.326663970947266,30.761768341064453,32.925102233886719,35.049053192138672,37.302738189697266,39.892017364501953,43.277877807617188,48.863101959228516,25.082464218139648,35.049053192138672,41.584945678710938,48.863101959228516
2023-10-12,82,12.74949836730957,14.881696701049805,16.452272415161133,17.84748649597168,19.183500289916992,20.604824066162109,22.324359893798828,24.799421310424805,29.571468353271484,12.74949836730957,19.183500289916992,23.5618896484375,29.571468353271484
2023-10-13,11,11.922510147094727,13.69318962097168,15.027219772338867,16.235507965087891,17.442611694335938,18.751308441162109,20.386651992797852,22.740129470825195,27.153106689453125,11.922510147094727,17.442611694335938,21.563390731811523,27.153106689453125
2023-10-13,12,7.756291389465332,9.2137489318847656,10.315204620361328,11.30545711517334,12.281883239746094,13.318819046020508,14.558024406433105,16.259368896484375,19.274007797241211,7.756291389465332,12.281883239746094,15.408697128295898,19.274007797241211
2023-10-13,13,14.05539608001709,16.271595001220703,17.949399948120117,19.477071762084961,21.023731231689453,22.689956665039062,24.796806335449219,27.897539138793945,33.81866455078125,14.05539608001709,21.023731231689453,26.347171783447266,33.81866455078125
2023-10-13,21,14.316279411315918,17.494340896606445,19.908849716186523,22.098360061645508,24.258563995361328,26.561225891113281,29.312105178833008,33.108501434326172,39.741477966308594,14.316279411315918,24.258563995361328,31.210304260253906,39.741477966308594
2023-10-13,35,23.107891082763672,26.336574554443359,28.743982315063477,30.881536483764648,32.985836029052734,35.200881958007812,37.726173400878906,41.055507659912109,46.723857879638672,23.107891082763672,32.985836029052734,39.390838623046875,46.723857879638672
2023-10-13,82,15.453956604003906,17.842548370361328,19.614286422729492,21.202459335327148,22.741294860839844,24.401338577270508,26.44236946105957,29.388763427734375,34.921958923339844,15.453956604003906,22.741294860839844,27.915565490722656,34.921958923339844
2023-10-14,11,10.830771446228027,12.375235557556152,13.556487083435059,14.643444061279297,15.739402770996094,16.931678771972656,18.424289703369141,20.58837890625,24.661975860595703,10.830771446228027,15.739402770996094,19.50633430480957,24.661975860595703
2023-10-14,12,8.9683818817138672,10.513057708740234,11.691763877868652,12.739928245544434,13.776362419128418,14.881857872009277,16.22807502746582,18.114940643310547,21.463600158691406,8.9683818817138672,13.776362419128418,17.1715087890625,21.463600158691406
2023-10-14,13,16.471855163574219,19.027942657470703,20.986055374145508,22.777961730957031,24.585929870605469,26.553905487060547,29.015087127685547,32.579658508300781,39.081218719482422,16.471855163574219,24.585929870605469,30.797372817993164,39.081218719482422
2023-10-14,21,18.216480255126953,21.620582580566406,24.215896606445312,26.561662673950195,28.897680282592773,31.419929504394531,34.469272613525391,38.771034240722656,46.318428039550781,18.216480255126953,28.897680282592773,36.620155334472656,46.318428039550781
2023-10-14,35,26.037757873535156,29.517547607421875,32.164505004882812,34.54705810546875,36.912303924560547,39.450202941894531,42.457054138183594,46.499580383300781,53.210533142089844,26.037757873535156,36.912303924560547,44.478317260742188,53.210533142089844
2023-10-14,82,17.560333251953125,20.132831573486328,22.048114776611328,23.752233505249023,25.395772933959961,27.153423309326172,29.2662353515625,32.245994567871094,37.646942138671875,17.560333251953125,25.395772933959961,30.756114959716797,37.646942138671875
2023-10-15,11,7.5259542465209961,8.932403564453125,10.026005744934082,11.053644180297852,12.104288101196289,13.281044006347656,14.790628433227539,17.024135589599609,21.174467086791992,7.5259542465209961,12.104288101196289,15.907382011413574,21.174467086791992
2023-10-15,12,4.8398928642272949,6.2747597694396973,7.4101591110229492,8.4755067825317383,9.5567569732666016,10.74791431427002,12.231554985046387,14.33326530456543,17.991916656494141,4.8398928642272949,9.5567569732666016,13.28240966796875,17.991916656494141
2023-10-15,13,14.358963012695312,16.616331100463867,18.360553741455078,19.973546981811523,21.61479377746582,23.410993576049805,25.656904220581055,28.928104400634766,34.886520385742188,14.358963012695312,21.61479377746582,27.292503356933594,34.886520385742188
2023-10-15,21,15.109896659851074,18.271703720092773,20.757963180541992,23.067472457885742,25.406654357910156,27.98638916015625,31.138969421386719,35.584476470947266,43.206298828125,15.109896659851074,25.406654357910156,33.361724853515625,43.206298828125
2023-10-15,35,22.190391540527344,25.236782073974609,27.564990997314453,29.669944763183594,31.775238037109375,34.022323608398438,36.653629302978516,40.185890197753906,46.098876953125,22.190391540527344,31.775238037109375,38.419761657714844,46.098876953125
2023-10-15,82,16.354423522949219,18.741090774536133,20.518411636352539,22.096834182739258,23.615673065185547,25.227893829345703,27.153964996337891,29.899868011474609,34.999923706054688,16.354423522949219,23.615673065185547,28.52691650390625,34.999923706054688
2023-10-16,11,10.257819175720215,11.938151359558105,13.221933364868164,14.424509048461914,15.628573417663574,16.978153228759766,18.677799224853516,21.111648559570312,25.4576416015625,10.257819175720215,15.628573417663574,19.894723892211914,25.4576416015625
2023-10-16,12,6.8763928413391113,8.4169635772705078,9.6038932800292969,10.709295272827148,11.805746078491211,13.027664184570312,14.532122611999512,16.626346588134766,20.152412414550781,6.8763928413391113,11.805746078491211,15.579235076904297,20.152412414550781
2023-10-16,13,11.314465522766113,13.615771293640137,15.376476287841797,16.996631622314453,18.623508453369141,20.397106170654297,22.57054328918457,25.705175399780273,31.364522933959961,11.314465522766113,18.623508453369141,24.137859344482422,31.364522933959961
2023-10-16,21,19.071455001831055,22.400302886962891,24.926206588745117,27.247447967529297,29.532922744750977,32.043231964111328,35.089443206787109,39.288990020751953,46.244338989257812,19.071455001831055,29.532922744750977,37.189216613769531,46.244338989257812
2023-10-16,35,21.584747314453125,24.62501335144043,26.880126953125,28.893436431884766,30.855422973632812,32.927253723144531,35.278812408447266,38.367210388183594,43.530773162841797,21.584747314453125,30.855422973632812,36.823013305664062,43.530773162841797
2023-10-16,82,12.335261344909668,14.47530460357666,16.074619293212891,17.502582550048828,18.876850128173828,20.349227905273438,22.122407913208008,24.701103210449219,29.616983413696289,12.335261344909668,18.876850128173828,23.411754608154297,29.616983413696289
2023-10-17,11,13.068174362182617,15.581314086914062,17.482137680053711,19.19367790222168,20.872529983520508,22.744663238525391,25.085058212280273,28.396961212158203,34.231395721435547,13.068174362182617,20.872529983520508,26.741008758544922,34.231395721435547
2023-10-17,12,7.1553506851196289,8.6214799880981445,9.7370672225952148,10.766977310180664,11.780600547790527,12.900781631469727,14.25717830657959,16.134429931640625,19.332643508911133,7.1553506851196289,11.780600547790527,15.195804595947266,19.332643508911133
2023-10-17,13,13.621156692504883,16.040489196777344,17.886096954345703,19.599559783935547,21.312812805175781,23.216526031494141,25.613307952880859,29.067596435546875,35.270553588867188,13.621156692504883,21.312812805175781,27.340452194213867,35.270553588867188
2023-10-17,21,17.611133575439453,20.7325439453125,23.078105926513672,25.242439270019531,27.359676361083984,29.661369323730469,32.437778472900391,36.247444152832031,42.707977294921875,17.611133575439453,27.359676361083984,34.342613220214844,42.707977294921875
2023-10-17,35,23.629146575927734,27.317893981933594,30.061559677124023,32.534267425537109,34.924800872802734,37.4534912109375,40.357410430908203,44.139919281005859,50.369308471679688,23.629146575927734,34.924800872802734,42.248664855957031,50.369308471679688
2023-10-17,82,15.477359771728516,17.853933334350586,19.590503692626953,21.138843536376953,22.611345291137695,24.172367095947266,25.990074157714844,28.510671615600586,33.033740997314453,15.477359771728516,22.611345291137695,27.250373840332031,33.033740997314453
2023-10-18,11,9.2611198425292969,10.820774078369141,12.000555038452148,13.087747573852539,14.171876907348633,15.368963241577148,16.849977493286133,18.970081329345703,22.851806640625,9.2611198425292969,14.171876907348633,17.910030364990234,22.851806640625
2023-10-18,12,7.579038143157959,9.0192985534667969,10.094761848449707,11.065327644348145,12.013384819030762,13.037664413452148,14.257102012634277,15.936817169189453,18.813400268554688,7.579038143157959,12.013384819030762,15.096960067749023,18.813400268554688
2023-10-18,13,13.712769508361816,16.108299255371094,17.896717071533203,19.516592025756836,21.119386672973633,22.87677001953125,25.064897537231445,28.189907073974609,33.868221282958984,13.712769508361816,21.119386672973633,26.627403259277344,33.868221282958984
2023-10-18,21,16.738826751708984,19.72612190246582,21.963973999023438,24.017990112304688,26.010770797729492,28.167884826660156,30.773313522338867,34.350933074951172,40.498126983642578,16.738826751708984,26.010770797729492,32.562122344970703,40.498126983642578
2023-10-18,35,21.008674621582031,24.403276443481445,26.939529418945312,29.183113098144531,31.353801727294922,33.645851135253906,36.257350921630859,39.644573211669922,45.210033416748047,21.008674621582031,31.353801727294922,37.950962066650391,45.210033416748047
2023-10-18,82,13.970754623413086,16.136754989624023,17.706535339355469,19.088972091674805,20.398469924926758,21.776403427124023,23.344871520996094,25.512222290039062,29.483739852905273,13.970754623413086,20.398469924926758,24.428546905517578,29.483739852905273
2023-10-19,11,10.646123886108398,12.404695510864258,13.775466918945312,15.060928344726562,16.350006103515625,17.785608291625977,19.582778930664062,22.143264770507812,26.718536376953125,10.646123886108398,16.350006103515625,20.863021850585938,26.718536376953125
2023-10-19,12,6.555330753326416,7.9613375663757324,9.0009002685546875,9.9274311065673828,10.817203521728516,11.752344131469727,12.830912590026855,14.263465881347656,16.711406707763672,6.555330753326416,10.817203521728516,13.547189712524414,16.711406707763672
2023-10-19,13,13.362415313720703,15.789230346679688,17.627780914306641,19.289529800415039,20.941680908203125,22.739315032958984,24.977256774902344,28.201156616210938,34.143714904785156,13.362415313720703,20.941680908203125,26.589206695556641,34.143714904785156
2023-10-19,21,16.590646743774414,19.521753311157227,21.708580017089844,23.681678771972656,25.593894958496094,27.617010116577148,30.025053024291992,33.333637237548828,39.136680603027344,16.590646743774414,25.593894958496094,31.679344177246094,39.136680603027344
2023-10-19,35,22.200180053710938,25.39283561706543,27.758308410644531,29.854499816894531,31.893159866333008,34.03399658203125,36.450458526611328,39.554580688476562,44.685462951660156,22.200180053710938,31.893159866333008,38.002517700195312,44.685462951660156
2023-10-19,82,17.148479461669922,19.533639907836914,21.290969848632812,22.858070373535156,24.354705810546875,25.948265075683594,27.802753448486328,30.374008178710938,34.985618591308594,17.148479461669922,24.354705810546875,29.088380813598633,34.985618591308594
2023-10-20,11,10.295873641967773,11.893160820007324,13.130067825317383,14.281410217285156,15.435795783996582,16.694135665893555,18.242666244506836,20.459136962890625,24.484291076660156,10.295873641967773,15.435795783996582,19.350902557373047,24.484291076660156
2023-10-20,12,7.2826166152954102,8.7517585754394531,9.8407859802246094,10.811830520629883,11.745823860168457,12.710441589355469,13.820714950561523,15.314066886901855,17.881643295288086,7.2826166152954102,11.745823860168457,14.567390441894531,17.881643295288086
2023-10-20,13,15.583709716796875,18.424581527709961,20.576757431030273,22.494518280029297,24.390445709228516,26.403736114501953,28.854251861572266,32.376235961914062,38.769386291503906,15.583709716796875,24.390445709228516,30.615243911743164,38.769386291503906
2023-10-20,21,16.566623687744141,19.379325866699219,21.477279663085938,23.370334625244141,25.216049194335938,27.148456573486328,29.427066802978516,32.65362548828125,38.489227294921875,16.566623687744141,25.216049194335938,31.040346145629883,38.489227294921875
2023-10-20,35,21.655033111572266,24.79425048828125,27.134218215942383,29.239561080932617,31.308698654174805,33.468772888183594,35.869049072265625,38.99786376953125,44.216041564941406,21.655033111572266,31.308698654174805,37.433456420898438,44.216041564941406
2023-10-20,82,16.022560119628906,18.355430603027344,20.084375381469727,21.625711441040039,23.103652954101562,24.653469085693359,26.46733283996582,29.068546295166016,33.962287902832031,16.022560119628906,23.103652954101562,27.767940521240234,33.962287902832031
2023-10-21,11,10.662433624267578,12.273271560668945,13.529845237731934,14.694587707519531,15.868034362792969,17.151559829711914,18.744880676269531,21.037801742553711,25.17317008972168,10.662433624267578,15.868034362792969,19.891342163085938,25.17317008972168
2023-10-21,12,5.9496722221374512,7.2581624984741211,8.240696907043457,9.1092195510864258,9.9617166519165039,10.840691566467285,11.86211109161377,13.260148048400879,15.714289665222168,5.9496722221374512,9.9617166519165039,12.561129570007324,15.714289665222168
2023-10-21,13,14.335696220397949,16.690263748168945,18.448915481567383,20.044532775878906,21.640745162963867,23.346284866333008,25.457979202270508,28.552997589111328,34.298545837402344,14.335696220397949,21.640745162963867,27.005489349365234,34.298545837402344
2023-10-21,21,16.743110656738281,19.563272476196289,21.670074462890625,23.593902587890625,25.498727798461914,27.508722305297852,29.911365509033203,33.283683776855469,39.232013702392578,16.743110656738281,25.498727798461914,31.597524642944336,39.232013702392578
2023-10-21,35,21.614887237548828,24.470184326171875,26.581598281860352,28.464408874511719,30.317394256591797,32.233741760253906,34.380084991455078,37.258762359619141,42.215705871582031,21.614887237548828,30.317394256591797,35.819423675537109,42.215705871582031
2023-10-21,82,15.814620971679688,18.022890090942383,19.653825759887695,21.117837905883789,22.532142639160156,24.032550811767578,25.82579231262207,28.430881500244141,33.338020324707031,15.814620971679688,22.532142639160156,27.128337860107422,33.338020324707031
2023-10-22,11,9.75494384765625,11.158758163452148,12.245595932006836,13.261110305786133,14.287474632263184,15.431293487548828,16.868127822875977,18.945184707641602,22.652799606323242,9.75494384765625,14.287474632263184,17.906656265258789,22.652799606323242
2023-10-22,12,6.4797158241271973,7.7338767051696777,8.6742458343505859,9.5244388580322266,10.364590644836426,11.238751411437988,12.246801376342773,13.605073928833008,15.873432159423828,6.4797158241271973,10.364590644836426,12.925937652587891,15.873432159423828
2023-10-22,13,13.992339134216309,16.27650260925293,17.977359771728516,19.534543991088867,21.098129272460938,22.794155120849609,24.88871955871582,27.912223815917969,33.306026458740234,13.992339134216309,21.098129272460938,26.400470733642578,33.306026458740234
2023-10-22,21,13.13877010345459,15.862826347351074,17.921257019042969,19.832187652587891,21.744539260864258,23.78411865234375,26.184690475463867,29.427974700927734,34.666088104248047,13.13877010345459,21.744539260864258,27.806331634521484,34.666088104248047
2023-10-22,35,23.094575881958008,26.046985626220703,28.262477874755859,30.262861251831055,32.2415771484375,34.286098480224609,36.541770935058594,39.490127563476562,44.360794067382812,23.094575881958008,32.2415771484375,38.015949249267578,44.360794067382812
2023-10-22,82,15.481937408447266,17.670997619628906,19.282787322998047,20.727014541625977,22.137668609619141,23.644195556640625,25.429878234863281,28.026214599609375,32.816822052001953,15.481937408447266,22.137668609619141,26.728046417236328,32.816822052001953
2023-10-23,11,11.866227149963379,14.106354713439941,15.848186492919922,17.447290420532227,19.028509140014648,20.784866333007812,22.939491271972656,25.912343978881836,30.920543670654297,11.866227149963379,19.028509140014648,24.425918579101562,30.920543670654297
2023-10-23,12,4.6303877830505371,5.8783183097839355,6.8199458122253418,7.6871953010559082,8.5386266708374023,9.4490499496459961,10.51772403717041,11.948310852050781,14.292520523071289,4.6303877830505371,8.5386266708374023,11.233016967773438,14.292520523071289
2023-10-23,13,15.473808288574219,18.258981704711914,20.331962585449219,22.215072631835938,24.069696426391602,26.086065292358398,28.53564453125,31.925708770751953,37.699577331542969,15.473808288574219,24.069696426391602,30.230676651000977,37.699577331542969
2023-10-23,21,17.485382080078125,20.782281875610352,23.261899948120117,25.535892486572266,27.762300491333008,30.156436920166016,32.976116180419922,36.727874755859375,42.702167510986328,17.485382080078125,27.762300491333008,34.851997375488281,42.702167510986328
2023-10-23,35,23.040634155273438,25.901996612548828,28.031461715698242,29.949941635131836,31.815837860107422,33.756507873535156,35.886089324951172,38.618015289306641,43.175502777099609,23.040634155273438,31.815837860107422,37.252052307128906,43.175502777099609
2023-10-23,82,16.691827774047852,19.001668930053711,20.699775695800781,22.221733093261719,23.693449020385742,25.262889862060547,27.089862823486328,29.682229995727539,34.353668212890625,16.691827774047852,23.693449020385742,28.38604736328125,34.353668212890625
2023-10-24,11,13.128274917602539,15.877158164978027,17.995515823364258,19.887716293334961,21.742294311523438,23.80702018737793,26.365997314453125,29.916265487670898,35.973587036132812,13.128274917602539,21.742294311523438,28.141132354736328,35.973587036132812
2023-10-24,12,6.8647279739379883,8.4390316009521484,9.6259746551513672,10.694143295288086,11.733880043029785,12.846477508544922,14.152966499328613,15.884001731872559,18.686580657958984,6.8647279739379883,11.733880043029785,15.018484115600586,18.686580657958984
2023-10-24,13,17.471923828125,20.973030090332031,23.611394882202148,25.960779190063477,28.251731872558594,30.742952346801758,33.794162750244141,38.035713195800781,45.266937255859375,17.471923828125,28.251731872558594,35.914939880371094,45.266937255859375
2023-10-24,21,16.902614593505859,19.995807647705078,22.282953262329102,24.361276626586914,26.377031326293945,28.544425964355469,31.07783317565918,34.434074401855469,39.817508697509766,16.902614593505859,26.377031326293945,32.755954742431641,39.817508697509766
2023-10-24,35,23.659297943115234,27.080955505371094,29.682929992675781,32.057971954345703,34.403446197509766,36.910518646240234,39.813488006591797,43.679904937744141,50.101268768310547,23.659297943115234,34.403446197509766,41.746696472167969,50.101268768310547
2023-10-24,82,17.711616516113281,20.236717224121094,22.075342178344727,23.725440979003906,25.306198120117188,26.986080169677734,28.920692443847656,31.552043914794922,36.109214782714844,17.711616516113281,25.306198120117188,30.236368179321289,36.109214782714844
2023-10-25,11,11.026283264160156,12.941993713378906,14.413251876831055,15.738422393798828,17.04583740234375,18.499452590942383,20.328004837036133,22.889606475830078,27.326728820800781,11.026283264160156,17.04583740234375,21.608806610107422,27.326728820800781
2023-10-25,12,6.8014330863952637,8.2680225372314453,9.3665094375610352,10.345668792724609,11.292734146118164,12.301324844360352,13.492366790771484,15.07930850982666,17.673088073730469,6.8014330863952637,11.292734146118164,14.285837173461914,17.673088073730469
2023-10-25,13,13.149367332458496,15.884881973266602,17.915315628051758,19.726608276367188,21.491216659545898,23.402359008789062,25.749755859375,29.039554595947266,34.818077087402344,13.149367332458496,21.491216659545898,27.394655227661133,34.818077087402344
2023-10-25,21,15.887274742126465,19.069232940673828,21.443483352661133,23.589164733886719,25.661775588989258,27.904333114624023,30.569379806518555,34.150604248046875,40.068374633789062,15.887274742126465,25.661775588989258,32.359992980957031,40.068374633789062
2023-10-25,35,23.075080871582031,26.304977416992188,28.696292877197266,30.829654693603516,32.928382873535156,35.120128631591797,37.582820892333984,40.765903472900391,46.082096099853516,23.075080871582031,32.928382873535156,39.174362182617188,46.082096099853516
2023-10-25,82,17.879055023193359,20.331092834472656,22.073495864868164,23.601520538330078,25.053768157958984,26.578559875488281,28.326286315917969,30.703369140625,34.922313690185547,17.879055023193359,25.053768157958984,29.514827728271484,34.922313690185547
2023-10-26,11,11.487851142883301,13.674007415771484,15.340394973754883,16.828617095947266,18.287439346313477,19.881444931030273,21.853309631347656,24.566751480102539,29.212182998657227,11.487851142883301,18.287439346313477,23.210029602050781,29.212182998657227
2023-10-26,12,6.502408504486084,8.1014318466186523,9.3033428192138672,10.374454498291016,11.402887344360352,12.488402366638184,13.748721122741699,15.404644012451172,18.093353271484375,6.502408504486084,11.402887344360352,14.576683044433594,18.093353271484375
2023-10-26,13,14.112174034118652,16.944778442382812,19.065641403198242,20.943881988525391,22.762426376342773,24.704160690307617,27.055688858032227,30.327402114868164,36.029708862304688,14.112174034118652,22.762426376342773,28.691545486450195,36.029708862304688
2023-10-26,21,14.770987510681152,18.111886978149414,20.626928329467773,22.876157760620117,25.026330947875977,27.276515960693359,29.864013671875,33.288215637207031,38.92913818359375,14.770987510681152,25.026330947875977,31.576114654541016,38.92913818359375
2023-10-26,35,23.8331298828125,27.020008087158203,29.4471435546875,31.651729583740234,33.834281921386719,36.1209716796875,38.7216796875,42.106853485107422,47.737697601318359,23.8331298828125,33.834281921386719,40.414268493652344,47.737697601318359
2023-10-26,82,18.797092437744141,21.365114212036133,23.18939208984375,24.775344848632812,26.263998031616211,27.791152954101562,29.508720397949219,31.796379089355469,35.791370391845703,18.797092437744141,26.263998031616211,30.652549743652344,35.791370391845703
2023-10-27,11,10.442298889160156,12.332351684570312,13.748223304748535,15.019441604614258,16.260709762573242,17.568975448608398,19.126018524169922,21.223480224609375,24.801422119140625,10.442298889160156,16.260709762573242,20.174749374389648,24.801422119140625
2023-10-27,12,5.602299690246582,7.0552597045898438,8.1424694061279297,9.1175222396850586,10.051925659179688,11.012345314025879,12.092134475708008,13.502047538757324,15.822063446044922,5.602299690246582,10.051925659179688,12.797090530395508,15.822063446044922
2023-10-27,13,13.633809089660645,16.157691955566406,18.015007019042969,19.646556854248047,21.218666076660156,22.815279006958008,24.640975952148438,27.142698287963867,31.592369079589844,13.633809089660645,21.218666076660156,25.891838073730469,31.592369079589844
2023-10-27,21,13.995479583740234,17.04248046875,19.299655914306641,21.294567108154297,23.187664031982422,25.069082260131836,27.119426727294922,29.765813827514648,34.19586181640625,13.995479583740234,23.187664031982422,28.442619323730469,34.19586181640625
2023-10-27,35,23.798368453979492,26.88041877746582,29.176486968994141,31.251924514770508,33.297077178955078,35.382766723632812,37.693088531494141,40.684253692626953,45.729663848876953,23.798368453979492,33.297077178955078,39.188671112060547,45.729663848876953
2023-10-27,82,17.050010681152344,19.201288223266602,20.705865859985352,22.015865325927734,23.24513053894043,24.485445022583008,25.839344024658203,27.635499954223633,30.811468124389648,17.050010681152344,23.24513053894043,26.737422943115234,30.811468124389648
2023-10-28,11,10.101911544799805,11.91160774230957,13.304631233215332,14.573786735534668,15.832414627075195,17.197948455810547,18.886083602905273,21.227039337158203,25.243528366088867,10.101911544799805,15.832414627075195,20.056560516357422,25.243528366088867
2023-10-28,12,5.4868183135986328,6.9032540321350098,7.9622039794921875,8.8954858779907227,9.7900962829589844,10.701478004455566,11.715725898742676,13.024251937866211,15.130258560180664,5.4868183135986328,9.7900962829589844,12.369989395141602,15.130258560180664
2023-10-28,13,15.64124870300293,18.331735610961914,20.367532730102539,22.195428848266602,24.001317977905273,25.9188232421875,28.238420486450195,31.480602264404297,37.103153228759766,15.64124870300293,24.001317977905273,29.859512329101562,37.103153228759766
2023-10-28,21,14.087175369262695,16.902067184448242,18.986446380615234,20.84739875793457,22.647266387939453,24.474405288696289,26.515701293945312,29.189853668212891,33.55462646484375,14.087175369262695,22.647266387939453,27.852777481079102,33.55462646484375
2023-10-28,35,25.962718963623047,29.448301315307617,32.029556274414062,34.323619842529297,36.548965454101562,38.819477081298828,41.315742492675781,44.545768737792969,49.932075500488281,25.962718963623047,36.548965454101562,42.930755615234375,49.932075500488281
2023-10-28,82,17.682062149047852,19.793630599975586,21.272373199462891,22.547473907470703,23.741794586181641,24.951177597045898,26.271406173706055,28.043632507324219,31.235507965087891,17.682062149047852,23.741794586181641,27.157520294189453,31.235507965087891
2023-10-29,11,10.933870315551758,13.12774658203125,14.82121753692627,16.357933044433594,17.886367797851562,19.580112457275391,21.696451187133789,24.648967742919922,29.666599273681641,10.933870315551758,17.886367797851562,23.172710418701172,29.666599273681641
2023-10-29,12,5.3222646713256836,6.6895675659179688,7.7151384353637695,8.6319427490234375,9.5312814712524414,10.465971946716309,11.54035758972168,12.95299243927002,15.226070404052734,5.3222646713256836,9.5312814712524414,12.246675491333008,15.226070404052734
2023-10-29,13,15.021198272705078,17.577033996582031,19.458728790283203,21.180337905883789,22.905551910400391,24.773214340209961,27.050262451171875,30.224830627441406,35.680252075195312,15.021198272705078,22.905551910400391,28.637546539306641,35.680252075195312
2023-10-29,21,11.81292724609375,14.470823287963867,16.410366058349609,18.169258117675781,19.895435333251953,21.672439575195312,23.666742324829102,26.28173828125,30.45582389831543,11.81292724609375,19.895435333251953,24.974239349365234,30.45582389831543
2023-10-29,35,23.427577972412109,26.605413436889648,28.956659317016602,31.064790725708008,33.104469299316406,35.216911315917969,37.593486785888672,40.72442626953125,45.978538513183594,23.427577972412109,33.104469299316406,39.158958435058594,45.978538513183594
2023-10-29,82,17.471492767333984,19.490652084350586,20.889013290405273,22.102336883544922,23.25048828125,24.418392181396484,25.688446044921875,27.382085800170898,30.39885139465332,17.471492767333984,23.25048828125,26.535266876220703,30.39885139465332
2023-10-30,11,9.668609619140625,11.349151611328125,12.670938491821289,13.926331520080566,15.191371917724609,16.605068206787109,18.365242004394531,20.797298431396484,24.872198104858398,9.668609619140625,15.191371917724609,19.581270217895508,24.872198104858398
2023-10-30,12,5.8056321144104004,7.1490979194641113,8.1612033843994141,9.0846261978149414,9.9915313720703125,10.964439392089844,12.114058494567871,13.659079551696777,16.160945892333984,5.8056321144104004,9.9915313720703125,12.886569023132324,16.160945892333984
2023-10-30,13,12.612775802612305,15.007766723632812,16.767202377319336,18.391288757324219,20.000690460205078,21.779718399047852,23.961053848266602,26.956863403320312,31.966785430908203,12.612775802612305,20.000690460205078,25.458957672119141,31.966785430908203
2023-10-30,21,9.5323886871337891,11.88614559173584,13.61751651763916,15.206113815307617,16.745555877685547,18.347795486450195,20.115764617919922,22.423213958740234,26.104286193847656,9.5323886871337891,16.745555877685547,21.269489288330078,26.104286193847656
2023-10-30,35,18.775814056396484,21.673130035400391,23.811809539794922,25.759449005126953,27.642196655273438,29.639369964599609,31.908754348754883,34.931144714355469,40.033504486083984,18.775814056396484,27.642196655273438,33.419948577880859,40.033504486083984
2023-10-30,82,15.474651336669922,17.302663803100586,18.566102981567383,19.679241180419922,20.734952926635742,21.83674430847168,23.043304443359375,24.631071090698242,27.305500030517578,15.474651336669922,20.734952926635742,23.837188720703125,27.305500030517578
2023-10-31,11,7.4830942153930664,9.0266103744506836,10.277223587036133,11.471038818359375,12.674284934997559,14.035185813903809,15.733729362487793,18.088903427124023,22.000246047973633,7.4830942153930664,12.674284934997559,16.91131591796875,22.000246047973633
2023-10-31,12,5.4487900733947754,6.8643937110900879,7.924710750579834,8.8940858840942383,9.8407678604125977,10.859502792358398,12.053853034973145,13.656872749328613,16.256343841552734,5.4487900733947754,9.8407678604125977,12.855362892150879,16.256343841552734
2023-10-31,13,12.355992317199707,14.800618171691895,16.624362945556641,18.318279266357422,19.998285293579102,21.858383178710938,24.140783309936523,27.262069702148438,32.476566314697266,12.355992317199707,19.998285293579102,25.701427459716797,32.476566314697266
2023-10-31,21,10.757802963256836,13.445055961608887,15.466951370239258,17.3468017578125,19.185661315917969,21.198940277099609,23.587150573730469,26.791908264160156,31.998067855834961,10.757802963256836,19.185661315917969,25.189529418945312,31.998067855834961
2023-10-31,35,20.181413650512695,23.239711761474609,25.530063629150391,27.6279296875,29.668972015380859,31.816440582275391,34.212059020996094,37.348098754882812,42.579658508300781,20.181413650512695,29.668972015380859,35.780078887939453,42.579658508300781
2023-10-31,82,16.394615173339844,18.555265426635742,20.071977615356445,21.421491622924805,22.700176239013672,24.046667098999023,25.546115875244141,27.510108947753906,30.75372314453125,16.394615173339844,22.700176239013672,26.528112411499023,30.75372314453125
2023-11-01,11,6.7590904235839844,8.2377834320068359,9.3973808288574219,10.476612091064453,11.543291091918945,12.69886589050293,14.079217910766602,15.923793792724609,18.982269287109375,6.7590904235839844,11.543291091918945,15.001505851745605,18.982269287109375
2023-11-01,12,4.2226047515869141,5.4253025054931641,6.3047165870666504,7.0915746688842773,7.8508296012878418,8.6535968780517578,9.564478874206543,10.765721321105957,12.728231430053711,4.2226047515869141,7.8508296012878418,10.16510009765625,12.728231430053711
2023-11-01,13,9.0034351348876953,11.115084648132324,12.65778636932373,14.032979965209961,15.376867294311523,16.804372787475586,18.44502067565918,20.613496780395508,24.233364105224609,9.0034351348876953,15.376867294311523,19.529258728027344,24.233364105224609
2023-11-01,21,8.7254142761230469,11.181207656860352,12.979534149169922,14.583562850952148,16.117256164550781,17.742120742797852,19.582622528076172,21.976081848144531,25.837259292602539,8.7254142761230469,16.117256164550781,20.779352188110352,25.837259292602539
2023-11-01,35,18.249790191650391,20.988216400146484,23.03277587890625,24.846652984619141,26.634300231933594,28.521152496337891,30.645298004150391,33.427318572998047,37.986476898193359,18.249790191650391,26.634300231933594,32.036308288574219,37.986476898193359
2023-11-01,82,12.380517959594727,14.054436683654785,15.215641021728516,16.234262466430664,17.195844650268555,18.218791961669922,19.365177154541016,20.901596069335938,23.510496139526367,12.380517959594727,17.195844650268555,20.133386611938477,23.510496139526367
2023-11-02,11,5.3533973693847656,6.5673713684082031,7.5031070709228516,8.3696413040161133,9.2299394607543945,10.169414520263672,11.309114456176758,12.814884185791016,15.340675354003906,5.3533973693847656,9.2299394607543945,12.061999320983887,15.340675354003906
2023-11-02,12,3.2572765350341797,4.232090950012207,4.9598422050476074,5.6199374198913574,6.2639350891113281,6.9637651443481445,7.7863569259643555,8.8744134902954102,10.699098587036133,3.2572765350341797,6.2639350891113281,8.3303852081298828,10.699098587036133
2023-11-02,13,8.9922771453857422,11.109471321105957,12.679577827453613,14.078662872314453,15.441024780273438,16.867372512817383,18.494333267211914,20.60786247253418,24.188407897949219,8.9922771453857422,15.441024780273438,19.551097869873047,24.188407897949219
2023-11-02,21,6.8900413513183594,9.1817760467529297,10.897343635559082,12.442009925842285,13.922124862670898,15.480119705200195,17.26533317565918,19.566034317016602,23.264642715454102,6.8900413513183594,13.922124862670898,18.415683746337891,23.264642715454102
2023-11-02,35,15.067142486572266,17.736181259155273,19.754602432250977,21.591762542724609,23.410903930664062,25.324031829833984,27.450637817382812,30.189277648925781,34.698307037353516,15.067142486572266,23.410903930664062,28.819957733154297,34.698307037353516
2023-11-02,82,9.2926969528198242,10.798165321350098,11.865020751953125,12.800064086914062,13.677583694458008,14.61968994140625,15.690179824829102,17.153274536132812,19.736541748046875,9.2926969528198242,13.677583694458008,16.421726226806641,19.736541748046875
2023-11-03,11,5.5650901794433594,7.0895671844482422,8.3061761856079102,9.4571542739868164,10.61949348449707,11.902530670166016,13.496397018432617,15.653607368469238,19.260307312011719,5.5650901794433594,10.61949348449707,14.575002670288086,19.260307312011719
2023-11-03,12,3.9088988304138184,5.3894639015197754,6.5497665405273438,7.6128554344177246,8.6641178131103516,9.7970924377441406,11.158458709716797,13.010110855102539,16.073123931884766,3.9088988304138184,8.6641178131103516,12.084284782409668,16.073123931884766
2023-11-03,13,9.2131538391113281,11.506779670715332,13.241579055786133,14.795445442199707,16.317024230957031,17.869026184082031,19.583463668823242,21.834529876708984,25.664712905883789,9.2131538391113281,16.317024230957031,20.708995819091797,25.664712905883789
2023-11-03,21,6.3311176300048828,8.5337467193603516,10.205604553222656,11.738970756530762,13.227008819580078,14.761889457702637,16.479423522949219,18.697334289550781,22.237133026123047,6.3311176300048828,13.227008819580078,17.58837890625,22.237133026123047
2023-11-03,35,16.235671997070312,19.117084503173828,21.28062629699707,23.259895324707031,25.21551513671875,27.264152526855469,29.524021148681641,32.461929321289062,37.31890869140625,16.235671997070312,25.21551513671875,30.992975234985352,37.31890869140625
2023-11-03,82,9.6621885299682617,11.26555061340332,12.398754119873047,13.402664184570312,14.360082626342773,15.37835693359375,16.537952423095703,18.129276275634766,20.966945648193359,9.6621885299682617,14.360082626342773,17.333614349365234,20.966945648193359
2023-11-04,11,5.4145727157592773,6.8197994232177734,7.9093379974365234,8.9228839874267578,9.933506965637207,11.014721870422363,12.303277969360352,14.001248359680176,16.837802886962891,5.4145727157592773,9.933506965637207,13.152263641357422,16.837802886962891
2023-11-04,12,3.4878377914428711,4.7969985008239746,5.7977418899536133,6.7026052474975586,7.5938630104064941,8.5318317413330078,9.6220846176147461,11.054540634155273,13.376491546630859,3.4878377914428711,7.5938630104064941,10.338312149047852,13.376491546630859
2023-11-04,13,9.6217441558837891,11.784882545471191,13.426213264465332,14.925250053405762,16.425533294677734,18.006010055541992,19.81463623046875,22.186948776245117,26.151552200317383,9.6217441558837891,16.425533294677734,21.00079345703125,26.151552200317383
2023-11-04,21,4.9000720977783203,6.88336181640625,8.3980445861816406,9.7988529205322266,11.192986488342285,12.643031120300293,14.291147232055664,16.423524856567383,19.834566116333008,4.9000720977783203,11.192986488342285,15.357336044311523,19.834566116333008
2023-11-04,35,14.5863037109375,17.089241027832031,18.925128936767578,20.591083526611328,22.237972259521484,23.990215301513672,25.974655151367188,28.578250885009766,32.927024841308594,14.5863037109375,22.237972259521484,27.276453018188477,32.927024841308594
2023-11-04,82,8.3402538299560547,9.761286735534668,10.788432121276855,11.701908111572266,12.579250335693359,13.531038284301758,14.653486251831055,16.248935699462891,19.152019500732422,8.3402538299560547,12.579250335693359,15.451210975646973,19.152019500732422
2023-11-05,11,5.6075677871704102,6.9390926361083984,7.9680805206298828,8.9416952133178711,9.9154243469238281,10.974527359008789,12.261031150817871,14.002941131591797,16.980274200439453,5.6075677871704102,9.9154243469238281,13.131986618041992,16.980274200439453
2023-11-05,12,2.9869289398193359,4.1677541732788086,5.0865888595581055,5.942439079284668,6.8005623817443848,7.730715274810791,8.8542375564575195,10.376443862915039,12.849774360656738,2.9869289398193359,6.8005623817443848,9.6153411865234375,12.849774360656738
2023-11-05,13,7.5273303985595703,9.5628890991210938,11.125968933105469,12.573431015014648,14.02855396270752,15.609756469726562,17.476333618164062,19.986106872558594,24.108037948608398,7.5273303985595703,14.02855396270752,18.731220245361328,24.108037948608398
2023-11-05,21,5.9641971588134766,7.8939933776855469,9.3618965148925781,10.711491584777832,12.05949592590332,13.476258277893066,15.080794334411621,17.177618026733398,20.557697296142578,5.9641971588134766,12.05949592590332,16.129205703735352,20.557697296142578
2023-11-05,35,12.915834426879883,15.271352767944336,17.041891098022461,18.678173065185547,20.290311813354492,22.022314071655273,23.985359191894531,26.579147338867188,30.90325927734375,12.915834426879883,20.290311813354492,25.282253265380859,30.90325927734375
2023-11-05,82,8.4695158004760742,9.8096399307250977,10.805684089660645,11.710650444030762,12.595499038696289,13.59052562713623,14.818084716796875,16.616447448730469,19.890838623046875,8.4695158004760742,12.595499038696289,15.717266082763672,19.890838623046875
2023-11-06,11,4.0726966857910156,5.0064067840576172,5.7208490371704102,6.4271087646484375,7.1537303924560547,7.9820833206176758,9.0049676895141602,10.426156997680664,12.907089233398438,4.0726966857910156,7.1537303924560547,9.7155628204345703,12.907089233398438
2023-11-06,12,2.6359500885009766,3.6712732315063477,4.4750590324401855,5.2386155128479004,6.0127921104431152,6.8924059867858887,7.9880924224853516,9.5001153945922852,11.995726585388184,2.6359500885009766,6.0127921104431152,8.7441043853759766,11.995726585388184
2023-11-06,13,7.3163385391235352,9.0710983276367188,10.365399360656738,11.55323600769043,12.724201202392578,13.996862411499023,15.473598480224609,17.451030731201172,20.774925231933594,7.3163385391235352,12.724201202392578,16.462314605712891,20.774925231933594
2023-11-06,21,5.9069690704345703,7.5886650085449219,8.8468647003173828,10.033467292785645,11.225713729858398,12.526043891906738,14.027941703796387,16.036066055297852,19.315418243408203,5.9069690704345703,11.225713729858398,15.032003402709961,19.315418243408203
2023-11-06,35,11.811126708984375,13.907341003417969,15.504528045654297,17.000385284423828,18.460720062255859,20.036716461181641,21.821884155273438,24.199748992919922,28.226690292358398,11.811126708984375,18.460720062255859,23.01081657409668,28.226690292358398
2023-11-06,82,7.8690032958984375,9.1816911697387695,10.162039756774902,11.056337356567383,11.928413391113281,12.903725624084473,14.0977783203125,15.828485488891602,18.940876007080078,7.8690032958984375,11.928413391113281,14.963131904602051,18.940876007080078
2023-11-07,11,4.5241460800170898,5.4037714004516602,6.0667428970336914,6.7055158615112305,7.3601198196411133,8.1075973510742188,9.0356225967407227,10.322763442993164,12.556936264038086,4.5241460800170898,7.3601198196411133,9.6791934967041016,12.556936264038086
2023-11-07,12,2.8116426467895508,3.7391557693481445,4.449608325958252,5.1209926605224609,5.8062229156494141,6.5816059112548828,7.525627613067627,8.8150386810302734,10.943031311035156,2.8116426467895508,5.8062229156494141,8.1703329086303711,10.943031311035156
2023-11-07,13,7.0391321182250977,8.5789251327514648,9.705571174621582,10.754190444946289,11.801121711730957,12.959495544433594,14.323025703430176,16.14930534362793,19.191801071166992,7.0391321182250977,11.801121711730957,15.236166000366211,19.191801071166992
2023-11-07,21,6.0214729309082031,7.8394355773925781,9.1769866943359375,10.422111511230469,11.657129287719727,13.004438400268555,14.556507110595703,16.61834716796875,19.931079864501953,6.0214729309082031,11.657129287719727,15.587427139282227,19.931079864501953
2023-11-07,35,9.5359401702880859,11.645792007446289,13.282207489013672,14.808231353759766,16.310653686523438,17.937828063964844,19.768077850341797,22.195213317871094,26.234806060791016,9.5359401702880859,16.310653686523438,20.981645584106445,26.234806060791016
2023-11-07,82,6.9888286590576172,8.2745065689086914,9.2389297485351562,10.105613708496094,10.950113296508789,11.881270408630371,13.014554977416992,14.627628326416016,17.479900360107422,6.9888286590576172,10.950113296508789,13.821091651916504,17.479900360107422
2023-11-08,11,4.1390552520751953,4.904301643371582,5.4999485015869141,6.078770637512207,6.6814069747924805,7.3626918792724609,8.1818122863769531,9.2894840240478516,11.1837158203125,4.1390552520751953,6.6814069747924805,8.7356481552124023,11.1837158203125
2023-11-08,12,1.8747463226318359,2.6803789138793945,3.2775812149047852,3.8279461860656738,4.3817610740661621,5.0062179565429688,5.759584903717041,6.7738828659057617,8.4461774826049805,1.8747463226318359,4.3817610740661621,6.2667341232299805,8.4461774826049805
2023-11-08,13,6.49188232421875,7.991520881652832,9.0949716567993164,10.101663589477539,11.119538307189941,12.250974655151367,13.597740173339844,15.382600784301758,18.343570709228516,6.49188232421875,11.119538307189941,14.490170478820801,18.343570709228516
2023-11-08,21,5.7207126617431641,7.4229793548583984,8.6940689086914062,9.860774040222168,11.017045974731445,12.298405647277832,13.803415298461914,15.785639762878418,18.972511291503906,5.7207126617431641,11.017045974731445,14.794527053833008,18.972511291503906
2023-11-08,82,5.6029605865478516,6.6220760345458984,7.376072883605957,8.0684843063354492,8.7686882019042969,9.5801515579223633,10.597869873046875,12.072772026062012,14.740073204040527,5.6029605865478516,8.7686882019042969,11.335321426391602,14.740073204040527
2023-11-09,11,3.9731788635253906,4.75830078125,5.3688125610351562,5.9592905044555664,6.5759963989257812,7.2705917358398438,8.107670783996582,9.2278652191162109,11.165487289428711,3.9731788635253906,6.5759963989257812,8.6677684783935547,11.165487289428711
2023-11-09,12,1.564885139465332,2.3538036346435547,2.9442949295043945,3.4979104995727539,4.0539374351501465,4.6872091293334961,5.4468426704406738,6.4751687049865723,8.171177864074707,1.564885139465332,4.0539374351501465,5.961005687713623,8.171177864074707
2023-11-09,13,4.6931953430175781,5.9632186889648438,6.9161911010742188,7.7946043014526367,8.7139778137207031,9.7552032470703125,11.031907081604004,12.751914024353027,15.604701995849609,4.6931953430175781,8.7139778137207031,11.891910552978516,15.604701995849609
2023-11-09,21,3.7321262359619141,5.2024059295654297,6.3020515441894531,7.3088951110839844,8.3369636535644531,9.5043373107910156,10.917213439941406,12.818429946899414,15.899291038513184,3.7321262359619141,8.3369636535644531,11.86782169342041,15.899291038513184
2023-11-09,35,9.3954677581787109,11.410335540771484,12.957746505737305,14.402299880981445,15.860763549804688,17.475440979003906,19.381580352783203,21.920116424560547,26.136787414550781,9.3954677581787109,15.860763549804688,20.650848388671875,26.136787414550781
2023-11-09,82,5.6733293533325195,6.521519660949707,7.1346006393432617,7.7083215713500977,8.2910575866699219,8.9664478302001953,9.8014049530029297,11.015089988708496,13.302820205688477,5.6733293533325195,8.2910575866699219,10.408246994018555,13.302820205688477
2023-11-10,11,3.4006233215332031,4.0831756591796875,4.6190910339355469,5.1456031799316406,5.702967643737793,6.3303308486938477,7.0838661193847656,8.1075382232666016,9.8923225402832031,3.4006233215332031,5.702967643737793,7.5957021713256836,9.8923225402832031
2023-11-10,12,1.5930843353271484,2.3890914916992188,3.0004644393920898,3.577357292175293,4.1671953201293945,4.8224620819091797,5.5976366996765137,6.6431417465209961,8.384979248046875,1.5930843353271484,4.1671953201293945,6.1203889846801758,8.384979248046875
2023-11-10,13,2.7909603118896484,4.1907157897949219,5.2597923278808594,6.253204345703125,7.2716865539550781,8.3691778182983398,9.6620244979858398,11.392910957336426,14.2783203125,2.7909603118896484,7.2716865539550781,10.527467727661133,14.2783203125
2023-11-10,21,2.9712543487548828,4.4980335235595703,5.6705894470214844,6.7493343353271484,7.8411064147949219,9.0148258209228516,10.372848510742188,12.183053016662598,15.15778636932373,2.9712543487548828,7.8411064147949219,11.277950286865234,15.15778636932373
2023-11-10,35,7.1870460510253906,9.0499324798583984,10.4649658203125,11.803007125854492,13.177217483520508,14.732481002807617,16.565200805664062,19.023387908935547,23.160440444946289,7.1870460510253906,13.177217483520508,17.794294357299805,23.160440444946289
2023-11-10,82,5.2806949615478516,6.1441059112548828,6.7655038833618164,7.3448238372802734,7.935272216796875,8.6078901290893555,9.4341402053833008,10.620749473571777,12.858049392700195,5.2806949615478516,7.935272216796875,10.027444839477539,12.858049392700195
2023-11-11,11,3.9634733200073242,4.8309593200683594,5.518153190612793,6.1639213562011719,6.8374252319335938,7.5576009750366211,8.3888416290283203,9.4855127334594727,11.37095832824707,3.9634733200073242,6.8374252319335938,8.9371776580810547,11.37095832824707
2023-11-11,13,2.5782527923583984,3.8375167846679688,4.8050212860107422,5.7044124603271484,6.6323623657226562,7.6361675262451172,8.8232231140136719,10.392614364624023,12.971660614013672,2.5782527923583984,6.6323623657226562,9.6079187393188477,12.971660614013672
2023-11-11,21,3.3193073272705078,4.9564113616943359,6.2127151489257812,7.3608913421630859,8.5303955078125,9.7805719375610352,11.218080520629883,13.105652809143066,16.174188613891602,3.3193073272705078,8.5303955078125,12.161867141723633,16.174188613891602
2023-11-11,35,5.9731769561767578,7.4218883514404297,8.5424003601074219,9.6321792602539062,10.802581787109375,12.175291061401367,13.845109939575195,16.133523941040039,20.039623260498047,5.9731769561767578,10.802581787109375,14.989316940307617,20.039623260498047
2023-11-11,82,4.6521511077880859,5.3900432586669922,5.9217414855957031,6.4264116287231445,6.9573211669921875,7.5806245803833008,8.3735361099243164,9.5177717208862305,11.623065948486328,4.6521511077880859,6.9573211669921875,8.9456539154052734,11.623065948486328
2023-11-12,11,3.3538703918457031,4.0901222229003906,4.6630964279174805,5.1969451904296875,5.766575813293457,6.3988580703735352,7.1533069610595703,8.1714162826538086,9.9523582458496094,3.3538703918457031,5.766575813293457,7.6623616218566895,9.9523582458496094
2023-11-12,12,1.2956714630126953,2.0935029983520508,2.7139883041381836,3.2930746078491211,3.8834285736083984,4.531343936920166,5.2882766723632812,6.3004946708679199,7.9861860275268555,1.2956714630126953,3.8834285736083984,5.7943859100341797,7.9861860275268555
2023-11-12,13,3.8157844543457031,5.0616970062255859,6.0114898681640625,6.8936023712158203,7.8171119689941406,8.8281183242797852,10.009181022644043,11.563482284545898,14.128579139709473,3.8157844543457031,7.8171119689941406,10.786331176757812,14.128579139709473
2023-11-12,21,3.8514842987060547,5.6294116973876953,6.9619617462158203,8.1751461029052734,9.3954153060913086,10.70428466796875,12.213011741638184,14.183065414428711,17.366424560546875,3.8514842987060547,9.3954153060913086,13.198038101196289,17.366424560546875
2023-11-12,35,5.4482345581054688,6.8265037536621094,7.9014091491699219,8.9522571563720703,10.082902908325195,11.407377243041992,13.035547256469727,15.273500442504883,19.127761840820312,5.4482345581054688,10.082902908325195,14.154523849487305,19.127761840820312
2023-11-12,82,4.6474704742431641,5.3347139358520508,5.8249282836914062,6.2932214736938477,6.7901344299316406,7.3727664947509766,8.106353759765625,9.1689233779907227,11.158219337463379,4.6474704742431641,6.7901344299316406,8.6376380920410156,11.158219337463379
2023-11-13,11,4.1024208068847656,4.8285427093505859,5.3773555755615234,5.9024362564086914,6.4692564010620117,7.1256933212280273,7.9198684692382812,9.0120630264282227,10.964045524597168,4.1024208068847656,6.4692564010620117,8.4659652709960938,10.964045524597168
2023-11-13,12,2.4552221298217773,3.5366826057434082,4.3440432548522949,5.0819048881530762,5.8069429397583008,6.5927376747131348,7.491999626159668,8.6792163848876953,10.635841369628906,2.4552221298217773,5.8069429397583008,8.0856075286865234,10.635841369628906
2023-11-13,13,4.9798469543457031,6.3219947814941406,7.3071222305297852,8.2342910766601562,9.1866664886474609,10.264484405517578,11.530253410339355,13.24244213104248,16.134828567504883,4.9798469543457031,9.1866664886474609,12.386347770690918,16.134828567504883
2023-11-13,21,5.8728351593017578,7.4918098449707031,8.6543121337890625,9.7400045394897461,10.830327987670898,12.06196403503418,13.512521743774414,15.452377319335938,18.654304504394531,5.8728351593017578,10.830327987670898,14.482449531555176,18.654304504394531
2023-11-13,35,6.0207309722900391,7.4109516143798828,8.4714851379394531,9.5133857727050781,10.622703552246094,11.945745468139648,13.539358139038086,15.717136383056641,19.530967712402344,6.0207309722900391,10.622703552246094,14.628247261047363,19.530967712402344
2023-11-13,82,4.9294033050537109,5.6937541961669922,6.2407865524291992,6.7696495056152344,7.314788818359375,7.9475536346435547,8.7216958999633789,9.8032207489013672,11.772730827331543,4.9294033050537109,7.314788818359375,9.2624588012695312,11.772730827331543
2023-11-14,11,3.935765266418457,4.6512451171875,5.1867494583129883,5.6936912536621094,6.2345848083496094,6.8784694671630859,7.6615571975708008,8.756535530090332,10.711138725280762,3.935765266418457,6.2345848083496094,8.2090463638305664,10.711138725280762
2023-11-14,12,2.3639640808105469,3.2430763244628906,3.8812785148620605,4.4586448669433594,5.0378942489624023,5.6964907646179199,6.478126049041748,7.5489721298217773,9.3649654388427734,2.3639640808105469,5.0378942489624023,7.0135488510131836,9.3649654388427734
2023-11-14,13,4.7287883758544922,5.9390640258789062,6.8083877563476562,7.629460334777832,8.4801931381225586,9.4874353408813477,10.711174011230469,12.382722854614258,15.26055908203125,4.7287883758544922,8.4801931381225586,11.546948432922363,15.26055908203125
2023-11-14,21,3.8109703063964844,5.0122890472412109,5.8456783294677734,6.62615966796875,7.4462108612060547,8.4466266632080078,9.6985177993774414,11.433075904846191,14.346467971801758,3.8109703063964844,7.4462108612060547,10.565796852111816,14.346467971801758
2023-11-14,35,6.4610061645507812,7.7857418060302734,8.8163661956787109,9.8449497222900391,10.941112518310547,12.264875411987305,13.866142272949219,16.085353851318359,19.983455657958984,6.4610061645507812,10.941112518310547,14.975748062133789,19.983455657958984
2023-11-14,82,5.5315647125244141,6.4671955108642578,7.1420955657958984,7.778717041015625,8.4169063568115234,9.1358118057250977,9.9833688735961914,11.14854907989502,13.247871398925781,5.5315647125244141,8.4169063568115234,10.565958976745605,13.247871398925781
2023-11-15,11,3.9228105545043945,4.6931304931640625,5.2849817276000977,5.845637321472168,6.4357881546020508,7.1213397979736328,7.9484291076660156,9.0936460494995117,11.116449356079102,3.9228105545043945,6.4357881546020508,8.5210380554199219,11.116449356079102
2023-11-15,12,1.975214958190918,2.8049564361572266,3.4192113876342773,3.9747395515441895,4.5346941947937012,5.17462158203125,5.9424962997436523,6.995030403137207,8.7764968872070312,1.975214958190918,4.5346941947937012,6.4687633514404297,8.7764968872070312
2023-11-15,13,3.8853569030761719,5.0757465362548828,5.9677257537841797,6.7858552932739258,7.6386566162109375,8.6493606567382812,9.897273063659668,11.600469589233398,14.494346618652344,3.8853569030761719,7.6386566162109375,10.748870849609375,14.494346618652344
2023-11-15,21,4.2099571228027344,5.5277328491210938,6.4911251068115234,7.3722019195556641,8.2886085510253906,9.3867340087890625,10.743447303771973,12.616769790649414,15.745567321777344,4.2099571228027344,8.2886085510253906,11.680109024047852,15.745567321777344
2023-11-15,35,5.6145839691162109,6.9289093017578125,7.9863300323486328,9.0251274108886719,10.136508941650391,11.47327995300293,13.113286972045898,15.421249389648438,19.428512573242188,5.6145839691162109,10.136508941650391,14.267268180847168,19.428512573242188
2023-11-15,82,4.5543613433837891,5.1128273010253906,5.5144186019897461,5.922001838684082,6.3682460784912109,6.9194469451904297,7.6127214431762695,8.6302919387817383,10.505246162414551,4.5543613433837891,6.3682460784912109,8.1215066909790039,10.505246162414551
2023-11-17,11,3.4742918014526367,4.3720216751098633,5.1031427383422852,5.8057699203491211,6.5500087738037109,7.3804826736450195,8.36212158203125,9.6758708953857422,11.927167892456055,3.4742918014526367,6.5500087738037109,9.0189962387084961,11.927167892456055
2023-11-17,12,1.5693082809448242,2.5108861923217773,3.2412948608398438,3.914118766784668,4.5973405838012695,5.3593626022338867,6.2648429870605469,7.488337516784668,9.5166540145874023,1.5693082809448242,4.5973405838012695,6.8765902519226074,9.5166540145874023
2023-11-17,13,1.7970409393310547,3.1812114715576172,4.2775020599365234,5.3022041320800781,6.3902225494384766,7.5887994766235352,8.9985160827636719,10.908940315246582,14.093688011169434,1.7970409393310547,6.3902225494384766,9.9537277221679688,14.093688011169434
2023-11-17,21,2.401275634765625,3.9233627319335938,5.1315097808837891,6.2461071014404297,7.3902263641357422,8.6282501220703125,10.059343338012695,11.963639259338379,15.050532341003418,2.401275634765625,7.3902263641357422,11.011491775512695,15.050532341003418
2023-11-17,35,4.3731555938720703,6.0618762969970703,7.3945598602294922,8.6899890899658203,10.063264846801758,11.657917022705078,13.522405624389648,16.044601440429688,20.250431060791016,4.3731555938720703,10.063264846801758,14.783503532409668,20.250431060791016
2023-11-17,82,4.4575014114379883,5.0983209609985352,5.5667295455932617,6.0185012817382812,6.5144243240356445,7.1440162658691406,7.957921028137207,9.1519689559936523,11.354175567626953,4.4575014114379883,6.5144243240356445,8.5549449920654297,11.354175567626953
2023-11-18,11,3.0736942291259766,3.8213262557983398,4.4417505264282227,5.0536947250366211,5.7210474014282227,6.4798116683959961,7.3955535888671875,8.633213996887207,10.768348693847656,3.0736942291259766,5.7210474014282227,8.0143833160400391,10.768348693847656
2023-11-18,12,1.402888298034668,2.34088134765625,3.1021156311035156,3.8127455711364746,4.5516586303710938,5.357698917388916,6.3056573867797852,7.5769948959350586,9.6859855651855469,1.402888298034668,4.5516586303710938,6.9413261413574219,9.6859855651855469
2023-11-18,13,2.4582481384277344,3.9682826995849609,5.1742286682128906,6.3061790466308594,7.4877281188964844,8.7733116149902344,10.266711235046387,12.265711784362793,15.614505767822266,2.4582481384277344,7.4877281188964844,11.26621150970459,15.614505767822266
2023-11-18,21,2.7908687591552734,4.4125499725341797,5.6927680969238281,6.8770275115966797,8.1078815460205078,9.4310293197631836,10.968300819396973,12.97368335723877,16.218358993530273,2.7908687591552734,8.1078815460205078,11.970992088317871,16.218358993530273
2023-11-18,35,3.9658107757568359,5.6039867401123047,6.8993930816650391,8.1661605834960938,9.5332012176513672,11.176733016967773,13.196781158447266,16.005609512329102,20.791419982910156,3.9658107757568359,9.5332012176513672,14.601195335388184,20.791419982910156
2023-11-18,82,3.2914543151855469,3.8818502426147461,4.3101358413696289,4.7219762802124023,5.1695146560668945,5.7209739685058594,6.4228172302246094,7.4498271942138672,9.341461181640625,3.2914543151855469,5.1695146560668945,6.9363222122192383,9.341461181640625
2023-11-19,11,3.1950597763061523,3.9089279174804688,4.4997568130493164,5.089961051940918,5.7359523773193359,6.4701690673828125,7.3546819686889648,8.5425348281860352,10.602910041809082,3.1950597763061523,5.7359523773193359,7.9486083984375,10.602910041809082
2023-11-19,12,1.8600864410400391,2.8134069442749023,3.5768518447875977,4.2967081069946289,5.0382122993469238,5.8453669548034668,6.7856898307800293,8.0430068969726562,10.10935115814209,1.8600864410400391,5.0382122993469238,7.4143486022949219,10.10935115814209
2023-11-19,13,4.1183624267578125,5.5808181762695312,6.7471389770507812,7.8826942443847656,9.0956611633300781,10.497825622558594,12.220477104187012,14.614629745483398,18.600046157836914,4.1183624267578125,9.0956611633300781,13.417552947998047,18.600046157836914
2023-11-19,21,4.8206596374511719,6.4146366119384766,7.6578807830810547,8.8542890548706055,10.101262092590332,11.466768264770508,13.059232711791992,15.178706169128418,18.652584075927734,4.8206596374511719,10.101262092590332,14.118968963623047,18.652584075927734
2023-11-19,35,5.3863410949707031,6.9105625152587891,8.1296310424804688,9.3353672027587891,10.62567138671875,12.178773880004883,14.077486038208008,16.710634231567383,21.224334716796875,5.3863410949707031,10.62567138671875,15.394060134887695,21.224334716796875
2023-11-19,82,4.1092824935913086,4.8142032623291016,5.3449478149414062,5.8924455642700195,6.4971628189086914,7.2566375732421875,8.2401657104492188,9.6722955703735352,12.247389793395996,4.1092824935913086,6.4971628189086914,8.9562301635742188,12.247389793395996
2023-11-20,11,3.2733802795410156,3.9574794769287109,4.5220088958740234,5.0887680053710938,5.7233953475952148,6.4648637771606445,7.3625602722167969,8.5900201797485352,10.763174057006836,3.2733802795410156,5.7233953475952148,7.976290225982666,10.763174057006836
2023-11-20,12,2.2592678070068359,3.2093009948730469,3.9302139282226562,4.6019415855407715,5.2900452613830566,6.0530457496643066,6.9492292404174805,8.1547069549560547,10.14848804473877,2.2592678070068359,5.2900452613830566,7.5519680976867676,10.14848804473877
2023-11-20,13,4.8603687286376953,6.1145210266113281,7.0351648330688477,7.9263286590576172,8.8917694091796875,10.064888954162598,11.534929275512695,13.614686965942383,17.174398422241211,4.8603687286376953,8.8917694091796875,12.574808120727539,17.174398422241211
2023-11-20,21,6.2018089294433594,7.6304092407226562,8.6687898635864258,9.6731014251708984,10.733098983764648,11.974919319152832,13.460320472717285,15.486408233642578,18.891040802001953,6.2018089294433594,10.733098983764648,14.473363876342773,18.891040802001953
2023-11-20,35,5.0666599273681641,6.3245220184326172,7.3083744049072266,8.2932567596435547,9.3758487701416016,10.702901840209961,12.31590461730957,14.586311340332031,18.576992034912109,5.0666599273681641,9.3758487701416016,13.451107978820801,18.576992034912109
2023-11-20,82,4.4215316772460938,5.1277122497558594,5.6576862335205078,6.2032041549682617,6.8002824783325195,7.5463771820068359,8.4993553161621094,9.8836507797241211,12.396389007568359,4.4215316772460938,6.8002824783325195,9.1915035247802734,12.396389007568359
2023-11-21,11,2.637721061706543,3.2361040115356445,3.7120122909545898,4.1884889602661133,4.7187385559082031,5.3378362655639648,6.1032676696777344,7.1943330764770508,9.2053279876708984,2.637721061706543,4.7187385559082031,6.6488003730773926,9.2053279876708984
2023-11-21,12,2.3439159393310547,3.121678352355957,3.7013378143310547,4.2405486106872559,4.8030681610107422,5.4403924942016602,6.1965842247009277,7.2328214645385742,8.9851894378662109,2.3439159393310547,4.8030681610107422,6.7147026062011719,8.9851894378662109
2023-11-21,13,5.0137786865234375,6.1348705291748047,6.9551191329956055,7.7594566345214844,8.6563863754272461,9.7732381820678711,11.199015617370605,13.23308277130127,16.779632568359375,5.0137786865234375,8.6563863754272461,12.216049194335938,16.779632568359375
2023-11-21,21,5.4014453887939453,6.3988494873046875,7.0914363861083984,7.7819747924804688,8.5604038238525391,9.5641746520996094,10.842105865478516,12.645700454711914,15.781352043151855,5.4014453887939453,8.5604038238525391,11.743903160095215,15.781352043151855
2023-11-21,35,5.5077800750732422,6.6781082153320312,7.6080913543701172,8.5533027648925781,9.5930328369140625,10.872257232666016,12.471580505371094,14.761863708496094,18.818571090698242,5.5077800750732422,9.5930328369140625,13.616722106933594,18.818571090698242
2023-11-21,82,4.4296045303344727,5.0159730911254883,5.4313344955444336,5.8592071533203125,6.3328351974487305,6.9480171203613281,7.7685136795043945,8.9935131072998047,11.257896423339844,4.4296045303344727,6.3328351974487305,8.3810138702392578,11.257896423339844
2023-11-22,11,2.6387128829956055,3.2390642166137695,3.7188625335693359,4.2052583694458008,4.7438631057739258,5.3870954513549805,6.1891727447509766,7.3278570175170898,9.4212617874145508,2.6387128829956055,4.7438631057739258,6.7585148811340332,9.4212617874145508
2023-11-22,12,2.1141424179077148,2.831146240234375,3.3684630393981934,3.8628945350646973,4.382075309753418,4.9775238037109375,5.6918878555297852,6.6686911582946777,8.3366279602050781,2.1141424179077148,4.382075309753418,6.1802892684936523,8.3366279602050781
2023-11-22,13,4.9107131958007812,5.8682746887207031,6.5731964111328125,7.2626371383666992,8.0314168930053711,9.000762939453125,10.254556655883789,12.046374320983887,15.235952377319336,4.9107131958007812,8.0314168930053711,11.15046501159668,15.235952377319336
2023-11-22,21,4.6088123321533203,5.6544208526611328,6.4165439605712891,7.1505317687988281,7.9457912445068359,8.9386119842529297,10.212921142578125,11.997743606567383,15.106293678283691,4.6088123321533203,7.9457912445068359,11.105332374572754,15.106293678283691
2023-11-22,35,6.2203788757324219,7.2608909606933594,8.0915756225585938,8.9401645660400391,9.8595199584960938,10.99363899230957,12.424060821533203,14.488824844360352,18.222713470458984,6.2203788757324219,9.8595199584960938,13.456442832946777,18.222713470458984
2023-11-22,82,4.412877082824707,5.0678529739379883,5.5328741073608398,6.001133918762207,6.500920295715332,7.1249847412109375,7.9393186569213867,9.1254920959472656,11.31503963470459,4.412877082824707,6.500920295715332,8.5324058532714844,11.31503963470459
2023-11-23,11,3.2359609603881836,3.7692432403564453,4.2057514190673828,4.6562271118164062,5.1457242965698242,5.7304525375366211,6.4441661834716797,7.446476936340332,9.3002023696899414,3.2359609603881836,5.1457242965698242,6.9453215599060059,9.3002023696899414
2023-11-23,12,2.1596975326538086,2.8847179412841797,3.4404468536376953,3.9558134078979492,4.4957852363586426,5.1088266372680664,5.8420476913452148,6.8293447494506836,8.4915618896484375,2.1596975326538086,4.4957852363586426,6.3356962203979492,8.4915618896484375
2023-11-23,13,4.5281696319580078,5.5594005584716797,6.3680286407470703,7.1524724960327148,7.9900884628295898,8.9643077850341797,10.177333831787109,11.863682746887207,14.788541793823242,4.5281696319580078,7.9900884628295898,11.0205078125,14.788541793823242
2023-11-23,21,4.4400882720947266,5.7303466796875,6.7178115844726562,7.6697959899902344,8.6620931625366211,9.8426408767700195,11.290400505065918,13.27830696105957,16.651140213012695,4.4400882720947266,8.6620931625366211,12.284353256225586,16.651140213012695
2023-11-23,35,6.8739719390869141,8.1856212615966797,9.2686977386474609,10.409284591674805,11.656293869018555,13.234262466430664,15.290571212768555,18.247785568237305,23.398353576660156,6.8739719390869141,11.656293869018555,16.76917839050293,23.398353576660156
2023-11-23,82,4.8426523208618164,5.5408124923706055,6.035369873046875,6.5166921615600586,7.0133762359619141,7.6245536804199219,8.417724609375,9.5603427886962891,11.682706832885742,4.8426523208618164,7.0133762359619141,8.9890336990356445,11.682706832885742
2023-11-24,11,2.8958034515380859,3.4340438842773438,3.8785982131958008,4.3273563385009766,4.8134088516235352,5.3829984664916992,6.0727128982543945,7.0288105010986328,8.7252101898193359,2.8958034515380859,4.8134088516235352,6.5507616996765137,8.7252101898193359
2023-11-24,12,1.7196798324584961,2.419072151184082,2.9657974243164062,3.4694714546203613,3.992185115814209,4.5715222358703613,5.2501254081726074,6.1553525924682617,7.6569008827209473,1.7196798324584961,3.992185115814209,5.7027387619018555,7.6569008827209473
2023-11-24,13,4.3270034790039062,5.3566112518310547,6.1914043426513672,7.0050325393676758,7.8643083572387695,8.8181467056274414,9.9561243057250977,11.50187873840332,14.127239227294922,4.3270034790039062,7.8643083572387695,10.729001998901367,14.127239227294922
2023-11-24,21,2.9549427032470703,4.2672557830810547,5.3251705169677734,6.3384227752685547,7.3691806793212891,8.5031242370605469,9.792790412902832,11.517365455627441,14.388132095336914,2.9549427032470703,7.3691806793212891,10.655077934265137,14.388132095336914
2023-11-24,35,6.2998695373535156,7.31640625,8.1204032897949219,8.9516735076904297,9.8521766662597656,10.955984115600586,12.358684539794922,14.366537094116211,17.914779663085938,6.2998695373535156,9.8521766662597656,13.362610816955566,17.914779663085938
2023-11-24,82,4.194483757019043,4.7045364379882812,5.0657978057861328,5.4298763275146484,5.8230428695678711,6.3209056854248047,6.9831218719482422,7.9697475433349609,9.8265132904052734,4.194483757019043,5.8230428695678711,7.4764347076416016,9.8265132904052734
2023-11-25,11,3.216984748840332,3.9071359634399414,4.4590063095092773,4.9936447143554688,5.5685596466064453,6.2375421524047852,7.0537338256835938,8.1520376205444336,10.070182800292969,3.216984748840332,5.5685596466064453,7.6028857231140137,10.070182800292969
2023-11-25,12,2.1947765350341797,3.2856588363647461,4.1351866722106934,4.906193733215332,5.6701564788818359,6.4665622711181641,7.3582477569580078,8.5055999755859375,10.356288909912109,2.1947765350341797,5.6701564788818359,7.9319238662719727,10.356288909912109
2023-11-25,13,4.7096157073974609,5.8511638641357422,6.7633686065673828,7.6279897689819336,8.5617561340332031,9.588043212890625,10.78092098236084,12.358831405639648,15.016741752624512,4.7096157073974609,8.5617561340332031,11.569875717163086,15.016741752624512
2023-11-25,21,2.9259529113769531,4.4322948455810547,5.6394100189208984,6.7681102752685547,7.9293022155761719,9.1709489822387695,10.578594207763672,12.406551361083984,15.353170394897461,2.9259529113769531,7.9293022155761719,11.492572784423828,15.353170394897461
2023-11-25,35,6.1453781127929688,7.1862049102783203,8.0024547576904297,8.798919677734375,9.6661014556884766,10.700004577636719,12.018257141113281,13.904937744140625,17.260318756103516,6.1453781127929688,9.6661014556884766,12.961597442626953,17.260318756103516
2023-11-25,82,4.5747556686401367,5.0893793106079102,5.4636497497558594,5.8357391357421875,6.2366971969604492,6.722050666809082,7.3437652587890625,8.256169319152832,9.9892978668212891,4.5747556686401367,6.2366971969604492,7.7999672889709473,9.9892978668212891
2023-11-26,11,3.5038728713989258,4.320225715637207,4.9743785858154297,5.6047029495239258,6.2693862915039062,7.0217409133911133,7.9191837310791016,9.1207904815673828,11.208600997924805,3.5038728713989258,6.2693862915039062,8.5199871063232422,11.208600997924805
2023-11-26,12,2.7522563934326172,3.8339166641235352,4.6781959533691406,5.4491629600524902,6.2122588157653809,7.0093069076538086,7.8946647644042969,9.0342836380004883,10.87529182434082,2.7522563934326172,6.2122588157653809,8.4644737243652344,10.87529182434082
2023-11-26,13,5.3945808410644531,6.6792497634887695,7.6600742340087891,8.5763111114501953,9.5608234405517578,10.646564483642578,11.904387474060059,13.585551261901855,16.438442230224609,5.3945808410644531,9.5608234405517578,12.744969367980957,16.438442230224609
2023-11-26,21,4.6754856109619141,6.1748619079589844,7.332550048828125,8.422821044921875,9.5645618438720703,10.844289779663086,12.348184585571289,14.344301223754883,17.635829925537109,4.6754856109619141,9.5645618438720703,13.346242904663086,17.635829925537109
2023-11-26,35,5.5301074981689453,6.5920524597167969,7.4217491149902344,8.2333698272705078,9.1258563995361328,10.18889045715332,11.517608642578125,13.391550064086914,16.673324584960938,5.5301074981689453,9.1258563995361328,12.45457935333252,16.673324584960938
2023-11-26,82,4.4249963760375977,4.9540681838989258,5.3534002304077148,5.7505521774291992,6.1823959350585938,6.7001552581787109,7.3364753723144531,8.2530078887939453,9.9724512100219727,4.4249963760375977,6.1823959350585938,7.7947416305541992,9.9724512100219727
2023-11-27,11,3.79150390625,4.5827980041503906,5.1719045639038086,5.7377262115478516,6.3344964981079102,7.0335988998413086,7.8816099166870117,9.03533935546875,11.093343734741211,3.79150390625,6.3344964981079102,8.4584751129150391,11.093343734741211
2023-11-27,12,3.1509609222412109,4.2586455345153809,5.0936298370361328,5.8481335639953613,6.5966081619262695,7.3922004699707031,8.2905759811401367,9.4614105224609375,11.369137763977051,3.1509609222412109,6.5966081619262695,8.8759937286376953,11.369137763977051
2023-11-27,13,5.5267124176025391,6.6458587646484375,7.4367494583129883,8.1654596328735352,8.9524946212768555,9.8966884613037109,11.053665161132812,12.65513801574707,15.407522201538086,5.5267124176025391,8.9524946212768555,11.854401588439941,15.407522201538086
2023-11-27,21,6.958892822265625,8.3830232620239258,9.3762073516845703,10.302026748657227,11.273410797119141,12.444071769714355,13.884767532348633,15.867464065551758,19.217441558837891,6.958892822265625,11.273410797119141,14.876115798950195,19.217441558837891
2023-11-27,35,6.3522129058837891,7.3493900299072266,8.1320457458496094,8.923736572265625,9.8037395477294922,10.887786865234375,12.239540100097656,14.132768630981445,17.4735107421875,6.3522129058837891,9.8037395477294922,13.186154365539551,17.4735107421875
2023-11-27,82,4.7348346710205078,5.2276496887207031,5.5761013031005859,5.9337596893310547,6.3253746032714844,6.8091259002685547,7.4111843109130859,8.2990016937255859,10.030221939086914,4.7348346710205078,6.3253746032714844,7.8550930023193359,10.030221939086914
2023-11-28,11,4.0369386672973633,4.8984289169311523,5.5255985260009766,6.1212882995605469,6.7461690902709961,7.4740676879882812,8.3729419708251953,9.6009635925292969,11.806103706359863,4.0369386672973633,6.7461690902709961,8.9869527816772461,11.806103706359863
2023-11-28,12,2.2573633193969727,3.0730266571044922,3.6599607467651367,4.1914529800415039,4.7414183616638184,5.3792462348937988,6.160822868347168,7.2267770767211914,9.0297346115112305,2.2573633193969727,4.7414183616638184,6.6937999725341797,9.0297346115112305
2023-11-28,13,5.8388137817382812,6.8224353790283203,7.4809598922729492,8.0774621963500977,8.7237548828125,9.5348272323608398,10.581010818481445,12.045639038085938,14.648601531982422,5.8388137817382812,8.7237548828125,11.313324928283691,14.648601531982422
2023-11-28,21,6.3674411773681641,7.4474811553955078,8.1306476593017578,8.7621307373046875,9.455078125,10.382415771484375,11.621691703796387,13.385534286499023,16.499959945678711,6.3674411773681641,9.455078125,12.503612518310547,16.499959945678711
2023-11-28,35,4.8780708312988281,5.9059982299804688,6.6724567413330078,7.4134292602539062,8.2177619934082031,9.2099933624267578,10.473146438598633,12.282062530517578,15.603244781494141,4.8780708312988281,8.2177619934082031,11.377604484558105,15.603244781494141
2023-11-28,82,3.660496711730957,4.1182060241699219,4.4328422546386719,4.7461700439453125,5.0732593536376953,5.4881477355957031,6.0388879776000977,6.8717689514160156,8.5170383453369141,3.660496711730957,5.0732593536376953,6.4553284645080566,8.5170383453369141
2023-11-29,11,4.0287609100341797,4.9105606079101562,5.5367870330810547,6.1211137771606445,6.7331628799438477,7.4501857757568359,8.3554592132568359,9.6074161529541016,11.887177467346191,4.0287609100341797,6.7331628799438477,8.9814376831054688,11.887177467346191
2023-11-29,12,2.7787590026855469,3.864006519317627,4.6672143936157227,5.3824214935302734,6.0909938812255859,6.8661580085754395,7.7830095291137695,8.9867172241210938,10.964417457580566,2.7787590026855469,6.0909938812255859,8.3848628997802734,10.964417457580566
2023-11-29,13,5.1446323394775391,6.0971031188964844,6.7469882965087891,7.3118295669555664,7.9238357543945312,8.6930599212646484,9.7037010192871094,11.13274097442627,13.681614875793457,5.1446323394775391,7.9238357543945312,10.418220520019531,13.681614875793457
2023-11-29,21,4.9734306335449219,6.1012802124023438,6.8676166534423828,7.5355796813964844,8.2304248809814453,9.1103906631469727,10.291799545288086,11.968619346618652,14.904416084289551,4.9734306335449219,8.2304248809814453,11.130208969116211,14.904416084289551
2023-11-29,35,3.9137763977050781,4.9897098541259766,5.7962818145751953,6.5672416687011719,7.4028682708740234,8.4407119750976562,9.7783260345458984,11.692043304443359,15.201061248779297,3.9137763977050781,7.4028682708740234,10.735184669494629,15.201061248779297
2023-11-29,82,3.6579818725585938,4.1375446319580078,4.4751863479614258,4.8119497299194336,5.1544046401977539,5.5933170318603516,6.1883020401000977,7.0813484191894531,8.8193464279174805,3.6579818725585938,5.1544046401977539,6.6348252296447754,8.8193464279174805
2023-11-30,11,4.2956104278564453,5.32574462890625,6.0805463790893555,6.7775354385375977,7.4853448867797852,8.28704833984375,9.2711143493652344,10.603433609008789,12.99874210357666,4.2956104278564453,7.4853448867797852,9.9372739791870117,12.99874210357666
2023-11-30,12,2.8173103332519531,3.8500914573669434,4.6231379508972168,5.304955005645752,5.975799560546875,6.7072973251342773,7.5653934478759766,8.6958332061767578,10.578737258911133,2.8173103332519531,5.975799560546875,8.1306133270263672,10.578737258911133
2023-11-30,13,4.8410797119140625,5.9007797241210938,6.6639986038208008,7.3226842880249023,7.9952297210693359,8.7709579467773438,9.738642692565918,11.068346977233887,13.384902000427246,4.8410797119140625,7.9952297210693359,10.403494834899902,13.384902000427246
2023-11-30,21,4.7979183197021484,6.0775661468505859,7.0276393890380859,7.8784732818603516,8.7471475601196289,9.7659063339233398,11.041313171386719,12.790502548217773,15.805056571960449,4.7979183197021484,8.7471475601196289,11.915907859802246,15.805056571960449
2023-11-30,35,4.5086688995361328,5.6523704528808594,6.5334968566894531,7.3747653961181641,8.2707061767578125,9.3683319091796875,10.755403518676758,12.703758239746094,16.237613677978516,4.5086688995361328,8.2707061767578125,11.729580879211426,16.237613677978516
2023-11-30,82,4.054347038269043,4.5536317825317383,4.9034214019775391,5.2437410354614258,5.5910177230834961,6.0313873291015625,6.619725227355957,7.4988231658935547,9.2186002731323242,4.054347038269043,5.5910177230834961,7.0592741966247559,9.2186002731323242
2023-12-01,11,3.8053016662597656,4.7750244140625,5.5030908584594727,6.1723432540893555,6.8535385131835938,7.6107988357543945,8.52105712890625,9.750732421875,11.958598136901855,3.8053016662597656,6.8535385131835938,9.135894775390625,11.958598136901855
2023-12-01,12,2.2705650329589844,3.1984562873840332,3.8970685005187988,4.5216517448425293,5.1476335525512695,5.8367190361022949,6.6476068496704102,7.7254204750061035,9.5214195251464844,2.2705650329589844,5.1476335525512695,7.1865139007568359,9.5214195251464844
2023-12-01,13,4.0360069274902344,5.2386474609375,6.1514339447021484,6.9596338272094727,7.777958869934082,8.6765327453613281,9.7270288467407227,11.123045921325684,13.483413696289062,4.0360069274902344,7.777958869934082,10.425037384033203,13.483413696289062
2023-12-01,21,4.4555644989013672,5.9018516540527344,7.0260505676269531,8.0539455413818359,9.1080856323242188,10.259646415710449,11.605276107788086,13.392783164978027,16.395246505737305,4.4555644989013672,9.1080856323242188,12.499029159545898,16.395246505737305
2023-12-01,35,4.7908363342285156,5.9658756256103516,6.9169330596923828,7.8203048706054688,8.7745742797851562,9.9178142547607422,11.323902130126953,13.282926559448242,16.741722106933594,4.7908363342285156,8.7745742797851562,12.303414344787598,16.741722106933594
2023-12-01,82,4.0877590179443359,4.6196813583374023,5.0032224655151367,5.3654098510742188,5.7347564697265625,6.1884651184082031,6.7965030670166016,7.7123565673828125,9.4766130447387695,4.0877590179443359,5.7347564697265625,7.254429817199707,9.4766130447387695
2023-12-02,11,4.4312305450439453,5.5405921936035156,6.4021358489990234,7.1911382675170898,7.9873456954956055,8.8415470123291016,9.8401660919189453,11.162744522094727,13.490880012512207,4.4312305450439453,7.9873456954956055,10.501455307006836,13.490880012512207
2023-12-02,12,0.53730678558349609,1.557647705078125,2.3441019058227539,3.0441265106201172,3.7404618263244629,4.4805974960327148,5.3438668251037598,6.4639286994934082,8.3016548156738281,0.53730678558349609,3.7404618263244629,5.903897762298584,8.3016548156738281
2023-12-02,13,3.3119525909423828,4.5092945098876953,5.4436283111572266,6.2685432434082031,7.114436149597168,8.0068941116333008,9.0198841094970703,10.323381423950195,12.499244689941406,3.3119525909423828,7.114436149597168,9.6716327667236328,12.499244689941406
2023-12-02,21,2.3005943298339844,3.8508262634277344,5.0853843688964844,6.1874923706054688,7.2948112487792969,8.4591302871704102,9.7954530715942383,11.533685684204102,14.40983772277832,2.3005943298339844,7.2948112487792969,10.664569854736328,14.40983772277832
2023-12-02,35,4.2571067810058594,5.4321041107177734,6.3745670318603516,7.2572250366210938,8.1838817596435547,9.2591648101806641,10.569942474365234,12.379186630249023,15.571046829223633,4.2571067810058594,8.1838817596435547,11.474564552307129,15.571046829223633
2023-12-02,82,3.1452083587646484,3.6853055953979492,4.0873489379882812,4.4544744491577148,4.8131818771362305,5.2212018966674805,5.737666130065918,6.5096855163574219,7.9786891937255859,3.1452083587646484,4.8131818771362305,6.1236758232116699,7.9786891937255859
2023-12-03,11,4.5928773880004883,5.6599025726318359,6.4620018005371094,7.1868200302124023,7.9202871322631836,8.7065267562866211,9.6397151947021484,10.876554489135742,13.056468963623047,4.5928773880004883,7.9202871322631836,10.258134841918945,13.056468963623047
2023-12-03,12,2.3019294738769531,3.4655742645263672,4.381169319152832,5.2164230346679688,6.0403447151184082,6.9079618453979492,7.9118556976318359,9.2285518646240234,11.353837966918945,2.3019294738769531,6.0403447151184082,8.5702037811279297,11.353837966918945
2023-12-03,13,4.394012451171875,5.8199176788330078,6.9079914093017578,7.8841485977172852,8.8942165374755859,9.9851131439208984,11.230347633361816,12.861203193664551,15.562692642211914,4.394012451171875,8.8942165374755859,12.045775413513184,15.562692642211914
2023-12-03,21,5.3957557678222656,7.2603855133056641,8.7314071655273438,10.077057838439941,11.431850433349609,12.870443344116211,14.512168884277344,16.654216766357422,20.142589569091797,5.3957557678222656,11.431850433349609,15.583192825317383,20.142589569091797
2023-12-03,35,4.9673309326171875,6.6753025054931641,8.0178203582763672,9.2524318695068359,10.521430969238281,11.962484359741211,13.658300399780273,15.932102203369141,19.809164047241211,4.9673309326171875,10.521430969238281,14.795201301574707,19.809164047241211
2023-12-03,82,3.5874929428100586,4.0987491607666016,4.4676742553710938,4.8239307403564453,5.179473876953125,5.601323127746582,6.1354141235351562,6.9352998733520508,8.4674015045166016,3.5874929428100586,5.179473876953125,6.5353569984436035,8.4674015045166016
2023-12-04,11,4.6441125869750977,5.6319818496704102,6.3712215423583984,7.0491104125976562,7.7432441711425781,8.5054826736450195,9.4218845367431641,10.662147521972656,12.87513256072998,4.6441125869750977,7.7432441711425781,10.04201602935791,12.87513256072998
2023-12-04,12,3.7191543579101562,4.8260579109191895,5.6541323661804199,6.4003725051879883,7.1346702575683594,7.9213628768920898,8.826573371887207,10.034457206726074,12.038666725158691,3.7191543579101562,7.1346702575683594,9.4305152893066406,12.038666725158691
2023-12-04,13,5.4628219604492188,6.6368417739868164,7.4418106079101562,8.1446771621704102,8.8815841674804688,9.7619562149047852,10.847211837768555,12.337906837463379,14.942697525024414,5.4628219604492188,8.8815841674804688,11.592559814453125,14.942697525024414
2023-12-04,21,5.5839977264404297,7.0314903259277344,8.0590629577636719,8.993290901184082,9.963252067565918,11.100271224975586,12.522292137145996,14.477509498596191,17.853239059448242,5.5839977264404297,9.963252067565918,13.499900817871094,17.853239059448242
2023-12-04,35,3.7823677062988281,5.1072216033935547,6.1081771850585938,7.0355682373046875,8.0445194244384766,9.2867317199707031,10.846633911132812,13.040185928344727,16.943836212158203,3.7823677062988281,8.0445194244384766,11.94340991973877,16.943836212158203
2023-12-04,82,3.6807022094726562,4.1895370483398438,4.5465965270996094,4.8865060806274414,5.2273073196411133,5.6356039047241211,6.1688957214355469,6.9863910675048828,8.5780792236328125,3.6807022094726562,5.2273073196411133,6.5776433944702148,8.5780792236328125
2023-12-05,11,6.1537666320800781,7.3178110122680664,8.1757946014404297,8.9506645202636719,9.7299795150756836,10.569797515869141,11.570257186889648,12.914525985717773,15.317896842956543,6.1537666320800781,9.7299795150756836,12.242391586303711,15.317896842956543
2023-12-05,12,3.3099422454833984,4.2596955299377441,4.9498434066772461,5.5621747970581055,6.1752614974975586,6.8557744026184082,7.6703848838806152,8.7626180648803711,10.606616973876953,3.3099422454833984,6.1752614974975586,8.2165012359619141,10.606616973876953
2023-12-05,13,4.9239368438720703,5.8586711883544922,6.4638204574584961,6.9846258163452148,7.5596332550048828,8.3222112655639648,9.3405647277832031,10.799845695495605,13.415011405944824,4.9239368438720703,7.5596332550048828,10.070205688476562,13.415011405944824
2023-12-05,21,4.9896106719970703,6.1231365203857422,6.8912296295166016,7.5800037384033203,8.3068447113037109,9.2234401702880859,10.447414398193359,12.175215721130371,15.224884986877441,4.9896106719970703,8.3068447113037109,11.311315536499023,15.224884986877441
2023-12-05,35,4.6826515197753906,5.7170276641845703,6.4881935119628906,7.2063503265380859,7.9975605010986328,8.9953651428222656,10.303445816040039,12.190652847290039,15.63127613067627,4.6826515197753906,7.9975605010986328,11.247049331665039,15.63127613067627
2023-12-05,82,3.8669853210449219,4.380375862121582,4.7445640563964844,5.0851898193359375,5.4286279678344727,5.8421297073364258,6.3894252777099609,7.2419538497924805,8.9374599456787109,3.8669853210449219,5.4286279678344727,6.8156895637512207,8.9374599456787109
2023-12-06,11,5.5781011581420898,6.6622791290283203,7.4733076095581055,8.1977005004882812,8.9304361343383789,9.7355136871337891,10.701814651489258,12.011310577392578,14.363979339599609,5.5781011581420898,8.9304361343383789,11.356562614440918,14.363979339599609
2023-12-06,12,2.7377939224243164,3.6241631507873535,4.2677617073059082,4.8306703567504883,5.389397144317627,6.012293815612793,6.7662596702575684,7.7773146629333496,9.4909687042236328,2.7377939224243164,5.389397144317627,7.271787166595459,9.4909687042236328
2023-12-06,13,4.9768104553222656,5.8790082931518555,6.4951858520507812,7.0278377532958984,7.6090803146362305,8.3592538833618164,9.3448371887207031,10.743483543395996,13.25926399230957,4.9768104553222656,7.6090803146362305,10.044160842895508,13.25926399230957
2023-12-06,21,4.9645957946777344,6.0506000518798828,6.8283920288085938,7.519683837890625,8.2444400787353516,9.1391687393188477,10.293473243713379,11.914297103881836,14.729962348937988,4.9645957946777344,8.2444400787353516,11.103885650634766,14.729962348937988
2023-12-06,35,4.0862979888916016,5.0735950469970703,5.7971229553222656,6.4688282012939453,7.17425537109375,8.0388813018798828,9.1633510589599609,10.819696426391602,13.9295654296875,4.0862979888916016,7.17425537109375,9.9915237426757812,13.9295654296875
2023-12-06,82,3.641627311706543,4.1171188354492188,4.4485406875610352,4.7740020751953125,5.11029052734375,5.5323705673217773,6.110626220703125,7.0257530212402344,8.8336248397827148,3.641627311706543,5.11029052734375,6.5681896209716797,8.8336248397827148
2023-12-07,11,5.2407722473144531,6.2160406112670898,6.9527463912963867,7.6182680130004883,8.2909879684448242,9.0259313583374023,9.9208269119262695,11.160255432128906,13.463896751403809,5.2407722473144531,8.2909879684448242,10.54054069519043,13.463896751403809
2023-12-07,12,3.0868330001831055,4.0484867095947266,4.7635116577148438,5.3927712440490723,6.0072293281555176,6.6654019355773926,7.4350509643554688,8.4509172439575195,10.157493591308594,3.0868330001831055,6.0072293281555176,7.9429841041564941,10.157493591308594
2023-12-07,13,4.4968147277832031,5.3556995391845703,6.0062627792358398,6.5934314727783203,7.2165584564208984,7.9615688323974609,8.9011802673339844,10.230073928833008,12.618786811828613,4.4968147277832031,7.2165584564208984,9.5656270980834961,12.618786811828613
2023-12-07,21,5.07135009765625,6.1661529541015625,6.9937381744384766,7.7585067749023438,8.5651416778564453,9.5298566818237305,10.729666709899902,12.402705192565918,15.345224380493164,5.07135009765625,8.5651416778564453,11.56618595123291,15.345224380493164
2023-12-07,35,4.6820087432861328,5.7016048431396484,6.4684314727783203,7.1891002655029297,7.9338665008544922,8.8277721405029297,9.9554634094238281,11.606010437011719,14.695138931274414,4.6820087432861328,7.9338665008544922,10.780736923217773,14.695138931274414
2023-12-07,82,3.9323949813842773,4.3803329467773438,4.6923189163208008,5.0008611679077148,5.3105354309082031,5.6913337707519531,6.2112655639648438,7.0350265502929688,8.6651735305786133,3.9323949813842773,5.3105354309082031,6.6231460571289062,8.6651735305786133
2023-12-08,11,4.6231040954589844,5.5919742584228516,6.329188346862793,6.999445915222168,7.6727933883666992,8.402216911315918,9.2862710952758789,10.500883102416992,12.696321487426758,4.6231040954589844,7.6727933883666992,9.8935775756835938,12.696321487426758
2023-12-08,12,1.9265670776367188,2.7099123001098633,3.2952737808227539,3.8210163116455078,4.3515257835388184,4.9355883598327637,5.6299152374267578,6.5752224922180176,8.1773843765258789,1.9265670776367188,4.3515257835388184,6.1025686264038086,8.1773843765258789
2023-12-08,13,4.6433753967285156,5.5512065887451172,6.2521486282348633,6.904052734375,7.5775718688964844,8.3343124389648438,9.2573118209838867,10.535149574279785,12.84599781036377,4.6433753967285156,7.5775718688964844,9.8962306976318359,12.84599781036377
2023-12-08,21,4.1470279693603516,5.4534530639648438,6.4767532348632812,7.4104213714599609,8.3625288009643555,9.3998355865478516,10.61776065826416,12.254159927368164,15.075543403625488,4.1470279693603516,8.3625288009643555,11.43596076965332,15.075543403625488
2023-12-08,35,5.4293327331542969,6.3784370422363281,7.10662841796875,7.8090152740478516,8.5358562469482422,9.4020557403564453,10.506065368652344,12.127542495727539,15.163881301879883,5.4293327331542969,8.5358562469482422,11.316803932189941,15.163881301879883
2023-12-08,82,3.1278057098388672,3.5984125137329102,3.9362726211547852,4.2574787139892578,4.5821971893310547,4.9627857208251953,5.4785995483398438,6.2903156280517578,7.8789863586425781,3.1278057098388672,4.5821971893310547,5.8844575881958008,7.8789863586425781
2023-12-09,11,5.5314311981201172,6.685302734375,7.5737285614013672,8.3847742080688477,9.1826238632202148,10.020847320556641,10.993954658508301,12.290197372436523,14.57122802734375,5.5314311981201172,9.1826238632202148,11.64207649230957,14.57122802734375
2023-12-09,12,2.3124513626098633,3.2853298187255859,4.0383038520812988,4.7137160301208496,5.3796510696411133,6.0697841644287109,6.839439868927002,7.8362236022949219,9.4650259017944336,2.3124513626098633,5.3796510696411133,7.3378314971923828,9.4650259017944336
2023-12-09,13,4.4498634338378906,5.4872760772705078,6.3095531463623047,7.0831403732299805,7.8849020004272461,8.7683486938476562,9.8214626312255859,11.240765571594238,13.724222183227539,4.4498634338378906,7.8849020004272461,10.53111457824707,13.724222183227539
2023-12-09,21,4.4019908905029297,6.0480213165283203,7.3620681762695312,8.5541954040527344,9.7600784301757812,11.040265083312988,12.523170471191406,14.470056533813477,17.679548263549805,4.4019908905029297,9.7600784301757812,13.496613502502441,17.679548263549805
2023-12-09,35,5.7679080963134766,6.8023910522460938,7.5998401641845703,8.3570690155029297,9.1379928588867188,10.052606582641602,11.208805084228516,12.869997024536133,15.930035591125488,5.7679080963134766,9.1379928588867188,12.039401054382324,15.930035591125488
2023-12-09,82,3.9999494552612305,4.865570068359375,5.5716114044189453,6.2854900360107422,7.0456666946411133,7.9789276123046875,9.2175693511962891,11.03260612487793,14.21880054473877,3.9999494552612305,7.0456666946411133,10.125087738037109,14.21880054473877
2023-12-10,11,6.3986501693725586,7.7047872543334961,8.7035970687866211,9.6168670654296875,10.505387306213379,11.444252967834473,12.531683921813965,13.972043991088867,16.474149703979492,6.3986501693725586,10.505387306213379,13.251863479614258,16.474149703979492
2023-12-10,12,3.0707788467407227,4.0665769577026367,4.831639289855957,5.5115094184875488,6.1773762702941895,6.8651270866394043,7.635279655456543,8.629725456237793,10.229781150817871,3.0707788467407227,6.1773762702941895,8.132502555847168,10.229781150817871
2023-12-10,13,6.3912677764892578,8.1360969543457031,9.567357063293457,10.958634376525879,12.418633460998535,14.096759796142578,16.191719055175781,19.10780143737793,24.019187927246094,6.3912677764892578,12.418633460998535,17.649761199951172,24.019187927246094
2023-12-10,21,7.2857208251953125,9.7634420394897461,11.804981231689453,13.743111610412598,15.70551872253418,17.852823257446289,20.431461334228516,23.933513641357422,29.661476135253906,7.2857208251953125,15.70551872253418,22.182487487792969,29.661476135253906
2023-12-10,35,6.5475749969482422,8.1147956848144531,9.3798065185546875,10.597414016723633,11.869277954101562,13.393545150756836,15.316835403442383,18.024251937866211,22.803670883178711,6.5475749969482422,11.869277954101562,16.670543670654297,22.803670883178711
2023-12-10,82,4.7568235397338867,5.7078771591186523,6.4839878082275391,7.2539253234863281,8.0489997863769531,8.9965200424194336,10.191091537475586,11.897221565246582,14.883915901184082,4.7568235397338867,8.0489997863769531,11.044157028198242,14.883915901184082
2023-12-11,11,7.0009393692016602,8.3404407501220703,9.3436708450317383,10.252382278442383,11.138442993164062,12.079801559448242,13.182866096496582,14.642979621887207,17.224708557128906,7.0009393692016602,11.138442993164062,13.912922859191895,17.224708557128906
2023-12-11,12,3.5043621063232422,4.4808411598205566,5.2102065086364746,5.8519802093505859,6.4795169830322266,7.1386923789978027,7.889338493347168,8.8642492294311523,10.432652473449707,3.5043621063232422,6.4795169830322266,8.3767938613891602,10.432652473449707
2023-12-11,13,8.6205358505249023,10.434653282165527,11.814445495605469,13.103057861328125,14.409181594848633,15.903044700622559,17.743947982788086,20.260469436645508,24.569351196289062,8.6205358505249023,14.409181594848633,19.002208709716797,24.569351196289062
2023-12-11,21,7.6416587829589844,9.3932819366455078,10.704094886779785,11.912294387817383,13.139718055725098,14.543184280395508,16.223068237304688,18.484947204589844,22.266183853149414,7.6416587829589844,13.139718055725098,17.354007720947266,22.266183853149414
2023-12-11,35,7.0150585174560547,8.2612743377685547,9.2229156494140625,10.128330230712891,11.09770393371582,12.270994186401367,13.74168586730957,15.82314395904541,19.616218566894531,7.0150585174560547,11.09770393371582,14.782415390014648,19.616218566894531
2023-12-11,82,5.0866909027099609,5.9844818115234375,6.677454948425293,7.3397417068481445,8.0078334808349609,8.7803783416748047,9.7065830230712891,11.017107009887695,13.389110565185547,5.0866909027099609,8.0078334808349609,10.361845016479492,13.389110565185547
